starting_full_crawl_loop 2026-06-10T15:22:23Z
2026-06-10 16:22:23,894 INFO services.account_scanner Starting account scan (collect_limit=ALL, max_accounts=None)
2026-06-10 16:22:24,627 INFO httpx HTTP Request: POST https://private-users-mcp.query.prod.telnyx.io:3000/mcp "HTTP/1.1 200 OK"
2026-06-10 16:22:24,628 INFO services.mcp_client MCP session initialized: {'name': 'private-users-mcp', 'version': '3.2.0'}
2026-06-10 16:22:24,767 INFO httpx HTTP Request: POST https://private-users-mcp.query.prod.telnyx.io:3000/mcp "HTTP/1.1 406 Not Acceptable"
2026-06-10 16:22:24,768 INFO services.account_scanner MCP session established
2026-06-10 16:22:25,363 INFO httpx HTTP Request: POST https://private-users-mcp.query.prod.telnyx.io:3000/mcp "HTTP/1.1 200 OK"
2026-06-10 16:22:25,946 INFO services.account_scanner Page 1: fetched 100 users, 20 collectible, 20 total candidates
2026-06-10 16:22:26,410 INFO httpx HTTP Request: POST https://private-users-mcp.query.prod.telnyx.io:3000/mcp "HTTP/1.1 200 OK"
2026-06-10 16:22:26,584 INFO services.account_scanner Page 2: fetched 100 users, 36 collectible, 56 total candidates
2026-06-10 16:22:27,018 INFO httpx HTTP Request: POST https://private-users-mcp.query.prod.telnyx.io:3000/mcp "HTTP/1.1 200 OK"
2026-06-10 16:22:27,178 INFO services.account_scanner Page 3: fetched 100 users, 31 collectible, 87 total candidates
2026-06-10 16:22:27,638 INFO httpx HTTP Request: POST https://private-users-mcp.query.prod.telnyx.io:3000/mcp "HTTP/1.1 200 OK"
2026-06-10 16:22:27,791 INFO services.account_scanner Page 4: fetched 100 users, 20 collectible, 107 total candidates
2026-06-10 16:22:28,282 INFO httpx HTTP Request: POST https://private-users-mcp.query.prod.telnyx.io:3000/mcp "HTTP/1.1 200 OK"
2026-06-10 16:22:28,432 INFO services.account_scanner Page 5: fetched 100 users, 15 collectible, 122 total candidates
2026-06-10 16:22:28,891 INFO httpx HTTP Request: POST https://private-users-mcp.query.prod.telnyx.io:3000/mcp "HTTP/1.1 200 OK"
2026-06-10 16:22:29,036 INFO services.account_scanner Page 6: fetched 100 users, 13 collectible, 135 total candidates
2026-06-10 16:22:29,494 INFO httpx HTTP Request: POST https://private-users-mcp.query.prod.telnyx.io:3000/mcp "HTTP/1.1 200 OK"
2026-06-10 16:22:29,905 INFO services.account_scanner Page 7: fetched 100 users, 20 collectible, 155 total candidates
2026-06-10 16:22:30,387 INFO httpx HTTP Request: POST https://private-users-mcp.query.prod.telnyx.io:3000/mcp "HTTP/1.1 200 OK"
2026-06-10 16:22:30,552 INFO services.account_scanner Page 8: fetched 100 users, 21 collectible, 176 total candidates
2026-06-10 16:22:30,985 INFO httpx HTTP Request: POST https://private-users-mcp.query.prod.telnyx.io:3000/mcp "HTTP/1.1 200 OK"
2026-06-10 16:22:31,148 INFO services.account_scanner Page 9: fetched 100 users, 10 collectible, 186 total candidates
2026-06-10 16:22:31,589 INFO httpx HTTP Request: POST https://private-users-mcp.query.prod.telnyx.io:3000/mcp "HTTP/1.1 200 OK"
2026-06-10 16:22:31,749 INFO services.account_scanner Page 10: fetched 100 users, 9 collectible, 195 total candidates
2026-06-10 16:22:32,177 INFO httpx HTTP Request: POST https://private-users-mcp.query.prod.telnyx.io:3000/mcp "HTTP/1.1 200 OK"
2026-06-10 16:22:32,341 INFO services.account_scanner Page 11: fetched 100 users, 11 collectible, 206 total candidates
2026-06-10 16:22:32,773 INFO httpx HTTP Request: POST https://private-users-mcp.query.prod.telnyx.io:3000/mcp "HTTP/1.1 200 OK"
2026-06-10 16:22:32,935 INFO services.account_scanner Page 12: fetched 100 users, 4 collectible, 210 total candidates
2026-06-10 16:22:33,413 INFO httpx HTTP Request: POST https://private-users-mcp.query.prod.telnyx.io:3000/mcp "HTTP/1.1 200 OK"
2026-06-10 16:22:33,573 INFO services.account_scanner Page 13: fetched 100 users, 6 collectible, 216 total candidates
2026-06-10 16:22:33,997 INFO httpx HTTP Request: POST https://private-users-mcp.query.prod.telnyx.io:3000/mcp "HTTP/1.1 200 OK"
2026-06-10 16:22:34,156 INFO services.account_scanner Page 14: fetched 100 users, 6 collectible, 222 total candidates
2026-06-10 16:22:34,597 INFO httpx HTTP Request: POST https://private-users-mcp.query.prod.telnyx.io:3000/mcp "HTTP/1.1 200 OK"
2026-06-10 16:22:34,765 INFO services.account_scanner Page 15: fetched 100 users, 11 collectible, 233 total candidates
2026-06-10 16:22:35,189 INFO httpx HTTP Request: POST https://private-users-mcp.query.prod.telnyx.io:3000/mcp "HTTP/1.1 200 OK"
2026-06-10 16:22:35,348 INFO services.account_scanner Page 16: fetched 100 users, 10 collectible, 243 total candidates
2026-06-10 16:22:35,775 INFO httpx HTTP Request: POST https://private-users-mcp.query.prod.telnyx.io:3000/mcp "HTTP/1.1 200 OK"
2026-06-10 16:22:35,932 INFO services.account_scanner Page 17: fetched 100 users, 8 collectible, 251 total candidates
2026-06-10 16:22:36,880 INFO httpx HTTP Request: POST https://private-users-mcp.query.prod.telnyx.io:3000/mcp "HTTP/1.1 200 OK"
2026-06-10 16:22:37,055 INFO services.account_scanner Page 18: fetched 100 users, 6 collectible, 257 total candidates
2026-06-10 16:22:37,517 INFO httpx HTTP Request: POST https://private-users-mcp.query.prod.telnyx.io:3000/mcp "HTTP/1.1 200 OK"
2026-06-10 16:22:37,680 INFO services.account_scanner Page 19: fetched 100 users, 11 collectible, 268 total candidates
2026-06-10 16:22:38,115 INFO httpx HTTP Request: POST https://private-users-mcp.query.prod.telnyx.io:3000/mcp "HTTP/1.1 200 OK"
2026-06-10 16:22:38,272 INFO services.account_scanner Page 20: fetched 100 users, 18 collectible, 286 total candidates
2026-06-10 16:22:38,713 INFO httpx HTTP Request: POST https://private-users-mcp.query.prod.telnyx.io:3000/mcp "HTTP/1.1 200 OK"
2026-06-10 16:22:38,875 INFO services.account_scanner Page 21: fetched 100 users, 14 collectible, 300 total candidates
2026-06-10 16:22:39,309 INFO httpx HTTP Request: POST https://private-users-mcp.query.prod.telnyx.io:3000/mcp "HTTP/1.1 200 OK"
2026-06-10 16:22:39,475 INFO services.account_scanner Page 22: fetched 100 users, 30 collectible, 330 total candidates
2026-06-10 16:22:39,902 INFO httpx HTTP Request: POST https://private-users-mcp.query.prod.telnyx.io:3000/mcp "HTTP/1.1 200 OK"
2026-06-10 16:22:40,061 INFO services.account_scanner Page 23: fetched 100 users, 23 collectible, 353 total candidates
2026-06-10 16:22:40,516 INFO httpx HTTP Request: POST https://private-users-mcp.query.prod.telnyx.io:3000/mcp "HTTP/1.1 200 OK"
2026-06-10 16:22:40,684 INFO services.account_scanner Page 24: fetched 100 users, 30 collectible, 383 total candidates
2026-06-10 16:22:41,133 INFO httpx HTTP Request: POST https://private-users-mcp.query.prod.telnyx.io:3000/mcp "HTTP/1.1 200 OK"
2026-06-10 16:22:41,293 INFO services.account_scanner Page 25: fetched 100 users, 19 collectible, 402 total candidates
2026-06-10 16:22:41,760 INFO httpx HTTP Request: POST https://private-users-mcp.query.prod.telnyx.io:3000/mcp "HTTP/1.1 200 OK"
2026-06-10 16:22:41,921 INFO services.account_scanner Page 26: fetched 100 users, 35 collectible, 437 total candidates
2026-06-10 16:22:42,352 INFO httpx HTTP Request: POST https://private-users-mcp.query.prod.telnyx.io:3000/mcp "HTTP/1.1 200 OK"
2026-06-10 16:22:42,514 INFO services.account_scanner Page 27: fetched 100 users, 30 collectible, 467 total candidates
2026-06-10 16:22:42,943 INFO httpx HTTP Request: POST https://private-users-mcp.query.prod.telnyx.io:3000/mcp "HTTP/1.1 200 OK"
2026-06-10 16:22:43,093 INFO services.account_scanner Page 28: fetched 100 users, 35 collectible, 502 total candidates
2026-06-10 16:22:43,539 INFO httpx HTTP Request: POST https://private-users-mcp.query.prod.telnyx.io:3000/mcp "HTTP/1.1 200 OK"
2026-06-10 16:22:43,705 INFO services.account_scanner Page 29: fetched 100 users, 27 collectible, 529 total candidates
2026-06-10 16:22:44,193 INFO httpx HTTP Request: POST https://private-users-mcp.query.prod.telnyx.io:3000/mcp "HTTP/1.1 200 OK"
2026-06-10 16:22:44,355 INFO services.account_scanner Page 30: fetched 100 users, 23 collectible, 552 total candidates
2026-06-10 16:22:44,822 INFO httpx HTTP Request: POST https://private-users-mcp.query.prod.telnyx.io:3000/mcp "HTTP/1.1 200 OK"
2026-06-10 16:22:44,987 INFO services.account_scanner Page 31: fetched 100 users, 36 collectible, 588 total candidates
2026-06-10 16:22:45,437 INFO httpx HTTP Request: POST https://private-users-mcp.query.prod.telnyx.io:3000/mcp "HTTP/1.1 200 OK"
2026-06-10 16:22:45,607 INFO services.account_scanner Page 32: fetched 100 users, 21 collectible, 609 total candidates
2026-06-10 16:22:46,049 INFO httpx HTTP Request: POST https://private-users-mcp.query.prod.telnyx.io:3000/mcp "HTTP/1.1 200 OK"
2026-06-10 16:22:46,207 INFO services.account_scanner Page 33: fetched 100 users, 18 collectible, 627 total candidates
2026-06-10 16:22:46,694 INFO httpx HTTP Request: POST https://private-users-mcp.query.prod.telnyx.io:3000/mcp "HTTP/1.1 200 OK"
2026-06-10 16:22:46,861 INFO services.account_scanner Page 34: fetched 100 users, 20 collectible, 647 total candidates
2026-06-10 16:22:47,328 INFO httpx HTTP Request: POST https://private-users-mcp.query.prod.telnyx.io:3000/mcp "HTTP/1.1 200 OK"
2026-06-10 16:22:47,490 INFO services.account_scanner Page 35: fetched 100 users, 22 collectible, 669 total candidates
2026-06-10 16:22:47,924 INFO httpx HTTP Request: POST https://private-users-mcp.query.prod.telnyx.io:3000/mcp "HTTP/1.1 200 OK"
2026-06-10 16:22:48,082 INFO services.account_scanner Page 36: fetched 100 users, 30 collectible, 699 total candidates
2026-06-10 16:22:48,558 INFO httpx HTTP Request: POST https://private-users-mcp.query.prod.telnyx.io:3000/mcp "HTTP/1.1 200 OK"
2026-06-10 16:22:48,715 INFO services.account_scanner Page 37: fetched 100 users, 23 collectible, 722 total candidates
2026-06-10 16:22:49,180 INFO httpx HTTP Request: POST https://private-users-mcp.query.prod.telnyx.io:3000/mcp "HTTP/1.1 200 OK"
2026-06-10 16:22:49,339 INFO services.account_scanner Page 38: fetched 100 users, 39 collectible, 761 total candidates
2026-06-10 16:22:49,784 INFO httpx HTTP Request: POST https://private-users-mcp.query.prod.telnyx.io:3000/mcp "HTTP/1.1 200 OK"
2026-06-10 16:22:49,951 INFO services.account_scanner Page 39: fetched 100 users, 23 collectible, 784 total candidates
2026-06-10 16:22:50,463 INFO httpx HTTP Request: POST https://private-users-mcp.query.prod.telnyx.io:3000/mcp "HTTP/1.1 200 OK"
2026-06-10 16:22:50,623 INFO services.account_scanner Page 40: fetched 100 users, 22 collectible, 806 total candidates
2026-06-10 16:22:51,228 INFO httpx HTTP Request: POST https://private-users-mcp.query.prod.telnyx.io:3000/mcp "HTTP/1.1 200 OK"
2026-06-10 16:22:51,388 INFO services.account_scanner Page 41: fetched 100 users, 17 collectible, 823 total candidates
2026-06-10 16:22:51,890 INFO httpx HTTP Request: POST https://private-users-mcp.query.prod.telnyx.io:3000/mcp "HTTP/1.1 200 OK"
2026-06-10 16:22:52,045 INFO services.account_scanner Page 42: fetched 100 users, 14 collectible, 837 total candidates
2026-06-10 16:22:52,481 INFO httpx HTTP Request: POST https://private-users-mcp.query.prod.telnyx.io:3000/mcp "HTTP/1.1 200 OK"
2026-06-10 16:22:52,643 INFO services.account_scanner Page 43: fetched 100 users, 11 collectible, 848 total candidates
2026-06-10 16:22:53,069 INFO httpx HTTP Request: POST https://private-users-mcp.query.prod.telnyx.io:3000/mcp "HTTP/1.1 200 OK"
2026-06-10 16:22:53,228 INFO services.account_scanner Page 44: fetched 100 users, 17 collectible, 865 total candidates
2026-06-10 16:22:53,655 INFO httpx HTTP Request: POST https://private-users-mcp.query.prod.telnyx.io:3000/mcp "HTTP/1.1 200 OK"
2026-06-10 16:22:53,810 INFO services.account_scanner Page 45: fetched 100 users, 8 collectible, 873 total candidates
2026-06-10 16:22:54,307 INFO httpx HTTP Request: POST https://private-users-mcp.query.prod.telnyx.io:3000/mcp "HTTP/1.1 200 OK"
2026-06-10 16:22:54,468 INFO services.account_scanner Page 46: fetched 100 users, 11 collectible, 884 total candidates
2026-06-10 16:22:54,927 INFO httpx HTTP Request: POST https://private-users-mcp.query.prod.telnyx.io:3000/mcp "HTTP/1.1 200 OK"
2026-06-10 16:22:55,085 INFO services.account_scanner Page 47: fetched 100 users, 13 collectible, 897 total candidates
2026-06-10 16:22:55,507 INFO httpx HTTP Request: POST https://private-users-mcp.query.prod.telnyx.io:3000/mcp "HTTP/1.1 200 OK"
2026-06-10 16:22:55,663 INFO services.account_scanner Page 48: fetched 100 users, 11 collectible, 908 total candidates
2026-06-10 16:22:56,098 INFO httpx HTTP Request: POST https://private-users-mcp.query.prod.telnyx.io:3000/mcp "HTTP/1.1 200 OK"
2026-06-10 16:22:56,257 INFO services.account_scanner Page 49: fetched 100 users, 13 collectible, 921 total candidates
2026-06-10 16:22:56,700 INFO httpx HTTP Request: POST https://private-users-mcp.query.prod.telnyx.io:3000/mcp "HTTP/1.1 200 OK"
2026-06-10 16:22:56,862 INFO services.account_scanner Page 50: fetched 100 users, 13 collectible, 934 total candidates
2026-06-10 16:22:57,356 INFO httpx HTTP Request: POST https://private-users-mcp.query.prod.telnyx.io:3000/mcp "HTTP/1.1 200 OK"
2026-06-10 16:22:57,516 INFO services.account_scanner Page 51: fetched 100 users, 16 collectible, 950 total candidates
2026-06-10 16:22:57,956 INFO httpx HTTP Request: POST https://private-users-mcp.query.prod.telnyx.io:3000/mcp "HTTP/1.1 200 OK"
2026-06-10 16:22:58,120 INFO services.account_scanner Page 52: fetched 100 users, 16 collectible, 966 total candidates
2026-06-10 16:22:58,553 INFO httpx HTTP Request: POST https://private-users-mcp.query.prod.telnyx.io:3000/mcp "HTTP/1.1 200 OK"
2026-06-10 16:22:58,709 INFO services.account_scanner Page 53: fetched 100 users, 11 collectible, 977 total candidates
2026-06-10 16:22:59,147 INFO httpx HTTP Request: POST https://private-users-mcp.query.prod.telnyx.io:3000/mcp "HTTP/1.1 200 OK"
2026-06-10 16:22:59,301 INFO services.account_scanner Page 54: fetched 100 users, 10 collectible, 987 total candidates
2026-06-10 16:22:59,760 INFO httpx HTTP Request: POST https://private-users-mcp.query.prod.telnyx.io:3000/mcp "HTTP/1.1 200 OK"
2026-06-10 16:22:59,921 INFO services.account_scanner Page 55: fetched 100 users, 30 collectible, 1017 total candidates
2026-06-10 16:23:00,449 INFO httpx HTTP Request: POST https://private-users-mcp.query.prod.telnyx.io:3000/mcp "HTTP/1.1 200 OK"
2026-06-10 16:23:00,607 INFO services.account_scanner Page 56: fetched 100 users, 31 collectible, 1048 total candidates
2026-06-10 16:23:01,080 INFO httpx HTTP Request: POST https://private-users-mcp.query.prod.telnyx.io:3000/mcp "HTTP/1.1 200 OK"
2026-06-10 16:23:01,233 INFO services.account_scanner Page 57: fetched 100 users, 37 collectible, 1085 total candidates
2026-06-10 16:23:01,688 INFO httpx HTTP Request: POST https://private-users-mcp.query.prod.telnyx.io:3000/mcp "HTTP/1.1 200 OK"
2026-06-10 16:23:01,847 INFO services.account_scanner Page 58: fetched 100 users, 39 collectible, 1124 total candidates
2026-06-10 16:23:02,306 INFO httpx HTTP Request: POST https://private-users-mcp.query.prod.telnyx.io:3000/mcp "HTTP/1.1 200 OK"
2026-06-10 16:23:02,469 INFO services.account_scanner Page 59: fetched 100 users, 19 collectible, 1143 total candidates
2026-06-10 16:23:02,987 INFO httpx HTTP Request: POST https://private-users-mcp.query.prod.telnyx.io:3000/mcp "HTTP/1.1 200 OK"
2026-06-10 16:23:03,148 INFO services.account_scanner Page 60: fetched 100 users, 29 collectible, 1172 total candidates
2026-06-10 16:23:03,602 INFO httpx HTTP Request: POST https://private-users-mcp.query.prod.telnyx.io:3000/mcp "HTTP/1.1 200 OK"
2026-06-10 16:23:03,757 INFO services.account_scanner Page 61: fetched 100 users, 28 collectible, 1200 total candidates
2026-06-10 16:23:04,232 INFO httpx HTTP Request: POST https://private-users-mcp.query.prod.telnyx.io:3000/mcp "HTTP/1.1 200 OK"
2026-06-10 16:23:04,388 INFO services.account_scanner Page 62: fetched 100 users, 32 collectible, 1232 total candidates
2026-06-10 16:23:04,835 INFO httpx HTTP Request: POST https://private-users-mcp.query.prod.telnyx.io:3000/mcp "HTTP/1.1 200 OK"
2026-06-10 16:23:04,995 INFO services.account_scanner Page 63: fetched 100 users, 43 collectible, 1275 total candidates
2026-06-10 16:23:05,486 INFO httpx HTTP Request: POST https://private-users-mcp.query.prod.telnyx.io:3000/mcp "HTTP/1.1 200 OK"
2026-06-10 16:23:05,643 INFO services.account_scanner Page 64: fetched 100 users, 44 collectible, 1319 total candidates
2026-06-10 16:23:06,087 INFO httpx HTTP Request: POST https://private-users-mcp.query.prod.telnyx.io:3000/mcp "HTTP/1.1 200 OK"
2026-06-10 16:23:06,255 INFO services.account_scanner Page 65: fetched 100 users, 22 collectible, 1341 total candidates
2026-06-10 16:23:06,715 INFO httpx HTTP Request: POST https://private-users-mcp.query.prod.telnyx.io:3000/mcp "HTTP/1.1 200 OK"
2026-06-10 16:23:06,869 INFO services.account_scanner Page 66: fetched 100 users, 40 collectible, 1381 total candidates
2026-06-10 16:23:07,358 INFO httpx HTTP Request: POST https://private-users-mcp.query.prod.telnyx.io:3000/mcp "HTTP/1.1 200 OK"
2026-06-10 16:23:07,518 INFO services.account_scanner Page 67: fetched 100 users, 31 collectible, 1412 total candidates
2026-06-10 16:23:07,995 INFO httpx HTTP Request: POST https://private-users-mcp.query.prod.telnyx.io:3000/mcp "HTTP/1.1 200 OK"
2026-06-10 16:23:08,157 INFO services.account_scanner Page 68: fetched 100 users, 22 collectible, 1434 total candidates
2026-06-10 16:23:08,625 INFO httpx HTTP Request: POST https://private-users-mcp.query.prod.telnyx.io:3000/mcp "HTTP/1.1 200 OK"
2026-06-10 16:23:08,785 INFO services.account_scanner Page 69: fetched 100 users, 25 collectible, 1459 total candidates
2026-06-10 16:23:09,277 INFO httpx HTTP Request: POST https://private-users-mcp.query.prod.telnyx.io:3000/mcp "HTTP/1.1 200 OK"
2026-06-10 16:23:09,436 INFO services.account_scanner Page 70: fetched 100 users, 18 collectible, 1477 total candidates
2026-06-10 16:23:10,010 INFO httpx HTTP Request: POST https://private-users-mcp.query.prod.telnyx.io:3000/mcp "HTTP/1.1 200 OK"
2026-06-10 16:23:10,169 INFO services.account_scanner Page 71: fetched 100 users, 19 collectible, 1496 total candidates
2026-06-10 16:23:10,663 INFO httpx HTTP Request: POST https://private-users-mcp.query.prod.telnyx.io:3000/mcp "HTTP/1.1 200 OK"
2026-06-10 16:23:10,823 INFO services.account_scanner Page 72: fetched 100 users, 12 collectible, 1508 total candidates
2026-06-10 16:23:11,256 INFO httpx HTTP Request: POST https://private-users-mcp.query.prod.telnyx.io:3000/mcp "HTTP/1.1 200 OK"
2026-06-10 16:23:11,410 INFO services.account_scanner Page 73: fetched 100 users, 12 collectible, 1520 total candidates
2026-06-10 16:23:11,880 INFO httpx HTTP Request: POST https://private-users-mcp.query.prod.telnyx.io:3000/mcp "HTTP/1.1 200 OK"
2026-06-10 16:23:12,036 INFO services.account_scanner Page 74: fetched 100 users, 9 collectible, 1529 total candidates
2026-06-10 16:23:12,470 INFO httpx HTTP Request: POST https://private-users-mcp.query.prod.telnyx.io:3000/mcp "HTTP/1.1 200 OK"
2026-06-10 16:23:12,629 INFO services.account_scanner Page 75: fetched 100 users, 10 collectible, 1539 total candidates
2026-06-10 16:23:13,089 INFO httpx HTTP Request: POST https://private-users-mcp.query.prod.telnyx.io:3000/mcp "HTTP/1.1 200 OK"
2026-06-10 16:23:13,252 INFO services.account_scanner Page 76: fetched 100 users, 13 collectible, 1552 total candidates
2026-06-10 16:23:13,716 INFO httpx HTTP Request: POST https://private-users-mcp.query.prod.telnyx.io:3000/mcp "HTTP/1.1 200 OK"
2026-06-10 16:23:13,871 INFO services.account_scanner Page 77: fetched 100 users, 9 collectible, 1561 total candidates
2026-06-10 16:23:14,312 INFO httpx HTTP Request: POST https://private-users-mcp.query.prod.telnyx.io:3000/mcp "HTTP/1.1 200 OK"
2026-06-10 16:23:14,470 INFO services.account_scanner Page 78: fetched 100 users, 8 collectible, 1569 total candidates
2026-06-10 16:23:14,951 INFO httpx HTTP Request: POST https://private-users-mcp.query.prod.telnyx.io:3000/mcp "HTTP/1.1 200 OK"
2026-06-10 16:23:15,110 INFO services.account_scanner Page 79: fetched 100 users, 12 collectible, 1581 total candidates
2026-06-10 16:23:15,544 INFO httpx HTTP Request: POST https://private-users-mcp.query.prod.telnyx.io:3000/mcp "HTTP/1.1 200 OK"
2026-06-10 16:23:15,699 INFO services.account_scanner Page 80: fetched 100 users, 15 collectible, 1596 total candidates
2026-06-10 16:23:16,136 INFO httpx HTTP Request: POST https://private-users-mcp.query.prod.telnyx.io:3000/mcp "HTTP/1.1 200 OK"
2026-06-10 16:23:16,298 INFO services.account_scanner Page 81: fetched 100 users, 13 collectible, 1609 total candidates
2026-06-10 16:23:16,739 INFO httpx HTTP Request: POST https://private-users-mcp.query.prod.telnyx.io:3000/mcp "HTTP/1.1 200 OK"
2026-06-10 16:23:16,896 INFO services.account_scanner Page 82: fetched 100 users, 5 collectible, 1614 total candidates
2026-06-10 16:23:17,326 INFO httpx HTTP Request: POST https://private-users-mcp.query.prod.telnyx.io:3000/mcp "HTTP/1.1 200 OK"
2026-06-10 16:23:17,482 INFO services.account_scanner Page 83: fetched 100 users, 5 collectible, 1619 total candidates
2026-06-10 16:23:17,979 INFO httpx HTTP Request: POST https://private-users-mcp.query.prod.telnyx.io:3000/mcp "HTTP/1.1 200 OK"
2026-06-10 16:23:18,133 INFO services.account_scanner Page 84: fetched 100 users, 7 collectible, 1626 total candidates
2026-06-10 16:23:18,585 INFO httpx HTTP Request: POST https://private-users-mcp.query.prod.telnyx.io:3000/mcp "HTTP/1.1 200 OK"
2026-06-10 16:23:18,751 INFO services.account_scanner Page 85: fetched 100 users, 26 collectible, 1652 total candidates
2026-06-10 16:23:19,239 INFO httpx HTTP Request: POST https://private-users-mcp.query.prod.telnyx.io:3000/mcp "HTTP/1.1 200 OK"
2026-06-10 16:23:19,403 INFO services.account_scanner Page 86: fetched 100 users, 31 collectible, 1683 total candidates
2026-06-10 16:23:20,036 INFO httpx HTTP Request: POST https://private-users-mcp.query.prod.telnyx.io:3000/mcp "HTTP/1.1 200 OK"
2026-06-10 16:23:20,196 INFO services.account_scanner Page 87: fetched 100 users, 17 collectible, 1700 total candidates
2026-06-10 16:23:20,685 INFO httpx HTTP Request: POST https://private-users-mcp.query.prod.telnyx.io:3000/mcp "HTTP/1.1 200 OK"
2026-06-10 16:23:20,851 INFO services.account_scanner Page 88: fetched 100 users, 21 collectible, 1721 total candidates
2026-06-10 16:23:21,307 INFO httpx HTTP Request: POST https://private-users-mcp.query.prod.telnyx.io:3000/mcp "HTTP/1.1 200 OK"
2026-06-10 16:23:21,466 INFO services.account_scanner Page 89: fetched 100 users, 20 collectible, 1741 total candidates
2026-06-10 16:23:21,943 INFO httpx HTTP Request: POST https://private-users-mcp.query.prod.telnyx.io:3000/mcp "HTTP/1.1 200 OK"
2026-06-10 16:23:22,105 INFO services.account_scanner Page 90: fetched 100 users, 24 collectible, 1765 total candidates
2026-06-10 16:23:22,603 INFO httpx HTTP Request: POST https://private-users-mcp.query.prod.telnyx.io:3000/mcp "HTTP/1.1 200 OK"
2026-06-10 16:23:22,761 INFO services.account_scanner Page 91: fetched 100 users, 28 collectible, 1793 total candidates
2026-06-10 16:23:23,229 INFO httpx HTTP Request: POST https://private-users-mcp.query.prod.telnyx.io:3000/mcp "HTTP/1.1 200 OK"
2026-06-10 16:23:23,383 INFO services.account_scanner Page 92: fetched 100 users, 15 collectible, 1808 total candidates
2026-06-10 16:23:23,913 INFO httpx HTTP Request: POST https://private-users-mcp.query.prod.telnyx.io:3000/mcp "HTTP/1.1 200 OK"
2026-06-10 16:23:24,076 INFO services.account_scanner Page 93: fetched 100 users, 6 collectible, 1814 total candidates
2026-06-10 16:23:24,532 INFO httpx HTTP Request: POST https://private-users-mcp.query.prod.telnyx.io:3000/mcp "HTTP/1.1 200 OK"
2026-06-10 16:23:24,697 INFO services.account_scanner Page 94: fetched 100 users, 12 collectible, 1826 total candidates
2026-06-10 16:23:25,262 INFO httpx HTTP Request: POST https://private-users-mcp.query.prod.telnyx.io:3000/mcp "HTTP/1.1 200 OK"
2026-06-10 16:23:25,425 INFO services.account_scanner Page 95: fetched 100 users, 42 collectible, 1868 total candidates
2026-06-10 16:23:25,954 INFO httpx HTTP Request: POST https://private-users-mcp.query.prod.telnyx.io:3000/mcp "HTTP/1.1 200 OK"
2026-06-10 16:23:26,109 INFO services.account_scanner Page 96: fetched 100 users, 26 collectible, 1894 total candidates
2026-06-10 16:23:26,876 INFO httpx HTTP Request: POST https://private-users-mcp.query.prod.telnyx.io:3000/mcp "HTTP/1.1 200 OK"
2026-06-10 16:23:27,053 INFO services.account_scanner Page 97: fetched 100 users, 5 collectible, 1899 total candidates
2026-06-10 16:23:27,556 INFO httpx HTTP Request: POST https://private-users-mcp.query.prod.telnyx.io:3000/mcp "HTTP/1.1 200 OK"
2026-06-10 16:23:27,715 INFO services.account_scanner Page 98: fetched 100 users, 7 collectible, 1906 total candidates
2026-06-10 16:23:28,161 INFO httpx HTTP Request: POST https://private-users-mcp.query.prod.telnyx.io:3000/mcp "HTTP/1.1 200 OK"
2026-06-10 16:23:28,319 INFO services.account_scanner Page 99: fetched 100 users, 1 collectible, 1907 total candidates
2026-06-10 16:23:28,760 INFO httpx HTTP Request: POST https://private-users-mcp.query.prod.telnyx.io:3000/mcp "HTTP/1.1 200 OK"
2026-06-10 16:23:28,917 INFO services.account_scanner Page 100: fetched 100 users, 9 collectible, 1916 total candidates
2026-06-10 16:23:29,383 INFO httpx HTTP Request: POST https://private-users-mcp.query.prod.telnyx.io:3000/mcp "HTTP/1.1 200 OK"
2026-06-10 16:23:29,546 INFO services.account_scanner Page 101: fetched 100 users, 10 collectible, 1926 total candidates
2026-06-10 16:23:30,027 INFO httpx HTTP Request: POST https://private-users-mcp.query.prod.telnyx.io:3000/mcp "HTTP/1.1 200 OK"
2026-06-10 16:23:30,183 INFO services.account_scanner Page 102: fetched 100 users, 13 collectible, 1939 total candidates
2026-06-10 16:23:30,733 INFO httpx HTTP Request: POST https://private-users-mcp.query.prod.telnyx.io:3000/mcp "HTTP/1.1 200 OK"
2026-06-10 16:23:30,889 INFO services.account_scanner Page 103: fetched 100 users, 11 collectible, 1950 total candidates
2026-06-10 16:23:31,335 INFO httpx HTTP Request: POST https://private-users-mcp.query.prod.telnyx.io:3000/mcp "HTTP/1.1 200 OK"
2026-06-10 16:23:31,489 INFO services.account_scanner Page 104: fetched 100 users, 6 collectible, 1956 total candidates
2026-06-10 16:23:31,946 INFO httpx HTTP Request: POST https://private-users-mcp.query.prod.telnyx.io:3000/mcp "HTTP/1.1 200 OK"
2026-06-10 16:23:32,104 INFO services.account_scanner Page 105: fetched 100 users, 8 collectible, 1964 total candidates
2026-06-10 16:23:32,547 INFO httpx HTTP Request: POST https://private-users-mcp.query.prod.telnyx.io:3000/mcp "HTTP/1.1 200 OK"
2026-06-10 16:23:32,705 INFO services.account_scanner Page 106: fetched 100 users, 5 collectible, 1969 total candidates
2026-06-10 16:23:33,203 INFO httpx HTTP Request: POST https://private-users-mcp.query.prod.telnyx.io:3000/mcp "HTTP/1.1 200 OK"
2026-06-10 16:23:33,362 INFO services.account_scanner Page 107: fetched 100 users, 15 collectible, 1984 total candidates
2026-06-10 16:23:33,831 INFO httpx HTTP Request: POST https://private-users-mcp.query.prod.telnyx.io:3000/mcp "HTTP/1.1 200 OK"
2026-06-10 16:23:33,986 INFO services.account_scanner Page 108: fetched 100 users, 22 collectible, 2006 total candidates
2026-06-10 16:23:34,434 INFO httpx HTTP Request: POST https://private-users-mcp.query.prod.telnyx.io:3000/mcp "HTTP/1.1 200 OK"
2026-06-10 16:23:34,591 INFO services.account_scanner Page 109: fetched 100 users, 20 collectible, 2026 total candidates
2026-06-10 16:23:35,104 INFO httpx HTTP Request: POST https://private-users-mcp.query.prod.telnyx.io:3000/mcp "HTTP/1.1 200 OK"
2026-06-10 16:23:35,266 INFO services.account_scanner Page 110: fetched 100 users, 21 collectible, 2047 total candidates
2026-06-10 16:23:35,744 INFO httpx HTTP Request: POST https://private-users-mcp.query.prod.telnyx.io:3000/mcp "HTTP/1.1 200 OK"
2026-06-10 16:23:35,901 INFO services.account_scanner Page 111: fetched 100 users, 18 collectible, 2065 total candidates
2026-06-10 16:23:36,365 INFO httpx HTTP Request: POST https://private-users-mcp.query.prod.telnyx.io:3000/mcp "HTTP/1.1 200 OK"
2026-06-10 16:23:36,527 INFO services.account_scanner Page 112: fetched 100 users, 19 collectible, 2084 total candidates
2026-06-10 16:23:37,053 INFO httpx HTTP Request: POST https://private-users-mcp.query.prod.telnyx.io:3000/mcp "HTTP/1.1 200 OK"
2026-06-10 16:23:37,210 INFO services.account_scanner Page 113: fetched 100 users, 12 collectible, 2096 total candidates
2026-06-10 16:23:37,711 INFO httpx HTTP Request: POST https://private-users-mcp.query.prod.telnyx.io:3000/mcp "HTTP/1.1 200 OK"
2026-06-10 16:23:37,867 INFO services.account_scanner Page 114: fetched 100 users, 12 collectible, 2108 total candidates
2026-06-10 16:23:38,393 INFO httpx HTTP Request: POST https://private-users-mcp.query.prod.telnyx.io:3000/mcp "HTTP/1.1 200 OK"
2026-06-10 16:23:38,553 INFO services.account_scanner Page 115: fetched 100 users, 16 collectible, 2124 total candidates
2026-06-10 16:23:39,010 INFO httpx HTTP Request: POST https://private-users-mcp.query.prod.telnyx.io:3000/mcp "HTTP/1.1 200 OK"
2026-06-10 16:23:39,169 INFO services.account_scanner Page 116: fetched 100 users, 13 collectible, 2137 total candidates
2026-06-10 16:23:39,620 INFO httpx HTTP Request: POST https://private-users-mcp.query.prod.telnyx.io:3000/mcp "HTTP/1.1 200 OK"
2026-06-10 16:23:39,776 INFO services.account_scanner Page 117: fetched 100 users, 12 collectible, 2149 total candidates
2026-06-10 16:23:40,257 INFO httpx HTTP Request: POST https://private-users-mcp.query.prod.telnyx.io:3000/mcp "HTTP/1.1 200 OK"
2026-06-10 16:23:40,417 INFO services.account_scanner Page 118: fetched 100 users, 10 collectible, 2159 total candidates
2026-06-10 16:23:40,882 INFO httpx HTTP Request: POST https://private-users-mcp.query.prod.telnyx.io:3000/mcp "HTTP/1.1 200 OK"
2026-06-10 16:23:41,039 INFO services.account_scanner Page 119: fetched 100 users, 4 collectible, 2163 total candidates
2026-06-10 16:23:41,496 INFO httpx HTTP Request: POST https://private-users-mcp.query.prod.telnyx.io:3000/mcp "HTTP/1.1 200 OK"
2026-06-10 16:23:41,651 INFO services.account_scanner Page 120: fetched 100 users, 12 collectible, 2175 total candidates
2026-06-10 16:23:42,293 INFO httpx HTTP Request: POST https://private-users-mcp.query.prod.telnyx.io:3000/mcp "HTTP/1.1 200 OK"
2026-06-10 16:23:42,449 INFO services.account_scanner Page 121: fetched 100 users, 10 collectible, 2185 total candidates
2026-06-10 16:23:42,897 INFO httpx HTTP Request: POST https://private-users-mcp.query.prod.telnyx.io:3000/mcp "HTTP/1.1 200 OK"
2026-06-10 16:23:43,052 INFO services.account_scanner Page 122: fetched 100 users, 10 collectible, 2195 total candidates
2026-06-10 16:23:43,506 INFO httpx HTTP Request: POST https://private-users-mcp.query.prod.telnyx.io:3000/mcp "HTTP/1.1 200 OK"
2026-06-10 16:23:43,662 INFO services.account_scanner Page 123: fetched 100 users, 11 collectible, 2206 total candidates
2026-06-10 16:23:44,132 INFO httpx HTTP Request: POST https://private-users-mcp.query.prod.telnyx.io:3000/mcp "HTTP/1.1 200 OK"
2026-06-10 16:23:44,285 INFO services.account_scanner Page 124: fetched 100 users, 8 collectible, 2214 total candidates
2026-06-10 16:23:44,725 INFO httpx HTTP Request: POST https://private-users-mcp.query.prod.telnyx.io:3000/mcp "HTTP/1.1 200 OK"
2026-06-10 16:23:44,886 INFO services.account_scanner Page 125: fetched 100 users, 6 collectible, 2220 total candidates
2026-06-10 16:23:45,318 INFO httpx HTTP Request: POST https://private-users-mcp.query.prod.telnyx.io:3000/mcp "HTTP/1.1 200 OK"
2026-06-10 16:23:45,481 INFO services.account_scanner Page 126: fetched 100 users, 10 collectible, 2230 total candidates
2026-06-10 16:23:45,979 INFO httpx HTTP Request: POST https://private-users-mcp.query.prod.telnyx.io:3000/mcp "HTTP/1.1 200 OK"
2026-06-10 16:23:46,140 INFO services.account_scanner Page 127: fetched 100 users, 10 collectible, 2240 total candidates
2026-06-10 16:23:46,619 INFO httpx HTTP Request: POST https://private-users-mcp.query.prod.telnyx.io:3000/mcp "HTTP/1.1 200 OK"
2026-06-10 16:23:46,776 INFO services.account_scanner Page 128: fetched 100 users, 22 collectible, 2262 total candidates
2026-06-10 16:23:47,257 INFO httpx HTTP Request: POST https://private-users-mcp.query.prod.telnyx.io:3000/mcp "HTTP/1.1 200 OK"
2026-06-10 16:23:47,417 INFO services.account_scanner Page 129: fetched 100 users, 13 collectible, 2275 total candidates
2026-06-10 16:23:47,861 INFO httpx HTTP Request: POST https://private-users-mcp.query.prod.telnyx.io:3000/mcp "HTTP/1.1 200 OK"
2026-06-10 16:23:48,017 INFO services.account_scanner Page 130: fetched 100 users, 24 collectible, 2299 total candidates
2026-06-10 16:23:48,476 INFO httpx HTTP Request: POST https://private-users-mcp.query.prod.telnyx.io:3000/mcp "HTTP/1.1 200 OK"
2026-06-10 16:23:48,635 INFO services.account_scanner Page 131: fetched 100 users, 15 collectible, 2314 total candidates
2026-06-10 16:23:49,138 INFO httpx HTTP Request: POST https://private-users-mcp.query.prod.telnyx.io:3000/mcp "HTTP/1.1 200 OK"
2026-06-10 16:23:49,301 INFO services.account_scanner Page 132: fetched 100 users, 11 collectible, 2325 total candidates
2026-06-10 16:23:49,773 INFO httpx HTTP Request: POST https://private-users-mcp.query.prod.telnyx.io:3000/mcp "HTTP/1.1 200 OK"
2026-06-10 16:23:49,931 INFO services.account_scanner Page 133: fetched 100 users, 15 collectible, 2340 total candidates
2026-06-10 16:23:50,394 INFO httpx HTTP Request: POST https://private-users-mcp.query.prod.telnyx.io:3000/mcp "HTTP/1.1 200 OK"
2026-06-10 16:23:50,545 INFO services.account_scanner Page 134: fetched 100 users, 6 collectible, 2346 total candidates
2026-06-10 16:23:50,986 INFO httpx HTTP Request: POST https://private-users-mcp.query.prod.telnyx.io:3000/mcp "HTTP/1.1 200 OK"
2026-06-10 16:23:51,136 INFO services.account_scanner Page 135: fetched 100 users, 6 collectible, 2352 total candidates
2026-06-10 16:23:51,571 INFO httpx HTTP Request: POST https://private-users-mcp.query.prod.telnyx.io:3000/mcp "HTTP/1.1 200 OK"
2026-06-10 16:23:51,726 INFO services.account_scanner Page 136: fetched 100 users, 6 collectible, 2358 total candidates
2026-06-10 16:23:52,202 INFO httpx HTTP Request: POST https://private-users-mcp.query.prod.telnyx.io:3000/mcp "HTTP/1.1 200 OK"
2026-06-10 16:23:52,357 INFO services.account_scanner Page 137: fetched 100 users, 6 collectible, 2364 total candidates
2026-06-10 16:23:52,826 INFO httpx HTTP Request: POST https://private-users-mcp.query.prod.telnyx.io:3000/mcp "HTTP/1.1 200 OK"
2026-06-10 16:23:52,982 INFO services.account_scanner Page 138: fetched 100 users, 5 collectible, 2369 total candidates
2026-06-10 16:23:53,427 INFO httpx HTTP Request: POST https://private-users-mcp.query.prod.telnyx.io:3000/mcp "HTTP/1.1 200 OK"
2026-06-10 16:23:53,591 INFO services.account_scanner Page 139: fetched 100 users, 12 collectible, 2381 total candidates
2026-06-10 16:23:54,044 INFO httpx HTTP Request: POST https://private-users-mcp.query.prod.telnyx.io:3000/mcp "HTTP/1.1 200 OK"
2026-06-10 16:23:54,199 INFO services.account_scanner Page 140: fetched 100 users, 7 collectible, 2388 total candidates
2026-06-10 16:23:54,631 INFO httpx HTTP Request: POST https://private-users-mcp.query.prod.telnyx.io:3000/mcp "HTTP/1.1 200 OK"
2026-06-10 16:23:54,780 INFO services.account_scanner Page 141: fetched 100 users, 9 collectible, 2397 total candidates
2026-06-10 16:23:55,278 INFO httpx HTTP Request: POST https://private-users-mcp.query.prod.telnyx.io:3000/mcp "HTTP/1.1 200 OK"
2026-06-10 16:23:55,433 INFO services.account_scanner Page 142: fetched 100 users, 9 collectible, 2406 total candidates
2026-06-10 16:23:55,883 INFO httpx HTTP Request: POST https://private-users-mcp.query.prod.telnyx.io:3000/mcp "HTTP/1.1 200 OK"
2026-06-10 16:23:56,035 INFO services.account_scanner Page 143: fetched 100 users, 8 collectible, 2414 total candidates
2026-06-10 16:23:56,467 INFO httpx HTTP Request: POST https://private-users-mcp.query.prod.telnyx.io:3000/mcp "HTTP/1.1 200 OK"
2026-06-10 16:23:56,623 INFO services.account_scanner Page 144: fetched 100 users, 4 collectible, 2418 total candidates
2026-06-10 16:23:57,059 INFO httpx HTTP Request: POST https://private-users-mcp.query.prod.telnyx.io:3000/mcp "HTTP/1.1 200 OK"
2026-06-10 16:23:57,216 INFO services.account_scanner Page 145: fetched 100 users, 4 collectible, 2422 total candidates
2026-06-10 16:23:57,708 INFO httpx HTTP Request: POST https://private-users-mcp.query.prod.telnyx.io:3000/mcp "HTTP/1.1 200 OK"
2026-06-10 16:23:57,867 INFO services.account_scanner Page 146: fetched 100 users, 10 collectible, 2432 total candidates
2026-06-10 16:23:58,331 INFO httpx HTTP Request: POST https://private-users-mcp.query.prod.telnyx.io:3000/mcp "HTTP/1.1 200 OK"
2026-06-10 16:23:58,490 INFO services.account_scanner Page 147: fetched 100 users, 14 collectible, 2446 total candidates
2026-06-10 16:23:58,960 INFO httpx HTTP Request: POST https://private-users-mcp.query.prod.telnyx.io:3000/mcp "HTTP/1.1 200 OK"
2026-06-10 16:23:59,121 INFO services.account_scanner Page 148: fetched 100 users, 6 collectible, 2452 total candidates
2026-06-10 16:23:59,585 INFO httpx HTTP Request: POST https://private-users-mcp.query.prod.telnyx.io:3000/mcp "HTTP/1.1 200 OK"
2026-06-10 16:23:59,751 INFO services.account_scanner Page 149: fetched 100 users, 16 collectible, 2468 total candidates
2026-06-10 16:24:00,254 INFO httpx HTTP Request: POST https://private-users-mcp.query.prod.telnyx.io:3000/mcp "HTTP/1.1 200 OK"
2026-06-10 16:24:00,411 INFO services.account_scanner Page 150: fetched 100 users, 6 collectible, 2474 total candidates
2026-06-10 16:24:00,874 INFO httpx HTTP Request: POST https://private-users-mcp.query.prod.telnyx.io:3000/mcp "HTTP/1.1 200 OK"
2026-06-10 16:24:01,032 INFO services.account_scanner Page 151: fetched 100 users, 28 collectible, 2502 total candidates
2026-06-10 16:24:01,510 INFO httpx HTTP Request: POST https://private-users-mcp.query.prod.telnyx.io:3000/mcp "HTTP/1.1 200 OK"
2026-06-10 16:24:01,669 INFO services.account_scanner Page 152: fetched 100 users, 18 collectible, 2520 total candidates
2026-06-10 16:24:02,176 INFO httpx HTTP Request: POST https://private-users-mcp.query.prod.telnyx.io:3000/mcp "HTTP/1.1 200 OK"
2026-06-10 16:24:02,333 INFO services.account_scanner Page 153: fetched 100 users, 16 collectible, 2536 total candidates
2026-06-10 16:24:02,797 INFO httpx HTTP Request: POST https://private-users-mcp.query.prod.telnyx.io:3000/mcp "HTTP/1.1 200 OK"
2026-06-10 16:24:02,955 INFO services.account_scanner Page 154: fetched 100 users, 12 collectible, 2548 total candidates
2026-06-10 16:24:03,443 INFO httpx HTTP Request: POST https://private-users-mcp.query.prod.telnyx.io:3000/mcp "HTTP/1.1 200 OK"
2026-06-10 16:24:03,597 INFO services.account_scanner Page 155: fetched 100 users, 9 collectible, 2557 total candidates
2026-06-10 16:24:04,084 INFO httpx HTTP Request: POST https://private-users-mcp.query.prod.telnyx.io:3000/mcp "HTTP/1.1 200 OK"
2026-06-10 16:24:04,245 INFO services.account_scanner Page 156: fetched 100 users, 5 collectible, 2562 total candidates
2026-06-10 16:24:04,913 INFO httpx HTTP Request: POST https://private-users-mcp.query.prod.telnyx.io:3000/mcp "HTTP/1.1 200 OK"
2026-06-10 16:24:05,067 INFO services.account_scanner Page 157: fetched 100 users, 4 collectible, 2566 total candidates
2026-06-10 16:24:05,512 INFO httpx HTTP Request: POST https://private-users-mcp.query.prod.telnyx.io:3000/mcp "HTTP/1.1 200 OK"
2026-06-10 16:24:05,667 INFO services.account_scanner Page 158: fetched 100 users, 9 collectible, 2575 total candidates
2026-06-10 16:24:06,124 INFO httpx HTTP Request: POST https://private-users-mcp.query.prod.telnyx.io:3000/mcp "HTTP/1.1 200 OK"
2026-06-10 16:24:06,285 INFO services.account_scanner Page 159: fetched 100 users, 7 collectible, 2582 total candidates
2026-06-10 16:24:06,732 INFO httpx HTTP Request: POST https://private-users-mcp.query.prod.telnyx.io:3000/mcp "HTTP/1.1 200 OK"
2026-06-10 16:24:06,888 INFO services.account_scanner Page 160: fetched 100 users, 4 collectible, 2586 total candidates
2026-06-10 16:24:07,369 INFO httpx HTTP Request: POST https://private-users-mcp.query.prod.telnyx.io:3000/mcp "HTTP/1.1 200 OK"
2026-06-10 16:24:07,529 INFO services.account_scanner Page 161: fetched 100 users, 10 collectible, 2596 total candidates
2026-06-10 16:24:07,982 INFO httpx HTTP Request: POST https://private-users-mcp.query.prod.telnyx.io:3000/mcp "HTTP/1.1 200 OK"
2026-06-10 16:24:08,141 INFO services.account_scanner Page 162: fetched 100 users, 7 collectible, 2603 total candidates
2026-06-10 16:24:08,593 INFO httpx HTTP Request: POST https://private-users-mcp.query.prod.telnyx.io:3000/mcp "HTTP/1.1 200 OK"
2026-06-10 16:24:08,748 INFO services.account_scanner Page 163: fetched 100 users, 7 collectible, 2610 total candidates
2026-06-10 16:24:09,202 INFO httpx HTTP Request: POST https://private-users-mcp.query.prod.telnyx.io:3000/mcp "HTTP/1.1 200 OK"
2026-06-10 16:24:09,356 INFO services.account_scanner Page 164: fetched 100 users, 4 collectible, 2614 total candidates
2026-06-10 16:24:09,824 INFO httpx HTTP Request: POST https://private-users-mcp.query.prod.telnyx.io:3000/mcp "HTTP/1.1 200 OK"
2026-06-10 16:24:09,984 INFO services.account_scanner Page 165: fetched 100 users, 19 collectible, 2633 total candidates
2026-06-10 16:24:10,517 INFO httpx HTTP Request: POST https://private-users-mcp.query.prod.telnyx.io:3000/mcp "HTTP/1.1 200 OK"
2026-06-10 16:24:10,672 INFO services.account_scanner Page 166: fetched 100 users, 17 collectible, 2650 total candidates
2026-06-10 16:24:11,201 INFO httpx HTTP Request: POST https://private-users-mcp.query.prod.telnyx.io:3000/mcp "HTTP/1.1 200 OK"
2026-06-10 16:24:11,358 INFO services.account_scanner Page 167: fetched 100 users, 24 collectible, 2674 total candidates
2026-06-10 16:24:11,860 INFO httpx HTTP Request: POST https://private-users-mcp.query.prod.telnyx.io:3000/mcp "HTTP/1.1 200 OK"
2026-06-10 16:24:12,017 INFO services.account_scanner Page 168: fetched 100 users, 15 collectible, 2689 total candidates
2026-06-10 16:24:12,556 INFO httpx HTTP Request: POST https://private-users-mcp.query.prod.telnyx.io:3000/mcp "HTTP/1.1 200 OK"
2026-06-10 16:24:12,716 INFO services.account_scanner Page 169: fetched 100 users, 12 collectible, 2701 total candidates
2026-06-10 16:24:13,197 INFO httpx HTTP Request: POST https://private-users-mcp.query.prod.telnyx.io:3000/mcp "HTTP/1.1 200 OK"
2026-06-10 16:24:13,359 INFO services.account_scanner Page 170: fetched 100 users, 17 collectible, 2718 total candidates
2026-06-10 16:24:13,817 INFO httpx HTTP Request: POST https://private-users-mcp.query.prod.telnyx.io:3000/mcp "HTTP/1.1 200 OK"
2026-06-10 16:24:13,972 INFO services.account_scanner Page 171: fetched 100 users, 26 collectible, 2744 total candidates
2026-06-10 16:24:14,445 INFO httpx HTTP Request: POST https://private-users-mcp.query.prod.telnyx.io:3000/mcp "HTTP/1.1 200 OK"
2026-06-10 16:24:14,607 INFO services.account_scanner Page 172: fetched 100 users, 9 collectible, 2753 total candidates
2026-06-10 16:24:15,082 INFO httpx HTTP Request: POST https://private-users-mcp.query.prod.telnyx.io:3000/mcp "HTTP/1.1 200 OK"
2026-06-10 16:24:15,238 INFO services.account_scanner Page 173: fetched 100 users, 14 collectible, 2767 total candidates
2026-06-10 16:24:15,743 INFO httpx HTTP Request: POST https://private-users-mcp.query.prod.telnyx.io:3000/mcp "HTTP/1.1 200 OK"
2026-06-10 16:24:15,902 INFO services.account_scanner Page 174: fetched 100 users, 6 collectible, 2773 total candidates
2026-06-10 16:24:16,356 INFO httpx HTTP Request: POST https://private-users-mcp.query.prod.telnyx.io:3000/mcp "HTTP/1.1 200 OK"
2026-06-10 16:24:16,511 INFO services.account_scanner Page 175: fetched 100 users, 10 collectible, 2783 total candidates
2026-06-10 16:24:16,971 INFO httpx HTTP Request: POST https://private-users-mcp.query.prod.telnyx.io:3000/mcp "HTTP/1.1 200 OK"
2026-06-10 16:24:17,128 INFO services.account_scanner Page 176: fetched 100 users, 5 collectible, 2788 total candidates
2026-06-10 16:24:17,586 INFO httpx HTTP Request: POST https://private-users-mcp.query.prod.telnyx.io:3000/mcp "HTTP/1.1 200 OK"
2026-06-10 16:24:17,743 INFO services.account_scanner Page 177: fetched 100 users, 6 collectible, 2794 total candidates
2026-06-10 16:24:18,219 INFO httpx HTTP Request: POST https://private-users-mcp.query.prod.telnyx.io:3000/mcp "HTTP/1.1 200 OK"
2026-06-10 16:24:18,374 INFO services.account_scanner Page 178: fetched 100 users, 5 collectible, 2799 total candidates
2026-06-10 16:24:18,829 INFO httpx HTTP Request: POST https://private-users-mcp.query.prod.telnyx.io:3000/mcp "HTTP/1.1 200 OK"
2026-06-10 16:24:18,984 INFO services.account_scanner Page 179: fetched 100 users, 6 collectible, 2805 total candidates
2026-06-10 16:24:19,446 INFO httpx HTTP Request: POST https://private-users-mcp.query.prod.telnyx.io:3000/mcp "HTTP/1.1 200 OK"
2026-06-10 16:24:19,604 INFO services.account_scanner Page 180: fetched 100 users, 9 collectible, 2814 total candidates
2026-06-10 16:24:20,066 INFO httpx HTTP Request: POST https://private-users-mcp.query.prod.telnyx.io:3000/mcp "HTTP/1.1 200 OK"
2026-06-10 16:24:20,228 INFO services.account_scanner Page 181: fetched 100 users, 3 collectible, 2817 total candidates
2026-06-10 16:24:20,707 INFO httpx HTTP Request: POST https://private-users-mcp.query.prod.telnyx.io:3000/mcp "HTTP/1.1 200 OK"
2026-06-10 16:24:20,863 INFO services.account_scanner Page 182: fetched 100 users, 9 collectible, 2826 total candidates
2026-06-10 16:24:21,310 INFO httpx HTTP Request: POST https://private-users-mcp.query.prod.telnyx.io:3000/mcp "HTTP/1.1 200 OK"
2026-06-10 16:24:21,469 INFO services.account_scanner Page 183: fetched 100 users, 4 collectible, 2830 total candidates
2026-06-10 16:24:21,945 INFO httpx HTTP Request: POST https://private-users-mcp.query.prod.telnyx.io:3000/mcp "HTTP/1.1 200 OK"
2026-06-10 16:24:22,102 INFO services.account_scanner Page 184: fetched 100 users, 15 collectible, 2845 total candidates
2026-06-10 16:24:22,590 INFO httpx HTTP Request: POST https://private-users-mcp.query.prod.telnyx.io:3000/mcp "HTTP/1.1 200 OK"
2026-06-10 16:24:22,748 INFO services.account_scanner Page 185: fetched 100 users, 17 collectible, 2862 total candidates
2026-06-10 16:24:23,210 INFO httpx HTTP Request: POST https://private-users-mcp.query.prod.telnyx.io:3000/mcp "HTTP/1.1 200 OK"
2026-06-10 16:24:23,375 INFO services.account_scanner Page 186: fetched 100 users, 16 collectible, 2878 total candidates
2026-06-10 16:24:24,097 INFO httpx HTTP Request: POST https://private-users-mcp.query.prod.telnyx.io:3000/mcp "HTTP/1.1 200 OK"
2026-06-10 16:24:24,272 INFO services.account_scanner Page 187: fetched 100 users, 9 collectible, 2887 total candidates
2026-06-10 16:24:25,091 INFO httpx HTTP Request: POST https://private-users-mcp.query.prod.telnyx.io:3000/mcp "HTTP/1.1 200 OK"
2026-06-10 16:24:25,276 INFO services.account_scanner Page 188: fetched 100 users, 18 collectible, 2905 total candidates
2026-06-10 16:24:25,756 INFO httpx HTTP Request: POST https://private-users-mcp.query.prod.telnyx.io:3000/mcp "HTTP/1.1 200 OK"
2026-06-10 16:24:25,920 INFO services.account_scanner Page 189: fetched 100 users, 23 collectible, 2928 total candidates
2026-06-10 16:24:26,384 INFO httpx HTTP Request: POST https://private-users-mcp.query.prod.telnyx.io:3000/mcp "HTTP/1.1 200 OK"
2026-06-10 16:24:26,544 INFO services.account_scanner Page 190: fetched 100 users, 8 collectible, 2936 total candidates
2026-06-10 16:24:27,028 INFO httpx HTTP Request: POST https://private-users-mcp.query.prod.telnyx.io:3000/mcp "HTTP/1.1 200 OK"
2026-06-10 16:24:27,183 INFO services.account_scanner Page 191: fetched 100 users, 7 collectible, 2943 total candidates
2026-06-10 16:24:27,645 INFO httpx HTTP Request: POST https://private-users-mcp.query.prod.telnyx.io:3000/mcp "HTTP/1.1 200 OK"
2026-06-10 16:24:27,803 INFO services.account_scanner Page 192: fetched 100 users, 4 collectible, 2947 total candidates
2026-06-10 16:24:28,253 INFO httpx HTTP Request: POST https://private-users-mcp.query.prod.telnyx.io:3000/mcp "HTTP/1.1 200 OK"
2026-06-10 16:24:28,411 INFO services.account_scanner Page 193: fetched 100 users, 12 collectible, 2959 total candidates
2026-06-10 16:24:28,856 INFO httpx HTTP Request: POST https://private-users-mcp.query.prod.telnyx.io:3000/mcp "HTTP/1.1 200 OK"
2026-06-10 16:24:29,015 INFO services.account_scanner Page 194: fetched 100 users, 5 collectible, 2964 total candidates
2026-06-10 16:24:29,457 INFO httpx HTTP Request: POST https://private-users-mcp.query.prod.telnyx.io:3000/mcp "HTTP/1.1 200 OK"
2026-06-10 16:24:29,616 INFO services.account_scanner Page 195: fetched 100 users, 3 collectible, 2967 total candidates
2026-06-10 16:24:30,061 INFO httpx HTTP Request: POST https://private-users-mcp.query.prod.telnyx.io:3000/mcp "HTTP/1.1 200 OK"
2026-06-10 16:24:30,217 INFO services.account_scanner Page 196: fetched 100 users, 4 collectible, 2971 total candidates
2026-06-10 16:24:30,694 INFO httpx HTTP Request: POST https://private-users-mcp.query.prod.telnyx.io:3000/mcp "HTTP/1.1 200 OK"
2026-06-10 16:24:30,849 INFO services.account_scanner Page 197: fetched 100 users, 5 collectible, 2976 total candidates
2026-06-10 16:24:31,319 INFO httpx HTTP Request: POST https://private-users-mcp.query.prod.telnyx.io:3000/mcp "HTTP/1.1 200 OK"
2026-06-10 16:24:31,473 INFO services.account_scanner Page 198: fetched 100 users, 6 collectible, 2982 total candidates
2026-06-10 16:24:31,923 INFO httpx HTTP Request: POST https://private-users-mcp.query.prod.telnyx.io:3000/mcp "HTTP/1.1 200 OK"
2026-06-10 16:24:32,079 INFO services.account_scanner Page 199: fetched 100 users, 3 collectible, 2985 total candidates
2026-06-10 16:24:32,549 INFO httpx HTTP Request: POST https://private-users-mcp.query.prod.telnyx.io:3000/mcp "HTTP/1.1 200 OK"
2026-06-10 16:24:32,704 INFO services.account_scanner Page 200: fetched 100 users, 5 collectible, 2990 total candidates
2026-06-10 16:24:33,153 INFO httpx HTTP Request: POST https://private-users-mcp.query.prod.telnyx.io:3000/mcp "HTTP/1.1 200 OK"
2026-06-10 16:24:33,308 INFO services.account_scanner Page 201: fetched 100 users, 7 collectible, 2997 total candidates
2026-06-10 16:24:33,805 INFO httpx HTTP Request: POST https://private-users-mcp.query.prod.telnyx.io:3000/mcp "HTTP/1.1 200 OK"
2026-06-10 16:24:33,973 INFO services.account_scanner Page 202: fetched 100 users, 24 collectible, 3021 total candidates
2026-06-10 16:24:34,448 INFO httpx HTTP Request: POST https://private-users-mcp.query.prod.telnyx.io:3000/mcp "HTTP/1.1 200 OK"
2026-06-10 16:24:34,603 INFO services.account_scanner Page 203: fetched 100 users, 23 collectible, 3044 total candidates
2026-06-10 16:24:35,085 INFO httpx HTTP Request: POST https://private-users-mcp.query.prod.telnyx.io:3000/mcp "HTTP/1.1 200 OK"
2026-06-10 16:24:35,242 INFO services.account_scanner Page 204: fetched 100 users, 13 collectible, 3057 total candidates
2026-06-10 16:24:35,720 INFO httpx HTTP Request: POST https://private-users-mcp.query.prod.telnyx.io:3000/mcp "HTTP/1.1 200 OK"
2026-06-10 16:24:35,879 INFO services.account_scanner Page 205: fetched 100 users, 16 collectible, 3073 total candidates
2026-06-10 16:24:36,380 INFO httpx HTTP Request: POST https://private-users-mcp.query.prod.telnyx.io:3000/mcp "HTTP/1.1 200 OK"
2026-06-10 16:24:36,541 INFO services.account_scanner Page 206: fetched 100 users, 21 collectible, 3094 total candidates
2026-06-10 16:24:37,013 INFO httpx HTTP Request: POST https://private-users-mcp.query.prod.telnyx.io:3000/mcp "HTTP/1.1 200 OK"
2026-06-10 16:24:37,172 INFO services.account_scanner Page 207: fetched 100 users, 21 collectible, 3115 total candidates
2026-06-10 16:24:37,654 INFO httpx HTTP Request: POST https://private-users-mcp.query.prod.telnyx.io:3000/mcp "HTTP/1.1 200 OK"
2026-06-10 16:24:37,814 INFO services.account_scanner Page 208: fetched 100 users, 17 collectible, 3132 total candidates
2026-06-10 16:24:38,274 INFO httpx HTTP Request: POST https://private-users-mcp.query.prod.telnyx.io:3000/mcp "HTTP/1.1 200 OK"
2026-06-10 16:24:38,430 INFO services.account_scanner Page 209: fetched 100 users, 15 collectible, 3147 total candidates
2026-06-10 16:24:38,885 INFO httpx HTTP Request: POST https://private-users-mcp.query.prod.telnyx.io:3000/mcp "HTTP/1.1 200 OK"
2026-06-10 16:24:39,041 INFO services.account_scanner Page 210: fetched 100 users, 6 collectible, 3153 total candidates
2026-06-10 16:24:39,544 INFO httpx HTTP Request: POST https://private-users-mcp.query.prod.telnyx.io:3000/mcp "HTTP/1.1 200 OK"
2026-06-10 16:24:39,699 INFO services.account_scanner Page 211: fetched 100 users, 5 collectible, 3158 total candidates
2026-06-10 16:24:40,154 INFO httpx HTTP Request: POST https://private-users-mcp.query.prod.telnyx.io:3000/mcp "HTTP/1.1 200 OK"
2026-06-10 16:24:40,309 INFO services.account_scanner Page 212: fetched 100 users, 6 collectible, 3164 total candidates
2026-06-10 16:24:40,772 INFO httpx HTTP Request: POST https://private-users-mcp.query.prod.telnyx.io:3000/mcp "HTTP/1.1 200 OK"
2026-06-10 16:24:40,932 INFO services.account_scanner Page 213: fetched 100 users, 10 collectible, 3174 total candidates
2026-06-10 16:24:41,383 INFO httpx HTTP Request: POST https://private-users-mcp.query.prod.telnyx.io:3000/mcp "HTTP/1.1 200 OK"
2026-06-10 16:24:41,539 INFO services.account_scanner Page 214: fetched 100 users, 5 collectible, 3179 total candidates
2026-06-10 16:24:42,089 INFO httpx HTTP Request: POST https://private-users-mcp.query.prod.telnyx.io:3000/mcp "HTTP/1.1 200 OK"
2026-06-10 16:24:42,247 INFO services.account_scanner Page 215: fetched 100 users, 8 collectible, 3187 total candidates
2026-06-10 16:24:42,700 INFO httpx HTTP Request: POST https://private-users-mcp.query.prod.telnyx.io:3000/mcp "HTTP/1.1 200 OK"
2026-06-10 16:24:42,856 INFO services.account_scanner Page 216: fetched 100 users, 5 collectible, 3192 total candidates
2026-06-10 16:24:43,307 INFO httpx HTTP Request: POST https://private-users-mcp.query.prod.telnyx.io:3000/mcp "HTTP/1.1 200 OK"
2026-06-10 16:24:43,464 INFO services.account_scanner Page 217: fetched 100 users, 5 collectible, 3197 total candidates
2026-06-10 16:24:43,951 INFO httpx HTTP Request: POST https://private-users-mcp.query.prod.telnyx.io:3000/mcp "HTTP/1.1 200 OK"
2026-06-10 16:24:44,110 INFO services.account_scanner Page 218: fetched 100 users, 7 collectible, 3204 total candidates
2026-06-10 16:24:44,577 INFO httpx HTTP Request: POST https://private-users-mcp.query.prod.telnyx.io:3000/mcp "HTTP/1.1 200 OK"
2026-06-10 16:24:44,738 INFO services.account_scanner Page 219: fetched 100 users, 16 collectible, 3220 total candidates
2026-06-10 16:24:45,308 INFO httpx HTTP Request: POST https://private-users-mcp.query.prod.telnyx.io:3000/mcp "HTTP/1.1 200 OK"
2026-06-10 16:24:45,465 INFO services.account_scanner Page 220: fetched 100 users, 47 collectible, 3267 total candidates
2026-06-10 16:24:46,019 INFO httpx HTTP Request: POST https://private-users-mcp.query.prod.telnyx.io:3000/mcp "HTTP/1.1 200 OK"
2026-06-10 16:24:46,179 INFO services.account_scanner Page 221: fetched 100 users, 58 collectible, 3325 total candidates
2026-06-10 16:24:46,761 INFO httpx HTTP Request: POST https://private-users-mcp.query.prod.telnyx.io:3000/mcp "HTTP/1.1 200 OK"
2026-06-10 16:24:46,919 INFO services.account_scanner Page 222: fetched 100 users, 55 collectible, 3380 total candidates
2026-06-10 16:24:47,487 INFO httpx HTTP Request: POST https://private-users-mcp.query.prod.telnyx.io:3000/mcp "HTTP/1.1 200 OK"
2026-06-10 16:24:47,651 INFO services.account_scanner Page 223: fetched 100 users, 58 collectible, 3438 total candidates
2026-06-10 16:24:48,260 INFO httpx HTTP Request: POST https://private-users-mcp.query.prod.telnyx.io:3000/mcp "HTTP/1.1 200 OK"
2026-06-10 16:24:48,420 INFO services.account_scanner Page 224: fetched 100 users, 56 collectible, 3494 total candidates
2026-06-10 16:24:49,033 INFO httpx HTTP Request: POST https://private-users-mcp.query.prod.telnyx.io:3000/mcp "HTTP/1.1 200 OK"
2026-06-10 16:24:49,200 INFO services.account_scanner Page 225: fetched 100 users, 60 collectible, 3554 total candidates
2026-06-10 16:24:49,781 INFO httpx HTTP Request: POST https://private-users-mcp.query.prod.telnyx.io:3000/mcp "HTTP/1.1 200 OK"
2026-06-10 16:24:49,939 INFO services.account_scanner Page 226: fetched 100 users, 51 collectible, 3605 total candidates
2026-06-10 16:24:50,471 INFO httpx HTTP Request: POST https://private-users-mcp.query.prod.telnyx.io:3000/mcp "HTTP/1.1 200 OK"
2026-06-10 16:24:50,630 INFO services.account_scanner Page 227: fetched 100 users, 62 collectible, 3667 total candidates
2026-06-10 16:24:51,280 INFO httpx HTTP Request: POST https://private-users-mcp.query.prod.telnyx.io:3000/mcp "HTTP/1.1 200 OK"
2026-06-10 16:24:51,441 INFO services.account_scanner Page 228: fetched 100 users, 58 collectible, 3725 total candidates
2026-06-10 16:24:52,041 INFO httpx HTTP Request: POST https://private-users-mcp.query.prod.telnyx.io:3000/mcp "HTTP/1.1 200 OK"
2026-06-10 16:24:52,200 INFO services.account_scanner Page 229: fetched 100 users, 56 collectible, 3781 total candidates
2026-06-10 16:24:52,669 INFO httpx HTTP Request: POST https://private-users-mcp.query.prod.telnyx.io:3000/mcp "HTTP/1.1 200 OK"
2026-06-10 16:24:52,826 INFO services.account_scanner Page 230: fetched 100 users, 30 collectible, 3811 total candidates
2026-06-10 16:24:53,518 INFO httpx HTTP Request: POST https://private-users-mcp.query.prod.telnyx.io:3000/mcp "HTTP/1.1 200 OK"
2026-06-10 16:24:53,702 INFO services.account_scanner Page 231: fetched 100 users, 26 collectible, 3837 total candidates
2026-06-10 16:24:54,213 INFO httpx HTTP Request: POST https://private-users-mcp.query.prod.telnyx.io:3000/mcp "HTTP/1.1 200 OK"
2026-06-10 16:24:54,371 INFO services.account_scanner Page 232: fetched 100 users, 21 collectible, 3858 total candidates
2026-06-10 16:24:54,861 INFO httpx HTTP Request: POST https://private-users-mcp.query.prod.telnyx.io:3000/mcp "HTTP/1.1 200 OK"
2026-06-10 16:24:55,022 INFO services.account_scanner Page 233: fetched 100 users, 28 collectible, 3886 total candidates
2026-06-10 16:24:55,514 INFO httpx HTTP Request: POST https://private-users-mcp.query.prod.telnyx.io:3000/mcp "HTTP/1.1 200 OK"
2026-06-10 16:24:55,671 INFO services.account_scanner Page 234: fetched 100 users, 23 collectible, 3909 total candidates
2026-06-10 16:24:56,149 INFO httpx HTTP Request: POST https://private-users-mcp.query.prod.telnyx.io:3000/mcp "HTTP/1.1 200 OK"
2026-06-10 16:24:56,307 INFO services.account_scanner Page 235: fetched 100 users, 19 collectible, 3928 total candidates
2026-06-10 16:24:56,795 INFO httpx HTTP Request: POST https://private-users-mcp.query.prod.telnyx.io:3000/mcp "HTTP/1.1 200 OK"
2026-06-10 16:24:56,953 INFO services.account_scanner Page 236: fetched 100 users, 11 collectible, 3939 total candidates
2026-06-10 16:24:57,448 INFO httpx HTTP Request: POST https://private-users-mcp.query.prod.telnyx.io:3000/mcp "HTTP/1.1 200 OK"
2026-06-10 16:24:57,615 INFO services.account_scanner Page 237: fetched 100 users, 14 collectible, 3953 total candidates
2026-06-10 16:24:58,876 INFO httpx HTTP Request: POST https://private-users-mcp.query.prod.telnyx.io:3000/mcp "HTTP/1.1 200 OK"
2026-06-10 16:24:59,184 INFO services.account_scanner Page 238: fetched 100 users, 16 collectible, 3969 total candidates
2026-06-10 16:25:00,481 INFO httpx HTTP Request: POST https://private-users-mcp.query.prod.telnyx.io:3000/mcp "HTTP/1.1 200 OK"
2026-06-10 16:25:00,794 INFO services.account_scanner Page 239: fetched 100 users, 23 collectible, 3992 total candidates
2026-06-10 16:25:02,137 INFO httpx HTTP Request: POST https://private-users-mcp.query.prod.telnyx.io:3000/mcp "HTTP/1.1 200 OK"
2026-06-10 16:25:02,558 INFO services.account_scanner Page 240: fetched 100 users, 22 collectible, 4014 total candidates
2026-06-10 16:25:03,989 INFO httpx HTTP Request: POST https://private-users-mcp.query.prod.telnyx.io:3000/mcp "HTTP/1.1 200 OK"
2026-06-10 16:25:04,433 INFO services.account_scanner Page 241: fetched 100 users, 38 collectible, 4052 total candidates
2026-06-10 16:25:05,859 INFO httpx HTTP Request: POST https://private-users-mcp.query.prod.telnyx.io:3000/mcp "HTTP/1.1 200 OK"
2026-06-10 16:25:06,308 INFO services.account_scanner Page 242: fetched 100 users, 38 collectible, 4090 total candidates
2026-06-10 16:25:07,423 INFO httpx HTTP Request: POST https://private-users-mcp.query.prod.telnyx.io:3000/mcp "HTTP/1.1 200 OK"
2026-06-10 16:25:07,849 INFO services.account_scanner Page 243: fetched 100 users, 12 collectible, 4102 total candidates
2026-06-10 16:25:08,964 INFO httpx HTTP Request: POST https://private-users-mcp.query.prod.telnyx.io:3000/mcp "HTTP/1.1 200 OK"
2026-06-10 16:25:09,384 INFO services.account_scanner Page 244: fetched 100 users, 10 collectible, 4112 total candidates
2026-06-10 16:25:11,054 INFO httpx HTTP Request: POST https://private-users-mcp.query.prod.telnyx.io:3000/mcp "HTTP/1.1 200 OK"
2026-06-10 16:25:11,511 INFO services.account_scanner Page 245: fetched 100 users, 38 collectible, 4150 total candidates
2026-06-10 16:25:13,730 INFO httpx HTTP Request: POST https://private-users-mcp.query.prod.telnyx.io:3000/mcp "HTTP/1.1 200 OK"
2026-06-10 16:25:14,308 INFO services.account_scanner Page 246: fetched 100 users, 42 collectible, 4192 total candidates
2026-06-10 16:25:16,340 INFO httpx HTTP Request: POST https://private-users-mcp.query.prod.telnyx.io:3000/mcp "HTTP/1.1 200 OK"
2026-06-10 16:25:16,901 INFO services.account_scanner Page 247: fetched 100 users, 68 collectible, 4260 total candidates
2026-06-10 16:25:17,538 INFO httpx HTTP Request: POST https://private-users-mcp.query.prod.telnyx.io:3000/mcp "HTTP/1.1 200 OK"
2026-06-10 16:25:17,708 INFO services.account_scanner Page 248: fetched 100 users, 55 collectible, 4315 total candidates
2026-06-10 16:25:18,321 INFO httpx HTTP Request: POST https://private-users-mcp.query.prod.telnyx.io:3000/mcp "HTTP/1.1 200 OK"
2026-06-10 16:25:18,483 INFO services.account_scanner Page 249: fetched 100 users, 61 collectible, 4376 total candidates
2026-06-10 16:25:19,056 INFO httpx HTTP Request: POST https://private-users-mcp.query.prod.telnyx.io:3000/mcp "HTTP/1.1 200 OK"
2026-06-10 16:25:19,221 INFO services.account_scanner Page 250: fetched 100 users, 54 collectible, 4430 total candidates
2026-06-10 16:25:19,782 INFO httpx HTTP Request: POST https://private-users-mcp.query.prod.telnyx.io:3000/mcp "HTTP/1.1 200 OK"
2026-06-10 16:25:19,942 INFO services.account_scanner Page 251: fetched 100 users, 44 collectible, 4474 total candidates
2026-06-10 16:25:20,481 INFO httpx HTTP Request: POST https://private-users-mcp.query.prod.telnyx.io:3000/mcp "HTTP/1.1 200 OK"
2026-06-10 16:25:20,638 INFO services.account_scanner Page 252: fetched 100 users, 32 collectible, 4506 total candidates
2026-06-10 16:25:21,294 INFO httpx HTTP Request: POST https://private-users-mcp.query.prod.telnyx.io:3000/mcp "HTTP/1.1 200 OK"
2026-06-10 16:25:21,455 INFO services.account_scanner Page 253: fetched 100 users, 63 collectible, 4569 total candidates
2026-06-10 16:25:22,091 INFO httpx HTTP Request: POST https://private-users-mcp.query.prod.telnyx.io:3000/mcp "HTTP/1.1 200 OK"
2026-06-10 16:25:22,250 INFO services.account_scanner Page 254: fetched 100 users, 70 collectible, 4639 total candidates
2026-06-10 16:25:22,923 INFO httpx HTTP Request: POST https://private-users-mcp.query.prod.telnyx.io:3000/mcp "HTTP/1.1 200 OK"
2026-06-10 16:25:23,081 INFO services.account_scanner Page 255: fetched 100 users, 66 collectible, 4705 total candidates
2026-06-10 16:25:23,740 INFO httpx HTTP Request: POST https://private-users-mcp.query.prod.telnyx.io:3000/mcp "HTTP/1.1 200 OK"
2026-06-10 16:25:23,901 INFO services.account_scanner Page 256: fetched 100 users, 62 collectible, 4767 total candidates
2026-06-10 16:25:24,473 INFO httpx HTTP Request: POST https://private-users-mcp.query.prod.telnyx.io:3000/mcp "HTTP/1.1 200 OK"
2026-06-10 16:25:24,629 INFO services.account_scanner Page 257: fetched 100 users, 51 collectible, 4818 total candidates
2026-06-10 16:25:25,163 INFO httpx HTTP Request: POST https://private-users-mcp.query.prod.telnyx.io:3000/mcp "HTTP/1.1 200 OK"
2026-06-10 16:25:25,322 INFO services.account_scanner Page 258: fetched 100 users, 50 collectible, 4868 total candidates
2026-06-10 16:25:25,886 INFO httpx HTTP Request: POST https://private-users-mcp.query.prod.telnyx.io:3000/mcp "HTTP/1.1 200 OK"
2026-06-10 16:25:26,046 INFO services.account_scanner Page 259: fetched 100 users, 44 collectible, 4912 total candidates
2026-06-10 16:25:26,610 INFO httpx HTTP Request: POST https://private-users-mcp.query.prod.telnyx.io:3000/mcp "HTTP/1.1 200 OK"
2026-06-10 16:25:26,774 INFO services.account_scanner Page 260: fetched 100 users, 56 collectible, 4968 total candidates
2026-06-10 16:25:27,347 INFO httpx HTTP Request: POST https://private-users-mcp.query.prod.telnyx.io:3000/mcp "HTTP/1.1 200 OK"
2026-06-10 16:25:27,506 INFO services.account_scanner Page 261: fetched 100 users, 52 collectible, 5020 total candidates
2026-06-10 16:25:27,995 INFO httpx HTTP Request: POST https://private-users-mcp.query.prod.telnyx.io:3000/mcp "HTTP/1.1 200 OK"
2026-06-10 16:25:28,153 INFO services.account_scanner Page 262: fetched 100 users, 41 collectible, 5061 total candidates
2026-06-10 16:25:28,715 INFO httpx HTTP Request: POST https://private-users-mcp.query.prod.telnyx.io:3000/mcp "HTTP/1.1 200 OK"
2026-06-10 16:25:28,873 INFO services.account_scanner Page 263: fetched 100 users, 50 collectible, 5111 total candidates
2026-06-10 16:25:29,513 INFO httpx HTTP Request: POST https://private-users-mcp.query.prod.telnyx.io:3000/mcp "HTTP/1.1 200 OK"
2026-06-10 16:25:29,676 INFO services.account_scanner Page 264: fetched 100 users, 52 collectible, 5163 total candidates
2026-06-10 16:25:30,155 INFO httpx HTTP Request: POST https://private-users-mcp.query.prod.telnyx.io:3000/mcp "HTTP/1.1 200 OK"
2026-06-10 16:25:30,318 INFO services.account_scanner Page 265: fetched 100 users, 54 collectible, 5217 total candidates
2026-06-10 16:25:30,800 INFO httpx HTTP Request: POST https://private-users-mcp.query.prod.telnyx.io:3000/mcp "HTTP/1.1 200 OK"
2026-06-10 16:25:30,958 INFO services.account_scanner Page 266: fetched 100 users, 36 collectible, 5253 total candidates
2026-06-10 16:25:31,472 INFO httpx HTTP Request: POST https://private-users-mcp.query.prod.telnyx.io:3000/mcp "HTTP/1.1 200 OK"
2026-06-10 16:25:31,629 INFO services.account_scanner Page 267: fetched 100 users, 36 collectible, 5289 total candidates
2026-06-10 16:25:32,265 INFO httpx HTTP Request: POST https://private-users-mcp.query.prod.telnyx.io:3000/mcp "HTTP/1.1 200 OK"
2026-06-10 16:25:32,429 INFO services.account_scanner Page 268: fetched 100 users, 40 collectible, 5329 total candidates
2026-06-10 16:25:32,918 INFO httpx HTTP Request: POST https://private-users-mcp.query.prod.telnyx.io:3000/mcp "HTTP/1.1 200 OK"
2026-06-10 16:25:33,079 INFO services.account_scanner Page 269: fetched 100 users, 60 collectible, 5389 total candidates
2026-06-10 16:25:33,530 INFO httpx HTTP Request: POST https://private-users-mcp.query.prod.telnyx.io:3000/mcp "HTTP/1.1 200 OK"
2026-06-10 16:25:33,692 INFO services.account_scanner Page 270: fetched 100 users, 44 collectible, 5433 total candidates
2026-06-10 16:25:34,222 INFO httpx HTTP Request: POST https://private-users-mcp.query.prod.telnyx.io:3000/mcp "HTTP/1.1 200 OK"
2026-06-10 16:25:34,400 INFO services.account_scanner Page 271: fetched 100 users, 59 collectible, 5492 total candidates
2026-06-10 16:25:34,876 INFO httpx HTTP Request: POST https://private-users-mcp.query.prod.telnyx.io:3000/mcp "HTTP/1.1 200 OK"
2026-06-10 16:25:35,033 INFO services.account_scanner Page 272: fetched 100 users, 39 collectible, 5531 total candidates
2026-06-10 16:25:35,845 INFO httpx HTTP Request: POST https://private-users-mcp.query.prod.telnyx.io:3000/mcp "HTTP/1.1 200 OK"
2026-06-10 16:25:36,022 INFO services.account_scanner Page 273: fetched 100 users, 43 collectible, 5574 total candidates
2026-06-10 16:25:36,511 INFO httpx HTTP Request: POST https://private-users-mcp.query.prod.telnyx.io:3000/mcp "HTTP/1.1 200 OK"
2026-06-10 16:25:36,675 INFO services.account_scanner Page 274: fetched 100 users, 52 collectible, 5626 total candidates
2026-06-10 16:25:37,381 INFO httpx HTTP Request: POST https://private-users-mcp.query.prod.telnyx.io:3000/mcp "HTTP/1.1 200 OK"
2026-06-10 16:25:37,559 INFO services.account_scanner Page 275: fetched 100 users, 54 collectible, 5680 total candidates
2026-06-10 16:25:38,083 INFO httpx HTTP Request: POST https://private-users-mcp.query.prod.telnyx.io:3000/mcp "HTTP/1.1 200 OK"
2026-06-10 16:25:38,252 INFO services.account_scanner Page 276: fetched 100 users, 54 collectible, 5734 total candidates
2026-06-10 16:25:38,728 INFO httpx HTTP Request: POST https://private-users-mcp.query.prod.telnyx.io:3000/mcp "HTTP/1.1 200 OK"
2026-06-10 16:25:38,892 INFO services.account_scanner Page 277: fetched 100 users, 51 collectible, 5785 total candidates
2026-06-10 16:25:39,446 INFO httpx HTTP Request: POST https://private-users-mcp.query.prod.telnyx.io:3000/mcp "HTTP/1.1 200 OK"
2026-06-10 16:25:39,610 INFO services.account_scanner Page 278: fetched 100 users, 68 collectible, 5853 total candidates
2026-06-10 16:25:40,063 INFO httpx HTTP Request: POST https://private-users-mcp.query.prod.telnyx.io:3000/mcp "HTTP/1.1 200 OK"
2026-06-10 16:25:40,221 INFO services.account_scanner Page 279: fetched 100 users, 57 collectible, 5910 total candidates
2026-06-10 16:25:40,663 INFO httpx HTTP Request: POST https://private-users-mcp.query.prod.telnyx.io:3000/mcp "HTTP/1.1 200 OK"
2026-06-10 16:25:40,829 INFO services.account_scanner Page 280: fetched 100 users, 46 collectible, 5956 total candidates
2026-06-10 16:25:41,328 INFO httpx HTTP Request: POST https://private-users-mcp.query.prod.telnyx.io:3000/mcp "HTTP/1.1 200 OK"
2026-06-10 16:25:41,485 INFO services.account_scanner Page 281: fetched 100 users, 50 collectible, 6006 total candidates
2026-06-10 16:25:41,984 INFO httpx HTTP Request: POST https://private-users-mcp.query.prod.telnyx.io:3000/mcp "HTTP/1.1 200 OK"
2026-06-10 16:25:42,136 INFO services.account_scanner Page 282: fetched 100 users, 66 collectible, 6072 total candidates
2026-06-10 16:25:42,593 INFO httpx HTTP Request: POST https://private-users-mcp.query.prod.telnyx.io:3000/mcp "HTTP/1.1 200 OK"
2026-06-10 16:25:42,751 INFO services.account_scanner Page 283: fetched 100 users, 55 collectible, 6127 total candidates
2026-06-10 16:25:43,206 INFO httpx HTTP Request: POST https://private-users-mcp.query.prod.telnyx.io:3000/mcp "HTTP/1.1 200 OK"
2026-06-10 16:25:43,361 INFO services.account_scanner Page 284: fetched 100 users, 36 collectible, 6163 total candidates
2026-06-10 16:25:43,854 INFO httpx HTTP Request: POST https://private-users-mcp.query.prod.telnyx.io:3000/mcp "HTTP/1.1 200 OK"
2026-06-10 16:25:44,012 INFO services.account_scanner Page 285: fetched 100 users, 39 collectible, 6202 total candidates
2026-06-10 16:25:44,583 INFO httpx HTTP Request: POST https://private-users-mcp.query.prod.telnyx.io:3000/mcp "HTTP/1.1 200 OK"
2026-06-10 16:25:44,742 INFO services.account_scanner Page 286: fetched 100 users, 57 collectible, 6259 total candidates
2026-06-10 16:25:45,346 INFO httpx HTTP Request: POST https://private-users-mcp.query.prod.telnyx.io:3000/mcp "HTTP/1.1 200 OK"
2026-06-10 16:25:45,502 INFO services.account_scanner Page 287: fetched 100 users, 65 collectible, 6324 total candidates
2026-06-10 16:25:46,134 INFO httpx HTTP Request: POST https://private-users-mcp.query.prod.telnyx.io:3000/mcp "HTTP/1.1 200 OK"
2026-06-10 16:25:46,291 INFO services.account_scanner Page 288: fetched 100 users, 71 collectible, 6395 total candidates
2026-06-10 16:25:46,839 INFO httpx HTTP Request: POST https://private-users-mcp.query.prod.telnyx.io:3000/mcp "HTTP/1.1 200 OK"
2026-06-10 16:25:46,995 INFO services.account_scanner Page 289: fetched 100 users, 77 collectible, 6472 total candidates
2026-06-10 16:25:47,558 INFO httpx HTTP Request: POST https://private-users-mcp.query.prod.telnyx.io:3000/mcp "HTTP/1.1 200 OK"
2026-06-10 16:25:47,713 INFO services.account_scanner Page 290: fetched 100 users, 60 collectible, 6532 total candidates
2026-06-10 16:25:48,214 INFO httpx HTTP Request: POST https://private-users-mcp.query.prod.telnyx.io:3000/mcp "HTTP/1.1 200 OK"
2026-06-10 16:25:48,374 INFO services.account_scanner Page 291: fetched 100 users, 35 collectible, 6567 total candidates
2026-06-10 16:25:48,884 INFO httpx HTTP Request: POST https://private-users-mcp.query.prod.telnyx.io:3000/mcp "HTTP/1.1 200 OK"
2026-06-10 16:25:49,043 INFO services.account_scanner Page 292: fetched 100 users, 31 collectible, 6598 total candidates
2026-06-10 16:25:49,491 INFO httpx HTTP Request: POST https://private-users-mcp.query.prod.telnyx.io:3000/mcp "HTTP/1.1 200 OK"
2026-06-10 16:25:49,646 INFO services.account_scanner Page 293: fetched 100 users, 32 collectible, 6630 total candidates
2026-06-10 16:25:50,108 INFO httpx HTTP Request: POST https://private-users-mcp.query.prod.telnyx.io:3000/mcp "HTTP/1.1 200 OK"
2026-06-10 16:25:50,265 INFO services.account_scanner Page 294: fetched 100 users, 47 collectible, 6677 total candidates
2026-06-10 16:25:50,728 INFO httpx HTTP Request: POST https://private-users-mcp.query.prod.telnyx.io:3000/mcp "HTTP/1.1 200 OK"
2026-06-10 16:25:50,891 INFO services.account_scanner Page 295: fetched 100 users, 26 collectible, 6703 total candidates
2026-06-10 16:25:51,324 INFO httpx HTTP Request: POST https://private-users-mcp.query.prod.telnyx.io:3000/mcp "HTTP/1.1 200 OK"
2026-06-10 16:25:51,483 INFO services.account_scanner Page 296: fetched 100 users, 56 collectible, 6759 total candidates
2026-06-10 16:25:51,963 INFO httpx HTTP Request: POST https://private-users-mcp.query.prod.telnyx.io:3000/mcp "HTTP/1.1 200 OK"
2026-06-10 16:25:52,121 INFO services.account_scanner Page 297: fetched 100 users, 54 collectible, 6813 total candidates
2026-06-10 16:25:52,576 INFO httpx HTTP Request: POST https://private-users-mcp.query.prod.telnyx.io:3000/mcp "HTTP/1.1 200 OK"
2026-06-10 16:25:52,735 INFO services.account_scanner Page 298: fetched 100 users, 48 collectible, 6861 total candidates
2026-06-10 16:25:53,229 INFO httpx HTTP Request: POST https://private-users-mcp.query.prod.telnyx.io:3000/mcp "HTTP/1.1 200 OK"
2026-06-10 16:25:53,391 INFO services.account_scanner Page 299: fetched 100 users, 46 collectible, 6907 total candidates
2026-06-10 16:25:53,825 INFO httpx HTTP Request: POST https://private-users-mcp.query.prod.telnyx.io:3000/mcp "HTTP/1.1 200 OK"
2026-06-10 16:25:53,982 INFO services.account_scanner Page 300: fetched 100 users, 23 collectible, 6930 total candidates
2026-06-10 16:25:54,630 INFO httpx HTTP Request: POST https://private-users-mcp.query.prod.telnyx.io:3000/mcp "HTTP/1.1 200 OK"
2026-06-10 16:25:54,788 INFO services.account_scanner Page 301: fetched 100 users, 36 collectible, 6966 total candidates
2026-06-10 16:25:55,361 INFO httpx HTTP Request: POST https://private-users-mcp.query.prod.telnyx.io:3000/mcp "HTTP/1.1 200 OK"
2026-06-10 16:25:55,519 INFO services.account_scanner Page 302: fetched 100 users, 44 collectible, 7010 total candidates
2026-06-10 16:25:55,982 INFO httpx HTTP Request: POST https://private-users-mcp.query.prod.telnyx.io:3000/mcp "HTTP/1.1 200 OK"
2026-06-10 16:25:56,139 INFO services.account_scanner Page 303: fetched 100 users, 43 collectible, 7053 total candidates
2026-06-10 16:25:56,555 INFO httpx HTTP Request: POST https://private-users-mcp.query.prod.telnyx.io:3000/mcp "HTTP/1.1 200 OK"
2026-06-10 16:25:56,712 INFO services.account_scanner Page 304: fetched 100 users, 10 collectible, 7063 total candidates
2026-06-10 16:25:57,174 INFO httpx HTTP Request: POST https://private-users-mcp.query.prod.telnyx.io:3000/mcp "HTTP/1.1 200 OK"
2026-06-10 16:25:57,336 INFO services.account_scanner Page 305: fetched 100 users, 47 collectible, 7110 total candidates
2026-06-10 16:25:57,827 INFO httpx HTTP Request: POST https://private-users-mcp.query.prod.telnyx.io:3000/mcp "HTTP/1.1 200 OK"
2026-06-10 16:25:57,984 INFO services.account_scanner Page 306: fetched 100 users, 45 collectible, 7155 total candidates
2026-06-10 16:25:58,451 INFO httpx HTTP Request: POST https://private-users-mcp.query.prod.telnyx.io:3000/mcp "HTTP/1.1 200 OK"
2026-06-10 16:25:58,611 INFO services.account_scanner Page 307: fetched 100 users, 56 collectible, 7211 total candidates
2026-06-10 16:25:59,096 INFO httpx HTTP Request: POST https://private-users-mcp.query.prod.telnyx.io:3000/mcp "HTTP/1.1 200 OK"
2026-06-10 16:25:59,259 INFO services.account_scanner Page 308: fetched 100 users, 42 collectible, 7253 total candidates
2026-06-10 16:25:59,739 INFO httpx HTTP Request: POST https://private-users-mcp.query.prod.telnyx.io:3000/mcp "HTTP/1.1 200 OK"
2026-06-10 16:25:59,899 INFO services.account_scanner Page 309: fetched 100 users, 47 collectible, 7300 total candidates
2026-06-10 16:26:00,395 INFO httpx HTTP Request: POST https://private-users-mcp.query.prod.telnyx.io:3000/mcp "HTTP/1.1 200 OK"
2026-06-10 16:26:00,556 INFO services.account_scanner Page 310: fetched 100 users, 44 collectible, 7344 total candidates
2026-06-10 16:26:01,123 INFO httpx HTTP Request: POST https://private-users-mcp.query.prod.telnyx.io:3000/mcp "HTTP/1.1 200 OK"
2026-06-10 16:26:01,280 INFO services.account_scanner Page 311: fetched 100 users, 49 collectible, 7393 total candidates
2026-06-10 16:26:01,778 INFO httpx HTTP Request: POST https://private-users-mcp.query.prod.telnyx.io:3000/mcp "HTTP/1.1 200 OK"
2026-06-10 16:26:01,939 INFO services.account_scanner Page 312: fetched 100 users, 29 collectible, 7422 total candidates
2026-06-10 16:26:02,461 INFO httpx HTTP Request: POST https://private-users-mcp.query.prod.telnyx.io:3000/mcp "HTTP/1.1 200 OK"
2026-06-10 16:26:02,622 INFO services.account_scanner Page 313: fetched 100 users, 50 collectible, 7472 total candidates
2026-06-10 16:26:03,292 INFO httpx HTTP Request: POST https://private-users-mcp.query.prod.telnyx.io:3000/mcp "HTTP/1.1 200 OK"
2026-06-10 16:26:03,450 INFO services.account_scanner Page 314: fetched 100 users, 52 collectible, 7524 total candidates
2026-06-10 16:26:04,321 INFO httpx HTTP Request: POST https://private-users-mcp.query.prod.telnyx.io:3000/mcp "HTTP/1.1 200 OK"
2026-06-10 16:26:04,507 INFO services.account_scanner Page 315: fetched 100 users, 73 collectible, 7597 total candidates
2026-06-10 16:26:05,324 INFO httpx HTTP Request: POST https://private-users-mcp.query.prod.telnyx.io:3000/mcp "HTTP/1.1 200 OK"
2026-06-10 16:26:05,505 INFO services.account_scanner Page 316: fetched 100 users, 68 collectible, 7665 total candidates
2026-06-10 16:26:06,158 INFO httpx HTTP Request: POST https://private-users-mcp.query.prod.telnyx.io:3000/mcp "HTTP/1.1 200 OK"
2026-06-10 16:26:06,320 INFO services.account_scanner Page 317: fetched 100 users, 61 collectible, 7726 total candidates
2026-06-10 16:26:06,916 INFO httpx HTTP Request: POST https://private-users-mcp.query.prod.telnyx.io:3000/mcp "HTTP/1.1 200 OK"
2026-06-10 16:26:07,074 INFO services.account_scanner Page 318: fetched 100 users, 63 collectible, 7789 total candidates
2026-06-10 16:26:07,677 INFO httpx HTTP Request: POST https://private-users-mcp.query.prod.telnyx.io:3000/mcp "HTTP/1.1 200 OK"
2026-06-10 16:26:07,836 INFO services.account_scanner Page 319: fetched 100 users, 67 collectible, 7856 total candidates
2026-06-10 16:26:08,534 INFO httpx HTTP Request: POST https://private-users-mcp.query.prod.telnyx.io:3000/mcp "HTTP/1.1 200 OK"
2026-06-10 16:26:08,714 INFO services.account_scanner Page 320: fetched 100 users, 59 collectible, 7915 total candidates
2026-06-10 16:26:09,278 INFO httpx HTTP Request: POST https://private-users-mcp.query.prod.telnyx.io:3000/mcp "HTTP/1.1 200 OK"
2026-06-10 16:26:09,444 INFO services.account_scanner Page 321: fetched 100 users, 57 collectible, 7972 total candidates
2026-06-10 16:26:09,984 INFO httpx HTTP Request: POST https://private-users-mcp.query.prod.telnyx.io:3000/mcp "HTTP/1.1 200 OK"
2026-06-10 16:26:10,145 INFO services.account_scanner Page 322: fetched 100 users, 63 collectible, 8035 total candidates
2026-06-10 16:26:10,710 INFO httpx HTTP Request: POST https://private-users-mcp.query.prod.telnyx.io:3000/mcp "HTTP/1.1 200 OK"
2026-06-10 16:26:10,870 INFO services.account_scanner Page 323: fetched 100 users, 62 collectible, 8097 total candidates
2026-06-10 16:26:11,583 INFO httpx HTTP Request: POST https://private-users-mcp.query.prod.telnyx.io:3000/mcp "HTTP/1.1 200 OK"
2026-06-10 16:26:11,759 INFO services.account_scanner Page 324: fetched 100 users, 67 collectible, 8164 total candidates
2026-06-10 16:26:12,276 INFO httpx HTTP Request: POST https://private-users-mcp.query.prod.telnyx.io:3000/mcp "HTTP/1.1 200 OK"
2026-06-10 16:26:12,439 INFO services.account_scanner Page 325: fetched 100 users, 63 collectible, 8227 total candidates
2026-06-10 16:26:12,904 INFO httpx HTTP Request: POST https://private-users-mcp.query.prod.telnyx.io:3000/mcp "HTTP/1.1 200 OK"
2026-06-10 16:26:13,060 INFO services.account_scanner Page 326: fetched 100 users, 42 collectible, 8269 total candidates
2026-06-10 16:26:13,635 INFO httpx HTTP Request: POST https://private-users-mcp.query.prod.telnyx.io:3000/mcp "HTTP/1.1 200 OK"
2026-06-10 16:26:13,792 INFO services.account_scanner Page 327: fetched 100 users, 57 collectible, 8326 total candidates
2026-06-10 16:26:14,296 INFO httpx HTTP Request: POST https://private-users-mcp.query.prod.telnyx.io:3000/mcp "HTTP/1.1 200 OK"
2026-06-10 16:26:14,461 INFO services.account_scanner Page 328: fetched 100 users, 49 collectible, 8375 total candidates
2026-06-10 16:26:14,909 INFO httpx HTTP Request: POST https://private-users-mcp.query.prod.telnyx.io:3000/mcp "HTTP/1.1 200 OK"
2026-06-10 16:26:15,076 INFO services.account_scanner Page 329: fetched 100 users, 39 collectible, 8414 total candidates
2026-06-10 16:26:15,558 INFO httpx HTTP Request: POST https://private-users-mcp.query.prod.telnyx.io:3000/mcp "HTTP/1.1 200 OK"
2026-06-10 16:26:15,717 INFO services.account_scanner Page 330: fetched 100 users, 44 collectible, 8458 total candidates
2026-06-10 16:26:16,283 INFO httpx HTTP Request: POST https://private-users-mcp.query.prod.telnyx.io:3000/mcp "HTTP/1.1 200 OK"
2026-06-10 16:26:16,444 INFO services.account_scanner Page 331: fetched 100 users, 48 collectible, 8506 total candidates
2026-06-10 16:26:16,940 INFO httpx HTTP Request: POST https://private-users-mcp.query.prod.telnyx.io:3000/mcp "HTTP/1.1 200 OK"
2026-06-10 16:26:17,096 INFO services.account_scanner Page 332: fetched 100 users, 42 collectible, 8548 total candidates
2026-06-10 16:26:17,602 INFO httpx HTTP Request: POST https://private-users-mcp.query.prod.telnyx.io:3000/mcp "HTTP/1.1 200 OK"
2026-06-10 16:26:17,761 INFO services.account_scanner Page 333: fetched 100 users, 47 collectible, 8595 total candidates
2026-06-10 16:26:18,224 INFO httpx HTTP Request: POST https://private-users-mcp.query.prod.telnyx.io:3000/mcp "HTTP/1.1 200 OK"
2026-06-10 16:26:18,379 INFO services.account_scanner Page 334: fetched 100 users, 34 collectible, 8629 total candidates
2026-06-10 16:26:18,850 INFO httpx HTTP Request: POST https://private-users-mcp.query.prod.telnyx.io:3000/mcp "HTTP/1.1 200 OK"
2026-06-10 16:26:19,011 INFO services.account_scanner Page 335: fetched 100 users, 37 collectible, 8666 total candidates
2026-06-10 16:26:19,485 INFO httpx HTTP Request: POST https://private-users-mcp.query.prod.telnyx.io:3000/mcp "HTTP/1.1 200 OK"
2026-06-10 16:26:19,643 INFO services.account_scanner Page 336: fetched 100 users, 27 collectible, 8693 total candidates
2026-06-10 16:26:20,277 INFO httpx HTTP Request: POST https://private-users-mcp.query.prod.telnyx.io:3000/mcp "HTTP/1.1 200 OK"
2026-06-10 16:26:20,436 INFO services.account_scanner Page 337: fetched 100 users, 58 collectible, 8751 total candidates
2026-06-10 16:26:21,177 INFO httpx HTTP Request: POST https://private-users-mcp.query.prod.telnyx.io:3000/mcp "HTTP/1.1 200 OK"
2026-06-10 16:26:21,353 INFO services.account_scanner Page 338: fetched 100 users, 68 collectible, 8819 total candidates
2026-06-10 16:26:21,847 INFO httpx HTTP Request: POST https://private-users-mcp.query.prod.telnyx.io:3000/mcp "HTTP/1.1 200 OK"
2026-06-10 16:26:22,010 INFO services.account_scanner Page 339: fetched 100 users, 56 collectible, 8875 total candidates
2026-06-10 16:26:22,603 INFO httpx HTTP Request: POST https://private-users-mcp.query.prod.telnyx.io:3000/mcp "HTTP/1.1 200 OK"
2026-06-10 16:26:22,765 INFO services.account_scanner Page 340: fetched 100 users, 64 collectible, 8939 total candidates
2026-06-10 16:26:23,296 INFO httpx HTTP Request: POST https://private-users-mcp.query.prod.telnyx.io:3000/mcp "HTTP/1.1 200 OK"
2026-06-10 16:26:23,454 INFO services.account_scanner Page 341: fetched 100 users, 59 collectible, 8998 total candidates
2026-06-10 16:26:24,076 INFO httpx HTTP Request: POST https://private-users-mcp.query.prod.telnyx.io:3000/mcp "HTTP/1.1 200 OK"
2026-06-10 16:26:24,234 INFO services.account_scanner Page 342: fetched 100 users, 68 collectible, 9066 total candidates
2026-06-10 16:26:24,839 INFO httpx HTTP Request: POST https://private-users-mcp.query.prod.telnyx.io:3000/mcp "HTTP/1.1 200 OK"
2026-06-10 16:26:24,999 INFO services.account_scanner Page 343: fetched 100 users, 22 collectible, 9088 total candidates
2026-06-10 16:26:25,489 INFO httpx HTTP Request: POST https://private-users-mcp.query.prod.telnyx.io:3000/mcp "HTTP/1.1 200 OK"
2026-06-10 16:26:25,646 INFO services.account_scanner Page 344: fetched 100 users, 0 collectible, 9088 total candidates
2026-06-10 16:26:26,073 INFO httpx HTTP Request: POST https://private-users-mcp.query.prod.telnyx.io:3000/mcp "HTTP/1.1 200 OK"
2026-06-10 16:26:26,229 INFO services.account_scanner Page 345: fetched 100 users, 0 collectible, 9088 total candidates
2026-06-10 16:26:26,624 INFO httpx HTTP Request: POST https://private-users-mcp.query.prod.telnyx.io:3000/mcp "HTTP/1.1 200 OK"
2026-06-10 16:26:26,782 INFO services.account_scanner Page 346: fetched 100 users, 0 collectible, 9088 total candidates
2026-06-10 16:26:27,190 INFO httpx HTTP Request: POST https://private-users-mcp.query.prod.telnyx.io:3000/mcp "HTTP/1.1 200 OK"
2026-06-10 16:26:27,346 INFO services.account_scanner Page 347: fetched 100 users, 0 collectible, 9088 total candidates
2026-06-10 16:26:27,746 INFO httpx HTTP Request: POST https://private-users-mcp.query.prod.telnyx.io:3000/mcp "HTTP/1.1 200 OK"
2026-06-10 16:26:27,907 INFO services.account_scanner Page 348: fetched 100 users, 0 collectible, 9088 total candidates
2026-06-10 16:26:28,317 INFO httpx HTTP Request: POST https://private-users-mcp.query.prod.telnyx.io:3000/mcp "HTTP/1.1 200 OK"
2026-06-10 16:26:28,473 INFO services.account_scanner Page 349: fetched 100 users, 0 collectible, 9088 total candidates
2026-06-10 16:26:28,888 INFO httpx HTTP Request: POST https://private-users-mcp.query.prod.telnyx.io:3000/mcp "HTTP/1.1 200 OK"
2026-06-10 16:26:29,045 INFO services.account_scanner Page 350: fetched 100 users, 0 collectible, 9088 total candidates
2026-06-10 16:26:29,467 INFO httpx HTTP Request: POST https://private-users-mcp.query.prod.telnyx.io:3000/mcp "HTTP/1.1 200 OK"
2026-06-10 16:26:29,624 INFO services.account_scanner Page 351: fetched 100 users, 0 collectible, 9088 total candidates
2026-06-10 16:26:30,019 INFO httpx HTTP Request: POST https://private-users-mcp.query.prod.telnyx.io:3000/mcp "HTTP/1.1 200 OK"
2026-06-10 16:26:30,176 INFO services.account_scanner Page 352: fetched 100 users, 0 collectible, 9088 total candidates
2026-06-10 16:26:30,564 INFO httpx HTTP Request: POST https://private-users-mcp.query.prod.telnyx.io:3000/mcp "HTTP/1.1 200 OK"
2026-06-10 16:26:30,720 INFO services.account_scanner Page 353: fetched 100 users, 0 collectible, 9088 total candidates
2026-06-10 16:26:31,150 INFO httpx HTTP Request: POST https://private-users-mcp.query.prod.telnyx.io:3000/mcp "HTTP/1.1 200 OK"
2026-06-10 16:26:31,310 INFO services.account_scanner Page 354: fetched 100 users, 1 collectible, 9089 total candidates
2026-06-10 16:26:31,732 INFO httpx HTTP Request: POST https://private-users-mcp.query.prod.telnyx.io:3000/mcp "HTTP/1.1 200 OK"
2026-06-10 16:26:31,897 INFO services.account_scanner Page 355: fetched 100 users, 0 collectible, 9089 total candidates
2026-06-10 16:26:32,330 INFO httpx HTTP Request: POST https://private-users-mcp.query.prod.telnyx.io:3000/mcp "HTTP/1.1 200 OK"
2026-06-10 16:26:32,487 INFO services.account_scanner Page 356: fetched 100 users, 0 collectible, 9089 total candidates
2026-06-10 16:26:32,882 INFO httpx HTTP Request: POST https://private-users-mcp.query.prod.telnyx.io:3000/mcp "HTTP/1.1 200 OK"
2026-06-10 16:26:33,038 INFO services.account_scanner Page 357: fetched 100 users, 0 collectible, 9089 total candidates
2026-06-10 16:26:33,493 INFO httpx HTTP Request: POST https://private-users-mcp.query.prod.telnyx.io:3000/mcp "HTTP/1.1 200 OK"
2026-06-10 16:26:33,655 INFO services.account_scanner Page 358: fetched 100 users, 3 collectible, 9092 total candidates
2026-06-10 16:26:34,130 INFO httpx HTTP Request: POST https://private-users-mcp.query.prod.telnyx.io:3000/mcp "HTTP/1.1 200 OK"
2026-06-10 16:26:34,292 INFO services.account_scanner Page 359: fetched 100 users, 40 collectible, 9132 total candidates
2026-06-10 16:26:34,753 INFO httpx HTTP Request: POST https://private-users-mcp.query.prod.telnyx.io:3000/mcp "HTTP/1.1 200 OK"
2026-06-10 16:26:34,910 INFO services.account_scanner Page 360: fetched 100 users, 45 collectible, 9177 total candidates
2026-06-10 16:26:35,360 INFO httpx HTTP Request: POST https://private-users-mcp.query.prod.telnyx.io:3000/mcp "HTTP/1.1 200 OK"
2026-06-10 16:26:35,515 INFO services.account_scanner Page 361: fetched 100 users, 48 collectible, 9225 total candidates
2026-06-10 16:26:36,001 INFO httpx HTTP Request: POST https://private-users-mcp.query.prod.telnyx.io:3000/mcp "HTTP/1.1 200 OK"
2026-06-10 16:26:36,160 INFO services.account_scanner Page 362: fetched 100 users, 31 collectible, 9256 total candidates
2026-06-10 16:26:36,616 INFO httpx HTTP Request: POST https://private-users-mcp.query.prod.telnyx.io:3000/mcp "HTTP/1.1 200 OK"
2026-06-10 16:26:36,773 INFO services.account_scanner Page 363: fetched 100 users, 23 collectible, 9279 total candidates
2026-06-10 16:26:37,237 INFO httpx HTTP Request: POST https://private-users-mcp.query.prod.telnyx.io:3000/mcp "HTTP/1.1 200 OK"
2026-06-10 16:26:37,396 INFO services.account_scanner Page 364: fetched 100 users, 31 collectible, 9310 total candidates
2026-06-10 16:26:37,944 INFO httpx HTTP Request: POST https://private-users-mcp.query.prod.telnyx.io:3000/mcp "HTTP/1.1 200 OK"
2026-06-10 16:26:38,105 INFO services.account_scanner Page 365: fetched 100 users, 34 collectible, 9344 total candidates
2026-06-10 16:26:38,627 INFO httpx HTTP Request: POST https://private-users-mcp.query.prod.telnyx.io:3000/mcp "HTTP/1.1 200 OK"
2026-06-10 16:26:38,788 INFO services.account_scanner Page 366: fetched 100 users, 47 collectible, 9391 total candidates
2026-06-10 16:26:39,350 INFO httpx HTTP Request: POST https://private-users-mcp.query.prod.telnyx.io:3000/mcp "HTTP/1.1 200 OK"
2026-06-10 16:26:39,508 INFO services.account_scanner Page 367: fetched 100 users, 32 collectible, 9423 total candidates
2026-06-10 16:26:40,076 INFO httpx HTTP Request: POST https://private-users-mcp.query.prod.telnyx.io:3000/mcp "HTTP/1.1 200 OK"
2026-06-10 16:26:40,234 INFO services.account_scanner Page 368: fetched 100 users, 37 collectible, 9460 total candidates
2026-06-10 16:26:40,696 INFO httpx HTTP Request: POST https://private-users-mcp.query.prod.telnyx.io:3000/mcp "HTTP/1.1 200 OK"
2026-06-10 16:26:40,856 INFO services.account_scanner Page 369: fetched 100 users, 31 collectible, 9491 total candidates
2026-06-10 16:26:41,310 INFO httpx HTTP Request: POST https://private-users-mcp.query.prod.telnyx.io:3000/mcp "HTTP/1.1 200 OK"
2026-06-10 16:26:41,466 INFO services.account_scanner Page 370: fetched 100 users, 31 collectible, 9522 total candidates
2026-06-10 16:26:41,992 INFO httpx HTTP Request: POST https://private-users-mcp.query.prod.telnyx.io:3000/mcp "HTTP/1.1 200 OK"
2026-06-10 16:26:42,153 INFO services.account_scanner Page 371: fetched 100 users, 41 collectible, 9563 total candidates
2026-06-10 16:26:42,633 INFO httpx HTTP Request: POST https://private-users-mcp.query.prod.telnyx.io:3000/mcp "HTTP/1.1 200 OK"
2026-06-10 16:26:42,792 INFO services.account_scanner Page 372: fetched 100 users, 35 collectible, 9598 total candidates
2026-06-10 16:26:43,236 INFO httpx HTTP Request: POST https://private-users-mcp.query.prod.telnyx.io:3000/mcp "HTTP/1.1 200 OK"
2026-06-10 16:26:43,394 INFO services.account_scanner Page 373: fetched 100 users, 32 collectible, 9630 total candidates
2026-06-10 16:26:43,808 INFO httpx HTTP Request: POST https://private-users-mcp.query.prod.telnyx.io:3000/mcp "HTTP/1.1 200 OK"
2026-06-10 16:26:43,970 INFO services.account_scanner Page 374: fetched 100 users, 26 collectible, 9656 total candidates
2026-06-10 16:26:44,424 INFO httpx HTTP Request: POST https://private-users-mcp.query.prod.telnyx.io:3000/mcp "HTTP/1.1 200 OK"
2026-06-10 16:26:44,580 INFO services.account_scanner Page 375: fetched 100 users, 37 collectible, 9693 total candidates
2026-06-10 16:26:45,034 INFO httpx HTTP Request: POST https://private-users-mcp.query.prod.telnyx.io:3000/mcp "HTTP/1.1 200 OK"
2026-06-10 16:26:45,194 INFO services.account_scanner Page 376: fetched 100 users, 29 collectible, 9722 total candidates
2026-06-10 16:26:45,665 INFO httpx HTTP Request: POST https://private-users-mcp.query.prod.telnyx.io:3000/mcp "HTTP/1.1 200 OK"
2026-06-10 16:26:45,825 INFO services.account_scanner Page 377: fetched 100 users, 49 collectible, 9771 total candidates
2026-06-10 16:26:46,274 INFO httpx HTTP Request: POST https://private-users-mcp.query.prod.telnyx.io:3000/mcp "HTTP/1.1 200 OK"
2026-06-10 16:26:46,435 INFO services.account_scanner Page 378: fetched 100 users, 52 collectible, 9823 total candidates
2026-06-10 16:26:46,983 INFO httpx HTTP Request: POST https://private-users-mcp.query.prod.telnyx.io:3000/mcp "HTTP/1.1 200 OK"
2026-06-10 16:26:47,144 INFO services.account_scanner Page 379: fetched 100 users, 49 collectible, 9872 total candidates
2026-06-10 16:26:47,676 INFO httpx HTTP Request: POST https://private-users-mcp.query.prod.telnyx.io:3000/mcp "HTTP/1.1 200 OK"
2026-06-10 16:26:47,832 INFO services.account_scanner Page 380: fetched 100 users, 54 collectible, 9926 total candidates
2026-06-10 16:26:48,303 INFO httpx HTTP Request: POST https://private-users-mcp.query.prod.telnyx.io:3000/mcp "HTTP/1.1 200 OK"
2026-06-10 16:26:48,457 INFO services.account_scanner Page 381: fetched 100 users, 44 collectible, 9970 total candidates
2026-06-10 16:26:49,006 INFO httpx HTTP Request: POST https://private-users-mcp.query.prod.telnyx.io:3000/mcp "HTTP/1.1 200 OK"
2026-06-10 16:26:49,169 INFO services.account_scanner Page 382: fetched 100 users, 61 collectible, 10031 total candidates
2026-06-10 16:26:49,753 INFO httpx HTTP Request: POST https://private-users-mcp.query.prod.telnyx.io:3000/mcp "HTTP/1.1 200 OK"
2026-06-10 16:26:49,913 INFO services.account_scanner Page 383: fetched 100 users, 70 collectible, 10101 total candidates
2026-06-10 16:26:50,363 INFO httpx HTTP Request: POST https://private-users-mcp.query.prod.telnyx.io:3000/mcp "HTTP/1.1 200 OK"
2026-06-10 16:26:50,520 INFO services.account_scanner Page 384: fetched 100 users, 44 collectible, 10145 total candidates
2026-06-10 16:26:51,013 INFO httpx HTTP Request: POST https://private-users-mcp.query.prod.telnyx.io:3000/mcp "HTTP/1.1 200 OK"
2026-06-10 16:26:51,178 INFO services.account_scanner Page 385: fetched 100 users, 23 collectible, 10168 total candidates
2026-06-10 16:26:51,683 INFO httpx HTTP Request: POST https://private-users-mcp.query.prod.telnyx.io:3000/mcp "HTTP/1.1 200 OK"
2026-06-10 16:26:51,842 INFO services.account_scanner Page 386: fetched 100 users, 52 collectible, 10220 total candidates
2026-06-10 16:26:52,326 INFO httpx HTTP Request: POST https://private-users-mcp.query.prod.telnyx.io:3000/mcp "HTTP/1.1 200 OK"
2026-06-10 16:26:52,484 INFO services.account_scanner Page 387: fetched 100 users, 35 collectible, 10255 total candidates
2026-06-10 16:26:52,987 INFO httpx HTTP Request: POST https://private-users-mcp.query.prod.telnyx.io:3000/mcp "HTTP/1.1 200 OK"
2026-06-10 16:26:53,150 INFO services.account_scanner Page 388: fetched 100 users, 33 collectible, 10288 total candidates
2026-06-10 16:26:53,724 INFO httpx HTTP Request: POST https://private-users-mcp.query.prod.telnyx.io:3000/mcp "HTTP/1.1 200 OK"
2026-06-10 16:26:53,882 INFO services.account_scanner Page 389: fetched 100 users, 50 collectible, 10338 total candidates
2026-06-10 16:26:54,650 INFO httpx HTTP Request: POST https://private-users-mcp.query.prod.telnyx.io:3000/mcp "HTTP/1.1 200 OK"
2026-06-10 16:26:54,834 INFO services.account_scanner Page 390: fetched 100 users, 24 collectible, 10362 total candidates
2026-06-10 16:26:55,305 INFO httpx HTTP Request: POST https://private-users-mcp.query.prod.telnyx.io:3000/mcp "HTTP/1.1 200 OK"
2026-06-10 16:26:55,469 INFO services.account_scanner Page 391: fetched 100 users, 15 collectible, 10377 total candidates
2026-06-10 16:26:55,919 INFO httpx HTTP Request: POST https://private-users-mcp.query.prod.telnyx.io:3000/mcp "HTTP/1.1 200 OK"
2026-06-10 16:26:56,077 INFO services.account_scanner Page 392: fetched 100 users, 15 collectible, 10392 total candidates
2026-06-10 16:26:56,537 INFO httpx HTTP Request: POST https://private-users-mcp.query.prod.telnyx.io:3000/mcp "HTTP/1.1 200 OK"
2026-06-10 16:26:56,697 INFO services.account_scanner Page 393: fetched 100 users, 24 collectible, 10416 total candidates
2026-06-10 16:26:57,169 INFO httpx HTTP Request: POST https://private-users-mcp.query.prod.telnyx.io:3000/mcp "HTTP/1.1 200 OK"
2026-06-10 16:26:57,329 INFO services.account_scanner Page 394: fetched 100 users, 46 collectible, 10462 total candidates
2026-06-10 16:26:57,803 INFO httpx HTTP Request: POST https://private-users-mcp.query.prod.telnyx.io:3000/mcp "HTTP/1.1 200 OK"
2026-06-10 16:26:57,959 INFO services.account_scanner Page 395: fetched 100 users, 47 collectible, 10509 total candidates
2026-06-10 16:26:58,434 INFO httpx HTTP Request: POST https://private-users-mcp.query.prod.telnyx.io:3000/mcp "HTTP/1.1 200 OK"
2026-06-10 16:26:58,597 INFO services.account_scanner Page 396: fetched 100 users, 36 collectible, 10545 total candidates
2026-06-10 16:26:59,445 INFO httpx HTTP Request: POST https://private-users-mcp.query.prod.telnyx.io:3000/mcp "HTTP/1.1 200 OK"
2026-06-10 16:26:59,625 INFO services.account_scanner Page 397: fetched 100 users, 58 collectible, 10603 total candidates
2026-06-10 16:27:00,147 INFO httpx HTTP Request: POST https://private-users-mcp.query.prod.telnyx.io:3000/mcp "HTTP/1.1 200 OK"
2026-06-10 16:27:00,317 INFO services.account_scanner Page 398: fetched 100 users, 43 collectible, 10646 total candidates
2026-06-10 16:27:00,819 INFO httpx HTTP Request: POST https://private-users-mcp.query.prod.telnyx.io:3000/mcp "HTTP/1.1 200 OK"
2026-06-10 16:27:00,979 INFO services.account_scanner Page 399: fetched 100 users, 52 collectible, 10698 total candidates
2026-06-10 16:27:01,442 INFO httpx HTTP Request: POST https://private-users-mcp.query.prod.telnyx.io:3000/mcp "HTTP/1.1 200 OK"
2026-06-10 16:27:01,603 INFO services.account_scanner Page 400: fetched 100 users, 61 collectible, 10759 total candidates
2026-06-10 16:27:02,447 INFO httpx HTTP Request: POST https://private-users-mcp.query.prod.telnyx.io:3000/mcp "HTTP/1.1 200 OK"
2026-06-10 16:27:02,629 INFO services.account_scanner Page 401: fetched 100 users, 59 collectible, 10818 total candidates
2026-06-10 16:27:03,097 INFO httpx HTTP Request: POST https://private-users-mcp.query.prod.telnyx.io:3000/mcp "HTTP/1.1 200 OK"
2026-06-10 16:27:03,263 INFO services.account_scanner Page 402: fetched 100 users, 49 collectible, 10867 total candidates
2026-06-10 16:27:03,762 INFO httpx HTTP Request: POST https://private-users-mcp.query.prod.telnyx.io:3000/mcp "HTTP/1.1 200 OK"
2026-06-10 16:27:03,924 INFO services.account_scanner Page 403: fetched 100 users, 62 collectible, 10929 total candidates
2026-06-10 16:27:04,761 INFO httpx HTTP Request: POST https://private-users-mcp.query.prod.telnyx.io:3000/mcp "HTTP/1.1 200 OK"
2026-06-10 16:27:04,942 INFO services.account_scanner Page 404: fetched 100 users, 47 collectible, 10976 total candidates
2026-06-10 16:27:05,455 INFO httpx HTTP Request: POST https://private-users-mcp.query.prod.telnyx.io:3000/mcp "HTTP/1.1 200 OK"
2026-06-10 16:27:05,622 INFO services.account_scanner Page 405: fetched 100 users, 43 collectible, 11019 total candidates
2026-06-10 16:27:06,095 INFO httpx HTTP Request: POST https://private-users-mcp.query.prod.telnyx.io:3000/mcp "HTTP/1.1 200 OK"
2026-06-10 16:27:06,254 INFO services.account_scanner Page 406: fetched 100 users, 49 collectible, 11068 total candidates
2026-06-10 16:27:06,733 INFO httpx HTTP Request: POST https://private-users-mcp.query.prod.telnyx.io:3000/mcp "HTTP/1.1 200 OK"
2026-06-10 16:27:06,891 INFO services.account_scanner Page 407: fetched 100 users, 51 collectible, 11119 total candidates
2026-06-10 16:27:07,413 INFO httpx HTTP Request: POST https://private-users-mcp.query.prod.telnyx.io:3000/mcp "HTTP/1.1 200 OK"
2026-06-10 16:27:07,576 INFO services.account_scanner Page 408: fetched 100 users, 58 collectible, 11177 total candidates
2026-06-10 16:27:08,065 INFO httpx HTTP Request: POST https://private-users-mcp.query.prod.telnyx.io:3000/mcp "HTTP/1.1 200 OK"
2026-06-10 16:27:08,231 INFO services.account_scanner Page 409: fetched 100 users, 53 collectible, 11230 total candidates
2026-06-10 16:27:08,715 INFO httpx HTTP Request: POST https://private-users-mcp.query.prod.telnyx.io:3000/mcp "HTTP/1.1 200 OK"
2026-06-10 16:27:08,872 INFO services.account_scanner Page 410: fetched 100 users, 56 collectible, 11286 total candidates
2026-06-10 16:27:09,348 INFO httpx HTTP Request: POST https://private-users-mcp.query.prod.telnyx.io:3000/mcp "HTTP/1.1 200 OK"
2026-06-10 16:27:09,505 INFO services.account_scanner Page 411: fetched 100 users, 51 collectible, 11337 total candidates
2026-06-10 16:27:09,988 INFO httpx HTTP Request: POST https://private-users-mcp.query.prod.telnyx.io:3000/mcp "HTTP/1.1 200 OK"
2026-06-10 16:27:10,147 INFO services.account_scanner Page 412: fetched 100 users, 55 collectible, 11392 total candidates
2026-06-10 16:27:10,592 INFO httpx HTTP Request: POST https://private-users-mcp.query.prod.telnyx.io:3000/mcp "HTTP/1.1 200 OK"
2026-06-10 16:27:10,751 INFO services.account_scanner Page 413: fetched 100 users, 50 collectible, 11442 total candidates
2026-06-10 16:27:11,299 INFO httpx HTTP Request: POST https://private-users-mcp.query.prod.telnyx.io:3000/mcp "HTTP/1.1 200 OK"
2026-06-10 16:27:11,455 INFO services.account_scanner Page 414: fetched 100 users, 61 collectible, 11503 total candidates
2026-06-10 16:27:11,967 INFO httpx HTTP Request: POST https://private-users-mcp.query.prod.telnyx.io:3000/mcp "HTTP/1.1 200 OK"
2026-06-10 16:27:12,126 INFO services.account_scanner Page 415: fetched 100 users, 56 collectible, 11559 total candidates
2026-06-10 16:27:12,607 INFO httpx HTTP Request: POST https://private-users-mcp.query.prod.telnyx.io:3000/mcp "HTTP/1.1 200 OK"
2026-06-10 16:27:12,765 INFO services.account_scanner Page 416: fetched 100 users, 52 collectible, 11611 total candidates
2026-06-10 16:27:13,342 INFO httpx HTTP Request: POST https://private-users-mcp.query.prod.telnyx.io:3000/mcp "HTTP/1.1 200 OK"
2026-06-10 16:27:13,500 INFO services.account_scanner Page 417: fetched 100 users, 57 collectible, 11668 total candidates
2026-06-10 16:27:14,005 INFO httpx HTTP Request: POST https://private-users-mcp.query.prod.telnyx.io:3000/mcp "HTTP/1.1 200 OK"
2026-06-10 16:27:14,169 INFO services.account_scanner Page 418: fetched 100 users, 57 collectible, 11725 total candidates
2026-06-10 16:27:14,653 INFO httpx HTTP Request: POST https://private-users-mcp.query.prod.telnyx.io:3000/mcp "HTTP/1.1 200 OK"
2026-06-10 16:27:14,810 INFO services.account_scanner Page 419: fetched 100 users, 47 collectible, 11772 total candidates
2026-06-10 16:27:15,291 INFO httpx HTTP Request: POST https://private-users-mcp.query.prod.telnyx.io:3000/mcp "HTTP/1.1 200 OK"
2026-06-10 16:27:15,450 INFO services.account_scanner Page 420: fetched 100 users, 53 collectible, 11825 total candidates
2026-06-10 16:27:15,951 INFO httpx HTTP Request: POST https://private-users-mcp.query.prod.telnyx.io:3000/mcp "HTTP/1.1 200 OK"
2026-06-10 16:27:16,110 INFO services.account_scanner Page 421: fetched 100 users, 51 collectible, 11876 total candidates
2026-06-10 16:27:16,620 INFO httpx HTTP Request: POST https://private-users-mcp.query.prod.telnyx.io:3000/mcp "HTTP/1.1 200 OK"
2026-06-10 16:27:16,778 INFO services.account_scanner Page 422: fetched 100 users, 46 collectible, 11922 total candidates
2026-06-10 16:27:17,257 INFO httpx HTTP Request: POST https://private-users-mcp.query.prod.telnyx.io:3000/mcp "HTTP/1.1 200 OK"
2026-06-10 16:27:17,415 INFO services.account_scanner Page 423: fetched 100 users, 47 collectible, 11969 total candidates
2026-06-10 16:27:17,898 INFO httpx HTTP Request: POST https://private-users-mcp.query.prod.telnyx.io:3000/mcp "HTTP/1.1 200 OK"
2026-06-10 16:27:18,056 INFO services.account_scanner Page 424: fetched 100 users, 61 collectible, 12030 total candidates
2026-06-10 16:27:18,563 INFO httpx HTTP Request: POST https://private-users-mcp.query.prod.telnyx.io:3000/mcp "HTTP/1.1 200 OK"
2026-06-10 16:27:18,721 INFO services.account_scanner Page 425: fetched 100 users, 58 collectible, 12088 total candidates
2026-06-10 16:27:19,205 INFO httpx HTTP Request: POST https://private-users-mcp.query.prod.telnyx.io:3000/mcp "HTTP/1.1 200 OK"
2026-06-10 16:27:19,364 INFO services.account_scanner Page 426: fetched 100 users, 54 collectible, 12142 total candidates
2026-06-10 16:27:19,841 INFO httpx HTTP Request: POST https://private-users-mcp.query.prod.telnyx.io:3000/mcp "HTTP/1.1 200 OK"
2026-06-10 16:27:19,999 INFO services.account_scanner Page 427: fetched 100 users, 47 collectible, 12189 total candidates
2026-06-10 16:27:20,534 INFO httpx HTTP Request: POST https://private-users-mcp.query.prod.telnyx.io:3000/mcp "HTTP/1.1 200 OK"
2026-06-10 16:27:20,692 INFO services.account_scanner Page 428: fetched 100 users, 49 collectible, 12238 total candidates
2026-06-10 16:27:21,300 INFO httpx HTTP Request: POST https://private-users-mcp.query.prod.telnyx.io:3000/mcp "HTTP/1.1 200 OK"
2026-06-10 16:27:21,464 INFO services.account_scanner Page 429: fetched 100 users, 58 collectible, 12296 total candidates
2026-06-10 16:27:21,963 INFO httpx HTTP Request: POST https://private-users-mcp.query.prod.telnyx.io:3000/mcp "HTTP/1.1 200 OK"
2026-06-10 16:27:22,124 INFO services.account_scanner Page 430: fetched 100 users, 60 collectible, 12356 total candidates
2026-06-10 16:27:22,614 INFO httpx HTTP Request: POST https://private-users-mcp.query.prod.telnyx.io:3000/mcp "HTTP/1.1 200 OK"
2026-06-10 16:27:22,772 INFO services.account_scanner Page 431: fetched 100 users, 47 collectible, 12403 total candidates
2026-06-10 16:27:23,285 INFO httpx HTTP Request: POST https://private-users-mcp.query.prod.telnyx.io:3000/mcp "HTTP/1.1 200 OK"
2026-06-10 16:27:23,448 INFO services.account_scanner Page 432: fetched 100 users, 52 collectible, 12455 total candidates
2026-06-10 16:27:23,982 INFO httpx HTTP Request: POST https://private-users-mcp.query.prod.telnyx.io:3000/mcp "HTTP/1.1 200 OK"
2026-06-10 16:27:24,142 INFO services.account_scanner Page 433: fetched 100 users, 56 collectible, 12511 total candidates
2026-06-10 16:27:24,654 INFO httpx HTTP Request: POST https://private-users-mcp.query.prod.telnyx.io:3000/mcp "HTTP/1.1 200 OK"
2026-06-10 16:27:24,812 INFO services.account_scanner Page 434: fetched 100 users, 51 collectible, 12562 total candidates
2026-06-10 16:27:25,294 INFO httpx HTTP Request: POST https://private-users-mcp.query.prod.telnyx.io:3000/mcp "HTTP/1.1 200 OK"
2026-06-10 16:27:25,455 INFO services.account_scanner Page 435: fetched 100 users, 50 collectible, 12612 total candidates
2026-06-10 16:27:25,963 INFO httpx HTTP Request: POST https://private-users-mcp.query.prod.telnyx.io:3000/mcp "HTTP/1.1 200 OK"
2026-06-10 16:27:26,124 INFO services.account_scanner Page 436: fetched 100 users, 61 collectible, 12673 total candidates
2026-06-10 16:27:26,626 INFO httpx HTTP Request: POST https://private-users-mcp.query.prod.telnyx.io:3000/mcp "HTTP/1.1 200 OK"
2026-06-10 16:27:26,787 INFO services.account_scanner Page 437: fetched 100 users, 36 collectible, 12709 total candidates
2026-06-10 16:27:27,401 INFO httpx HTTP Request: POST https://private-users-mcp.query.prod.telnyx.io:3000/mcp "HTTP/1.1 200 OK"
2026-06-10 16:27:27,560 INFO services.account_scanner Page 438: fetched 100 users, 49 collectible, 12758 total candidates
2026-06-10 16:27:28,065 INFO httpx HTTP Request: POST https://private-users-mcp.query.prod.telnyx.io:3000/mcp "HTTP/1.1 200 OK"
2026-06-10 16:27:28,225 INFO services.account_scanner Page 439: fetched 100 users, 44 collectible, 12802 total candidates
2026-06-10 16:27:28,705 INFO httpx HTTP Request: POST https://private-users-mcp.query.prod.telnyx.io:3000/mcp "HTTP/1.1 200 OK"
2026-06-10 16:27:28,869 INFO services.account_scanner Page 440: fetched 100 users, 47 collectible, 12849 total candidates
2026-06-10 16:27:29,399 INFO httpx HTTP Request: POST https://private-users-mcp.query.prod.telnyx.io:3000/mcp "HTTP/1.1 200 OK"
2026-06-10 16:27:29,588 INFO services.account_scanner Page 441: fetched 100 users, 51 collectible, 12900 total candidates
2026-06-10 16:27:30,062 INFO httpx HTTP Request: POST https://private-users-mcp.query.prod.telnyx.io:3000/mcp "HTTP/1.1 200 OK"
2026-06-10 16:27:30,221 INFO services.account_scanner Page 442: fetched 100 users, 41 collectible, 12941 total candidates
2026-06-10 16:27:30,738 INFO httpx HTTP Request: POST https://private-users-mcp.query.prod.telnyx.io:3000/mcp "HTTP/1.1 200 OK"
2026-06-10 16:27:30,900 INFO services.account_scanner Page 443: fetched 100 users, 51 collectible, 12992 total candidates
2026-06-10 16:27:31,367 INFO httpx HTTP Request: POST https://private-users-mcp.query.prod.telnyx.io:3000/mcp "HTTP/1.1 200 OK"
2026-06-10 16:27:31,528 INFO services.account_scanner Page 444: fetched 100 users, 42 collectible, 13034 total candidates
2026-06-10 16:27:32,104 INFO httpx HTTP Request: POST https://private-users-mcp.query.prod.telnyx.io:3000/mcp "HTTP/1.1 200 OK"
2026-06-10 16:27:32,262 INFO services.account_scanner Page 445: fetched 100 users, 51 collectible, 13085 total candidates
2026-06-10 16:27:32,770 INFO httpx HTTP Request: POST https://private-users-mcp.query.prod.telnyx.io:3000/mcp "HTTP/1.1 200 OK"
2026-06-10 16:27:32,929 INFO services.account_scanner Page 446: fetched 100 users, 39 collectible, 13124 total candidates
2026-06-10 16:27:33,482 INFO httpx HTTP Request: POST https://private-users-mcp.query.prod.telnyx.io:3000/mcp "HTTP/1.1 200 OK"
2026-06-10 16:27:33,641 INFO services.account_scanner Page 447: fetched 100 users, 65 collectible, 13189 total candidates
2026-06-10 16:27:34,165 INFO httpx HTTP Request: POST https://private-users-mcp.query.prod.telnyx.io:3000/mcp "HTTP/1.1 200 OK"
2026-06-10 16:27:34,321 INFO services.account_scanner Page 448: fetched 100 users, 58 collectible, 13247 total candidates
2026-06-10 16:27:34,794 INFO httpx HTTP Request: POST https://private-users-mcp.query.prod.telnyx.io:3000/mcp "HTTP/1.1 200 OK"
2026-06-10 16:27:34,952 INFO services.account_scanner Page 449: fetched 100 users, 56 collectible, 13303 total candidates
2026-06-10 16:27:35,471 INFO httpx HTTP Request: POST https://private-users-mcp.query.prod.telnyx.io:3000/mcp "HTTP/1.1 200 OK"
2026-06-10 16:27:35,626 INFO services.account_scanner Page 450: fetched 100 users, 43 collectible, 13346 total candidates
2026-06-10 16:27:36,152 INFO httpx HTTP Request: POST https://private-users-mcp.query.prod.telnyx.io:3000/mcp "HTTP/1.1 200 OK"
2026-06-10 16:27:36,316 INFO services.account_scanner Page 451: fetched 100 users, 49 collectible, 13395 total candidates
2026-06-10 16:27:36,979 INFO httpx HTTP Request: POST https://private-users-mcp.query.prod.telnyx.io:3000/mcp "HTTP/1.1 200 OK"
2026-06-10 16:27:37,138 INFO services.account_scanner Page 452: fetched 100 users, 39 collectible, 13434 total candidates
2026-06-10 16:27:37,622 INFO httpx HTTP Request: POST https://private-users-mcp.query.prod.telnyx.io:3000/mcp "HTTP/1.1 200 OK"
2026-06-10 16:27:37,782 INFO services.account_scanner Page 453: fetched 100 users, 57 collectible, 13491 total candidates
2026-06-10 16:27:38,289 INFO httpx HTTP Request: POST https://private-users-mcp.query.prod.telnyx.io:3000/mcp "HTTP/1.1 200 OK"
2026-06-10 16:27:38,450 INFO services.account_scanner Page 454: fetched 100 users, 49 collectible, 13540 total candidates
2026-06-10 16:27:38,936 INFO httpx HTTP Request: POST https://private-users-mcp.query.prod.telnyx.io:3000/mcp "HTTP/1.1 200 OK"
2026-06-10 16:27:39,095 INFO services.account_scanner Page 455: fetched 100 users, 50 collectible, 13590 total candidates
2026-06-10 16:27:39,619 INFO httpx HTTP Request: POST https://private-users-mcp.query.prod.telnyx.io:3000/mcp "HTTP/1.1 200 OK"
2026-06-10 16:27:39,783 INFO services.account_scanner Page 456: fetched 100 users, 50 collectible, 13640 total candidates
2026-06-10 16:27:40,263 INFO httpx HTTP Request: POST https://private-users-mcp.query.prod.telnyx.io:3000/mcp "HTTP/1.1 200 OK"
2026-06-10 16:27:40,422 INFO services.account_scanner Page 457: fetched 100 users, 57 collectible, 13697 total candidates
2026-06-10 16:27:40,918 INFO httpx HTTP Request: POST https://private-users-mcp.query.prod.telnyx.io:3000/mcp "HTTP/1.1 200 OK"
2026-06-10 16:27:41,077 INFO services.account_scanner Page 458: fetched 100 users, 48 collectible, 13745 total candidates
2026-06-10 16:27:41,575 INFO httpx HTTP Request: POST https://private-users-mcp.query.prod.telnyx.io:3000/mcp "HTTP/1.1 200 OK"
2026-06-10 16:27:41,741 INFO services.account_scanner Page 459: fetched 100 users, 55 collectible, 13800 total candidates
2026-06-10 16:27:42,201 INFO httpx HTTP Request: POST https://private-users-mcp.query.prod.telnyx.io:3000/mcp "HTTP/1.1 200 OK"
2026-06-10 16:27:42,361 INFO services.account_scanner Page 460: fetched 100 users, 48 collectible, 13848 total candidates
2026-06-10 16:27:42,865 INFO httpx HTTP Request: POST https://private-users-mcp.query.prod.telnyx.io:3000/mcp "HTTP/1.1 200 OK"
2026-06-10 16:27:43,022 INFO services.account_scanner Page 461: fetched 100 users, 55 collectible, 13903 total candidates
2026-06-10 16:27:43,541 INFO httpx HTTP Request: POST https://private-users-mcp.query.prod.telnyx.io:3000/mcp "HTTP/1.1 200 OK"
2026-06-10 16:27:43,703 INFO services.account_scanner Page 462: fetched 100 users, 57 collectible, 13960 total candidates
2026-06-10 16:27:44,213 INFO httpx HTTP Request: POST https://private-users-mcp.query.prod.telnyx.io:3000/mcp "HTTP/1.1 200 OK"
2026-06-10 16:27:44,372 INFO services.account_scanner Page 463: fetched 100 users, 65 collectible, 14025 total candidates
2026-06-10 16:27:44,864 INFO httpx HTTP Request: POST https://private-users-mcp.query.prod.telnyx.io:3000/mcp "HTTP/1.1 200 OK"
2026-06-10 16:27:45,026 INFO services.account_scanner Page 464: fetched 100 users, 47 collectible, 14072 total candidates
2026-06-10 16:27:45,536 INFO httpx HTTP Request: POST https://private-users-mcp.query.prod.telnyx.io:3000/mcp "HTTP/1.1 200 OK"
2026-06-10 16:27:45,693 INFO services.account_scanner Page 465: fetched 100 users, 47 collectible, 14119 total candidates
2026-06-10 16:27:46,191 INFO httpx HTTP Request: POST https://private-users-mcp.query.prod.telnyx.io:3000/mcp "HTTP/1.1 200 OK"
2026-06-10 16:27:46,355 INFO services.account_scanner Page 466: fetched 100 users, 58 collectible, 14177 total candidates
2026-06-10 16:27:46,846 INFO httpx HTTP Request: POST https://private-users-mcp.query.prod.telnyx.io:3000/mcp "HTTP/1.1 200 OK"
2026-06-10 16:27:47,006 INFO services.account_scanner Page 467: fetched 100 users, 55 collectible, 14232 total candidates
2026-06-10 16:27:47,509 INFO httpx HTTP Request: POST https://private-users-mcp.query.prod.telnyx.io:3000/mcp "HTTP/1.1 200 OK"
2026-06-10 16:27:47,667 INFO services.account_scanner Page 468: fetched 100 users, 54 collectible, 14286 total candidates
2026-06-10 16:27:48,180 INFO httpx HTTP Request: POST https://private-users-mcp.query.prod.telnyx.io:3000/mcp "HTTP/1.1 200 OK"
2026-06-10 16:27:48,338 INFO services.account_scanner Page 469: fetched 100 users, 61 collectible, 14347 total candidates
2026-06-10 16:27:48,813 INFO httpx HTTP Request: POST https://private-users-mcp.query.prod.telnyx.io:3000/mcp "HTTP/1.1 200 OK"
2026-06-10 16:27:48,972 INFO services.account_scanner Page 470: fetched 100 users, 38 collectible, 14385 total candidates
2026-06-10 16:27:49,483 INFO httpx HTTP Request: POST https://private-users-mcp.query.prod.telnyx.io:3000/mcp "HTTP/1.1 200 OK"
2026-06-10 16:27:49,642 INFO services.account_scanner Page 471: fetched 100 users, 48 collectible, 14433 total candidates
2026-06-10 16:27:50,152 INFO httpx HTTP Request: POST https://private-users-mcp.query.prod.telnyx.io:3000/mcp "HTTP/1.1 200 OK"
2026-06-10 16:27:50,309 INFO services.account_scanner Page 472: fetched 100 users, 63 collectible, 14496 total candidates
2026-06-10 16:27:50,833 INFO httpx HTTP Request: POST https://private-users-mcp.query.prod.telnyx.io:3000/mcp "HTTP/1.1 200 OK"
2026-06-10 16:27:50,993 INFO services.account_scanner Page 473: fetched 100 users, 58 collectible, 14554 total candidates
2026-06-10 16:27:51,520 INFO httpx HTTP Request: POST https://private-users-mcp.query.prod.telnyx.io:3000/mcp "HTTP/1.1 200 OK"
2026-06-10 16:27:51,679 INFO services.account_scanner Page 474: fetched 100 users, 62 collectible, 14616 total candidates
2026-06-10 16:27:52,203 INFO httpx HTTP Request: POST https://private-users-mcp.query.prod.telnyx.io:3000/mcp "HTTP/1.1 200 OK"
2026-06-10 16:27:52,368 INFO services.account_scanner Page 475: fetched 100 users, 41 collectible, 14657 total candidates
2026-06-10 16:27:53,020 INFO httpx HTTP Request: POST https://private-users-mcp.query.prod.telnyx.io:3000/mcp "HTTP/1.1 200 OK"
2026-06-10 16:27:53,177 INFO services.account_scanner Page 476: fetched 100 users, 33 collectible, 14690 total candidates
2026-06-10 16:27:53,654 INFO httpx HTTP Request: POST https://private-users-mcp.query.prod.telnyx.io:3000/mcp "HTTP/1.1 200 OK"
2026-06-10 16:27:53,817 INFO services.account_scanner Page 477: fetched 100 users, 40 collectible, 14730 total candidates
2026-06-10 16:27:54,286 INFO httpx HTTP Request: POST https://private-users-mcp.query.prod.telnyx.io:3000/mcp "HTTP/1.1 200 OK"
2026-06-10 16:27:54,447 INFO services.account_scanner Page 478: fetched 100 users, 48 collectible, 14778 total candidates
2026-06-10 16:27:54,901 INFO httpx HTTP Request: POST https://private-users-mcp.query.prod.telnyx.io:3000/mcp "HTTP/1.1 200 OK"
2026-06-10 16:27:55,059 INFO services.account_scanner Page 479: fetched 100 users, 51 collectible, 14829 total candidates
2026-06-10 16:27:55,594 INFO httpx HTTP Request: POST https://private-users-mcp.query.prod.telnyx.io:3000/mcp "HTTP/1.1 200 OK"
2026-06-10 16:27:55,752 INFO services.account_scanner Page 480: fetched 100 users, 46 collectible, 14875 total candidates
2026-06-10 16:27:56,586 INFO httpx HTTP Request: POST https://private-users-mcp.query.prod.telnyx.io:3000/mcp "HTTP/1.1 200 OK"
2026-06-10 16:27:56,764 INFO services.account_scanner Page 481: fetched 100 users, 43 collectible, 14918 total candidates
2026-06-10 16:27:57,243 INFO httpx HTTP Request: POST https://private-users-mcp.query.prod.telnyx.io:3000/mcp "HTTP/1.1 200 OK"
2026-06-10 16:27:57,409 INFO services.account_scanner Page 482: fetched 100 users, 56 collectible, 14974 total candidates
2026-06-10 16:27:57,910 INFO httpx HTTP Request: POST https://private-users-mcp.query.prod.telnyx.io:3000/mcp "HTTP/1.1 200 OK"
2026-06-10 16:27:58,071 INFO services.account_scanner Page 483: fetched 100 users, 51 collectible, 15025 total candidates
2026-06-10 16:27:58,613 INFO httpx HTTP Request: POST https://private-users-mcp.query.prod.telnyx.io:3000/mcp "HTTP/1.1 200 OK"
2026-06-10 16:27:58,772 INFO services.account_scanner Page 484: fetched 100 users, 49 collectible, 15074 total candidates
2026-06-10 16:27:59,275 INFO httpx HTTP Request: POST https://private-users-mcp.query.prod.telnyx.io:3000/mcp "HTTP/1.1 200 OK"
2026-06-10 16:27:59,429 INFO services.account_scanner Page 485: fetched 100 users, 54 collectible, 15128 total candidates
2026-06-10 16:27:59,920 INFO httpx HTTP Request: POST https://private-users-mcp.query.prod.telnyx.io:3000/mcp "HTTP/1.1 200 OK"
2026-06-10 16:28:00,078 INFO services.account_scanner Page 486: fetched 100 users, 60 collectible, 15188 total candidates
2026-06-10 16:28:00,614 INFO httpx HTTP Request: POST https://private-users-mcp.query.prod.telnyx.io:3000/mcp "HTTP/1.1 200 OK"
2026-06-10 16:28:00,775 INFO services.account_scanner Page 487: fetched 100 users, 60 collectible, 15248 total candidates
2026-06-10 16:28:01,267 INFO httpx HTTP Request: POST https://private-users-mcp.query.prod.telnyx.io:3000/mcp "HTTP/1.1 200 OK"
2026-06-10 16:28:01,428 INFO services.account_scanner Page 488: fetched 100 users, 50 collectible, 15298 total candidates
2026-06-10 16:28:02,013 INFO httpx HTTP Request: POST https://private-users-mcp.query.prod.telnyx.io:3000/mcp "HTTP/1.1 200 OK"
2026-06-10 16:28:02,169 INFO services.account_scanner Page 489: fetched 100 users, 66 collectible, 15364 total candidates
2026-06-10 16:28:02,678 INFO httpx HTTP Request: POST https://private-users-mcp.query.prod.telnyx.io:3000/mcp "HTTP/1.1 200 OK"
2026-06-10 16:28:02,838 INFO services.account_scanner Page 490: fetched 100 users, 53 collectible, 15417 total candidates
2026-06-10 16:28:03,349 INFO httpx HTTP Request: POST https://private-users-mcp.query.prod.telnyx.io:3000/mcp "HTTP/1.1 200 OK"
2026-06-10 16:28:03,506 INFO services.account_scanner Page 491: fetched 100 users, 64 collectible, 15481 total candidates
2026-06-10 16:28:04,024 INFO httpx HTTP Request: POST https://private-users-mcp.query.prod.telnyx.io:3000/mcp "HTTP/1.1 200 OK"
2026-06-10 16:28:04,184 INFO services.account_scanner Page 492: fetched 100 users, 47 collectible, 15528 total candidates
2026-06-10 16:28:04,693 INFO httpx HTTP Request: POST https://private-users-mcp.query.prod.telnyx.io:3000/mcp "HTTP/1.1 200 OK"
2026-06-10 16:28:04,851 INFO services.account_scanner Page 493: fetched 100 users, 49 collectible, 15577 total candidates
2026-06-10 16:28:05,471 INFO httpx HTTP Request: POST https://private-users-mcp.query.prod.telnyx.io:3000/mcp "HTTP/1.1 200 OK"
2026-06-10 16:28:05,629 INFO services.account_scanner Page 494: fetched 100 users, 62 collectible, 15639 total candidates
2026-06-10 16:28:06,130 INFO httpx HTTP Request: POST https://private-users-mcp.query.prod.telnyx.io:3000/mcp "HTTP/1.1 200 OK"
2026-06-10 16:28:06,287 INFO services.account_scanner Page 495: fetched 100 users, 54 collectible, 15693 total candidates
2026-06-10 16:28:06,790 INFO httpx HTTP Request: POST https://private-users-mcp.query.prod.telnyx.io:3000/mcp "HTTP/1.1 200 OK"
2026-06-10 16:28:06,954 INFO services.account_scanner Page 496: fetched 100 users, 56 collectible, 15749 total candidates
2026-06-10 16:28:07,440 INFO httpx HTTP Request: POST https://private-users-mcp.query.prod.telnyx.io:3000/mcp "HTTP/1.1 200 OK"
2026-06-10 16:28:07,597 INFO services.account_scanner Page 497: fetched 100 users, 57 collectible, 15806 total candidates
2026-06-10 16:28:08,091 INFO httpx HTTP Request: POST https://private-users-mcp.query.prod.telnyx.io:3000/mcp "HTTP/1.1 200 OK"
2026-06-10 16:28:08,253 INFO services.account_scanner Page 498: fetched 100 users, 51 collectible, 15857 total candidates
2026-06-10 16:28:08,761 INFO httpx HTTP Request: POST https://private-users-mcp.query.prod.telnyx.io:3000/mcp "HTTP/1.1 200 OK"
2026-06-10 16:28:08,918 INFO services.account_scanner Page 499: fetched 100 users, 54 collectible, 15911 total candidates
2026-06-10 16:28:09,412 INFO httpx HTTP Request: POST https://private-users-mcp.query.prod.telnyx.io:3000/mcp "HTTP/1.1 200 OK"
2026-06-10 16:28:09,570 INFO services.account_scanner Page 500: fetched 100 users, 45 collectible, 15956 total candidates
2026-06-10 16:28:10,086 INFO httpx HTTP Request: POST https://private-users-mcp.query.prod.telnyx.io:3000/mcp "HTTP/1.1 200 OK"
2026-06-10 16:28:10,245 INFO services.account_scanner Page 501: fetched 100 users, 61 collectible, 16017 total candidates
2026-06-10 16:28:10,730 INFO httpx HTTP Request: POST https://private-users-mcp.query.prod.telnyx.io:3000/mcp "HTTP/1.1 200 OK"
2026-06-10 16:28:10,887 INFO services.account_scanner Page 502: fetched 100 users, 57 collectible, 16074 total candidates
2026-06-10 16:28:11,397 INFO httpx HTTP Request: POST https://private-users-mcp.query.prod.telnyx.io:3000/mcp "HTTP/1.1 200 OK"
2026-06-10 16:28:11,553 INFO services.account_scanner Page 503: fetched 100 users, 54 collectible, 16128 total candidates
2026-06-10 16:28:12,004 INFO httpx HTTP Request: POST https://private-users-mcp.query.prod.telnyx.io:3000/mcp "HTTP/1.1 200 OK"
2026-06-10 16:28:12,178 INFO services.account_scanner Page 504: fetched 100 users, 39 collectible, 16167 total candidates
2026-06-10 16:28:12,748 INFO httpx HTTP Request: POST https://private-users-mcp.query.prod.telnyx.io:3000/mcp "HTTP/1.1 200 OK"
2026-06-10 16:28:12,910 INFO services.account_scanner Page 505: fetched 100 users, 51 collectible, 16218 total candidates
2026-06-10 16:28:13,412 INFO httpx HTTP Request: POST https://private-users-mcp.query.prod.telnyx.io:3000/mcp "HTTP/1.1 200 OK"
2026-06-10 16:28:13,571 INFO services.account_scanner Page 506: fetched 100 users, 49 collectible, 16267 total candidates
2026-06-10 16:28:14,090 INFO httpx HTTP Request: POST https://private-users-mcp.query.prod.telnyx.io:3000/mcp "HTTP/1.1 200 OK"
2026-06-10 16:28:14,248 INFO services.account_scanner Page 507: fetched 100 users, 53 collectible, 16320 total candidates
2026-06-10 16:28:14,749 INFO httpx HTTP Request: POST https://private-users-mcp.query.prod.telnyx.io:3000/mcp "HTTP/1.1 200 OK"
2026-06-10 16:28:14,907 INFO services.account_scanner Page 508: fetched 100 users, 48 collectible, 16368 total candidates
2026-06-10 16:28:15,439 INFO httpx HTTP Request: POST https://private-users-mcp.query.prod.telnyx.io:3000/mcp "HTTP/1.1 200 OK"
2026-06-10 16:28:15,601 INFO services.account_scanner Page 509: fetched 100 users, 43 collectible, 16411 total candidates
2026-06-10 16:28:16,075 INFO httpx HTTP Request: POST https://private-users-mcp.query.prod.telnyx.io:3000/mcp "HTTP/1.1 200 OK"
2026-06-10 16:28:16,238 INFO services.account_scanner Page 510: fetched 100 users, 35 collectible, 16446 total candidates
2026-06-10 16:28:16,726 INFO httpx HTTP Request: POST https://private-users-mcp.query.prod.telnyx.io:3000/mcp "HTTP/1.1 200 OK"
2026-06-10 16:28:16,886 INFO services.account_scanner Page 511: fetched 100 users, 31 collectible, 16477 total candidates
2026-06-10 16:28:17,373 INFO httpx HTTP Request: POST https://private-users-mcp.query.prod.telnyx.io:3000/mcp "HTTP/1.1 200 OK"
2026-06-10 16:28:17,534 INFO services.account_scanner Page 512: fetched 100 users, 44 collectible, 16521 total candidates
2026-06-10 16:28:18,052 INFO httpx HTTP Request: POST https://private-users-mcp.query.prod.telnyx.io:3000/mcp "HTTP/1.1 200 OK"
2026-06-10 16:28:18,210 INFO services.account_scanner Page 513: fetched 100 users, 47 collectible, 16568 total candidates
2026-06-10 16:28:18,713 INFO httpx HTTP Request: POST https://private-users-mcp.query.prod.telnyx.io:3000/mcp "HTTP/1.1 200 OK"
2026-06-10 16:28:18,871 INFO services.account_scanner Page 514: fetched 100 users, 54 collectible, 16622 total candidates
2026-06-10 16:28:19,321 INFO httpx HTTP Request: POST https://private-users-mcp.query.prod.telnyx.io:3000/mcp "HTTP/1.1 200 OK"
2026-06-10 16:28:19,479 INFO services.account_scanner Page 515: fetched 100 users, 34 collectible, 16656 total candidates
2026-06-10 16:28:19,970 INFO httpx HTTP Request: POST https://private-users-mcp.query.prod.telnyx.io:3000/mcp "HTTP/1.1 200 OK"
2026-06-10 16:28:20,127 INFO services.account_scanner Page 516: fetched 100 users, 31 collectible, 16687 total candidates
2026-06-10 16:28:20,670 INFO httpx HTTP Request: POST https://private-users-mcp.query.prod.telnyx.io:3000/mcp "HTTP/1.1 200 OK"
2026-06-10 16:28:20,828 INFO services.account_scanner Page 517: fetched 100 users, 57 collectible, 16744 total candidates
2026-06-10 16:28:21,405 INFO httpx HTTP Request: POST https://private-users-mcp.query.prod.telnyx.io:3000/mcp "HTTP/1.1 200 OK"
2026-06-10 16:28:21,565 INFO services.account_scanner Page 518: fetched 100 users, 66 collectible, 16810 total candidates
2026-06-10 16:28:22,207 INFO httpx HTTP Request: POST https://private-users-mcp.query.prod.telnyx.io:3000/mcp "HTTP/1.1 200 OK"
2026-06-10 16:28:22,367 INFO services.account_scanner Page 519: fetched 100 users, 71 collectible, 16881 total candidates
2026-06-10 16:28:22,870 INFO httpx HTTP Request: POST https://private-users-mcp.query.prod.telnyx.io:3000/mcp "HTTP/1.1 200 OK"
2026-06-10 16:28:23,028 INFO services.account_scanner Page 520: fetched 100 users, 37 collectible, 16918 total candidates
2026-06-10 16:28:23,483 INFO httpx HTTP Request: POST https://private-users-mcp.query.prod.telnyx.io:3000/mcp "HTTP/1.1 200 OK"
2026-06-10 16:28:23,647 INFO services.account_scanner Page 521: fetched 100 users, 38 collectible, 16956 total candidates
2026-06-10 16:28:24,110 INFO httpx HTTP Request: POST https://private-users-mcp.query.prod.telnyx.io:3000/mcp "HTTP/1.1 200 OK"
2026-06-10 16:28:24,270 INFO services.account_scanner Page 522: fetched 100 users, 49 collectible, 17005 total candidates
2026-06-10 16:28:24,774 INFO httpx HTTP Request: POST https://private-users-mcp.query.prod.telnyx.io:3000/mcp "HTTP/1.1 200 OK"
2026-06-10 16:28:24,929 INFO services.account_scanner Page 523: fetched 100 users, 33 collectible, 17038 total candidates
2026-06-10 16:28:25,424 INFO httpx HTTP Request: POST https://private-users-mcp.query.prod.telnyx.io:3000/mcp "HTTP/1.1 200 OK"
2026-06-10 16:28:25,582 INFO services.account_scanner Page 524: fetched 100 users, 40 collectible, 17078 total candidates
2026-06-10 16:28:26,106 INFO httpx HTTP Request: POST https://private-users-mcp.query.prod.telnyx.io:3000/mcp "HTTP/1.1 200 OK"
2026-06-10 16:28:26,270 INFO services.account_scanner Page 525: fetched 100 users, 37 collectible, 17115 total candidates
2026-06-10 16:28:26,759 INFO httpx HTTP Request: POST https://private-users-mcp.query.prod.telnyx.io:3000/mcp "HTTP/1.1 200 OK"
2026-06-10 16:28:26,919 INFO services.account_scanner Page 526: fetched 100 users, 37 collectible, 17152 total candidates
2026-06-10 16:28:27,418 INFO httpx HTTP Request: POST https://private-users-mcp.query.prod.telnyx.io:3000/mcp "HTTP/1.1 200 OK"
2026-06-10 16:28:27,578 INFO services.account_scanner Page 527: fetched 100 users, 44 collectible, 17196 total candidates
2026-06-10 16:28:28,020 INFO httpx HTTP Request: POST https://private-users-mcp.query.prod.telnyx.io:3000/mcp "HTTP/1.1 200 OK"
2026-06-10 16:28:28,181 INFO services.account_scanner Page 528: fetched 100 users, 40 collectible, 17236 total candidates
2026-06-10 16:28:28,677 INFO httpx HTTP Request: POST https://private-users-mcp.query.prod.telnyx.io:3000/mcp "HTTP/1.1 200 OK"
2026-06-10 16:28:28,833 INFO services.account_scanner Page 529: fetched 100 users, 35 collectible, 17271 total candidates
2026-06-10 16:28:29,473 INFO httpx HTTP Request: POST https://private-users-mcp.query.prod.telnyx.io:3000/mcp "HTTP/1.1 200 OK"
2026-06-10 16:28:29,637 INFO services.account_scanner Page 530: fetched 100 users, 45 collectible, 17316 total candidates
2026-06-10 16:28:30,213 INFO httpx HTTP Request: POST https://private-users-mcp.query.prod.telnyx.io:3000/mcp "HTTP/1.1 200 OK"
2026-06-10 16:28:30,370 INFO services.account_scanner Page 531: fetched 100 users, 41 collectible, 17357 total candidates
2026-06-10 16:28:30,858 INFO httpx HTTP Request: POST https://private-users-mcp.query.prod.telnyx.io:3000/mcp "HTTP/1.1 200 OK"
2026-06-10 16:28:31,017 INFO services.account_scanner Page 532: fetched 100 users, 45 collectible, 17402 total candidates
2026-06-10 16:28:31,485 INFO httpx HTTP Request: POST https://private-users-mcp.query.prod.telnyx.io:3000/mcp "HTTP/1.1 200 OK"
2026-06-10 16:28:31,646 INFO services.account_scanner Page 533: fetched 100 users, 42 collectible, 17444 total candidates
2026-06-10 16:28:32,280 INFO httpx HTTP Request: POST https://private-users-mcp.query.prod.telnyx.io:3000/mcp "HTTP/1.1 200 OK"
2026-06-10 16:28:32,443 INFO services.account_scanner Page 534: fetched 100 users, 42 collectible, 17486 total candidates
2026-06-10 16:28:32,969 INFO httpx HTTP Request: POST https://private-users-mcp.query.prod.telnyx.io:3000/mcp "HTTP/1.1 200 OK"
2026-06-10 16:28:33,127 INFO services.account_scanner Page 535: fetched 100 users, 44 collectible, 17530 total candidates
2026-06-10 16:28:33,997 INFO httpx HTTP Request: POST https://private-users-mcp.query.prod.telnyx.io:3000/mcp "HTTP/1.1 200 OK"
2026-06-10 16:28:34,175 INFO services.account_scanner Page 536: fetched 100 users, 40 collectible, 17570 total candidates
2026-06-10 16:28:34,628 INFO httpx HTTP Request: POST https://private-users-mcp.query.prod.telnyx.io:3000/mcp "HTTP/1.1 200 OK"
2026-06-10 16:28:34,793 INFO services.account_scanner Page 537: fetched 100 users, 36 collectible, 17606 total candidates
2026-06-10 16:28:35,350 INFO httpx HTTP Request: POST https://private-users-mcp.query.prod.telnyx.io:3000/mcp "HTTP/1.1 200 OK"
2026-06-10 16:28:35,516 INFO services.account_scanner Page 538: fetched 100 users, 56 collectible, 17662 total candidates
2026-06-10 16:28:36,020 INFO httpx HTTP Request: POST https://private-users-mcp.query.prod.telnyx.io:3000/mcp "HTTP/1.1 200 OK"
2026-06-10 16:28:36,181 INFO services.account_scanner Page 539: fetched 100 users, 52 collectible, 17714 total candidates
2026-06-10 16:28:36,642 INFO httpx HTTP Request: POST https://private-users-mcp.query.prod.telnyx.io:3000/mcp "HTTP/1.1 200 OK"
2026-06-10 16:28:36,798 INFO services.account_scanner Page 540: fetched 100 users, 53 collectible, 17767 total candidates
2026-06-10 16:28:37,393 INFO httpx HTTP Request: POST https://private-users-mcp.query.prod.telnyx.io:3000/mcp "HTTP/1.1 200 OK"
2026-06-10 16:28:37,552 INFO services.account_scanner Page 541: fetched 100 users, 48 collectible, 17815 total candidates
2026-06-10 16:28:38,049 INFO httpx HTTP Request: POST https://private-users-mcp.query.prod.telnyx.io:3000/mcp "HTTP/1.1 200 OK"
2026-06-10 16:28:38,210 INFO services.account_scanner Page 542: fetched 100 users, 42 collectible, 17857 total candidates
2026-06-10 16:28:38,731 INFO httpx HTTP Request: POST https://private-users-mcp.query.prod.telnyx.io:3000/mcp "HTTP/1.1 200 OK"
2026-06-10 16:28:38,886 INFO services.account_scanner Page 543: fetched 100 users, 45 collectible, 17902 total candidates
2026-06-10 16:28:39,390 INFO httpx HTTP Request: POST https://private-users-mcp.query.prod.telnyx.io:3000/mcp "HTTP/1.1 200 OK"
2026-06-10 16:28:39,549 INFO services.account_scanner Page 544: fetched 100 users, 72 collectible, 17974 total candidates
2026-06-10 16:28:40,049 INFO httpx HTTP Request: POST https://private-users-mcp.query.prod.telnyx.io:3000/mcp "HTTP/1.1 200 OK"
2026-06-10 16:28:40,209 INFO services.account_scanner Page 545: fetched 100 users, 60 collectible, 18034 total candidates
2026-06-10 16:28:40,673 INFO httpx HTTP Request: POST https://private-users-mcp.query.prod.telnyx.io:3000/mcp "HTTP/1.1 200 OK"
2026-06-10 16:28:40,839 INFO services.account_scanner Page 546: fetched 100 users, 45 collectible, 18079 total candidates
2026-06-10 16:28:41,368 INFO httpx HTTP Request: POST https://private-users-mcp.query.prod.telnyx.io:3000/mcp "HTTP/1.1 200 OK"
2026-06-10 16:28:41,530 INFO services.account_scanner Page 547: fetched 100 users, 45 collectible, 18124 total candidates
2026-06-10 16:28:42,017 INFO httpx HTTP Request: POST https://private-users-mcp.query.prod.telnyx.io:3000/mcp "HTTP/1.1 200 OK"
2026-06-10 16:28:42,176 INFO services.account_scanner Page 548: fetched 100 users, 21 collectible, 18145 total candidates
2026-06-10 16:28:42,720 INFO httpx HTTP Request: POST https://private-users-mcp.query.prod.telnyx.io:3000/mcp "HTTP/1.1 200 OK"
2026-06-10 16:28:42,878 INFO services.account_scanner Page 549: fetched 100 users, 56 collectible, 18201 total candidates
2026-06-10 16:28:43,409 INFO httpx HTTP Request: POST https://private-users-mcp.query.prod.telnyx.io:3000/mcp "HTTP/1.1 200 OK"
2026-06-10 16:28:43,568 INFO services.account_scanner Page 550: fetched 100 users, 41 collectible, 18242 total candidates
2026-06-10 16:28:44,138 INFO httpx HTTP Request: POST https://private-users-mcp.query.prod.telnyx.io:3000/mcp "HTTP/1.1 200 OK"
2026-06-10 16:28:44,299 INFO services.account_scanner Page 551: fetched 100 users, 43 collectible, 18285 total candidates
2026-06-10 16:28:44,995 INFO httpx HTTP Request: POST https://private-users-mcp.query.prod.telnyx.io:3000/mcp "HTTP/1.1 200 OK"
2026-06-10 16:28:45,176 INFO services.account_scanner Page 552: fetched 100 users, 46 collectible, 18331 total candidates
2026-06-10 16:28:45,641 INFO httpx HTTP Request: POST https://private-users-mcp.query.prod.telnyx.io:3000/mcp "HTTP/1.1 200 OK"
2026-06-10 16:28:45,804 INFO services.account_scanner Page 553: fetched 100 users, 35 collectible, 18366 total candidates
2026-06-10 16:28:46,319 INFO httpx HTTP Request: POST https://private-users-mcp.query.prod.telnyx.io:3000/mcp "HTTP/1.1 200 OK"
2026-06-10 16:28:46,482 INFO services.account_scanner Page 554: fetched 100 users, 41 collectible, 18407 total candidates
2026-06-10 16:28:47,089 INFO httpx HTTP Request: POST https://private-users-mcp.query.prod.telnyx.io:3000/mcp "HTTP/1.1 200 OK"
2026-06-10 16:28:47,245 INFO services.account_scanner Page 555: fetched 100 users, 59 collectible, 18466 total candidates
2026-06-10 16:28:47,760 INFO httpx HTTP Request: POST https://private-users-mcp.query.prod.telnyx.io:3000/mcp "HTTP/1.1 200 OK"
2026-06-10 16:28:47,917 INFO services.account_scanner Page 556: fetched 100 users, 48 collectible, 18514 total candidates
2026-06-10 16:28:48,479 INFO httpx HTTP Request: POST https://private-users-mcp.query.prod.telnyx.io:3000/mcp "HTTP/1.1 200 OK"
2026-06-10 16:28:48,676 INFO services.account_scanner Page 557: fetched 100 users, 39 collectible, 18553 total candidates
2026-06-10 16:28:49,216 INFO httpx HTTP Request: POST https://private-users-mcp.query.prod.telnyx.io:3000/mcp "HTTP/1.1 200 OK"
2026-06-10 16:28:49,375 INFO services.account_scanner Page 558: fetched 100 users, 52 collectible, 18605 total candidates
2026-06-10 16:28:49,962 INFO httpx HTTP Request: POST https://private-users-mcp.query.prod.telnyx.io:3000/mcp "HTTP/1.1 200 OK"
2026-06-10 16:28:50,122 INFO services.account_scanner Page 559: fetched 100 users, 57 collectible, 18662 total candidates
2026-06-10 16:28:50,629 INFO httpx HTTP Request: POST https://private-users-mcp.query.prod.telnyx.io:3000/mcp "HTTP/1.1 200 OK"
2026-06-10 16:28:50,789 INFO services.account_scanner Page 560: fetched 100 users, 45 collectible, 18707 total candidates
2026-06-10 16:28:51,226 INFO httpx HTTP Request: POST https://private-users-mcp.query.prod.telnyx.io:3000/mcp "HTTP/1.1 200 OK"
2026-06-10 16:28:51,384 INFO services.account_scanner Page 561: fetched 100 users, 41 collectible, 18748 total candidates
2026-06-10 16:28:51,877 INFO httpx HTTP Request: POST https://private-users-mcp.query.prod.telnyx.io:3000/mcp "HTTP/1.1 200 OK"
2026-06-10 16:28:52,034 INFO services.account_scanner Page 562: fetched 100 users, 46 collectible, 18794 total candidates
2026-06-10 16:28:52,581 INFO httpx HTTP Request: POST https://private-users-mcp.query.prod.telnyx.io:3000/mcp "HTTP/1.1 200 OK"
2026-06-10 16:28:52,742 INFO services.account_scanner Page 563: fetched 100 users, 52 collectible, 18846 total candidates
2026-06-10 16:28:53,292 INFO httpx HTTP Request: POST https://private-users-mcp.query.prod.telnyx.io:3000/mcp "HTTP/1.1 200 OK"
2026-06-10 16:28:53,451 INFO services.account_scanner Page 564: fetched 100 users, 49 collectible, 18895 total candidates
2026-06-10 16:28:53,976 INFO httpx HTTP Request: POST https://private-users-mcp.query.prod.telnyx.io:3000/mcp "HTTP/1.1 200 OK"
2026-06-10 16:28:54,134 INFO services.account_scanner Page 565: fetched 100 users, 58 collectible, 18953 total candidates
2026-06-10 16:28:54,715 INFO httpx HTTP Request: POST https://private-users-mcp.query.prod.telnyx.io:3000/mcp "HTTP/1.1 200 OK"
2026-06-10 16:28:54,872 INFO services.account_scanner Page 566: fetched 100 users, 58 collectible, 19011 total candidates
2026-06-10 16:28:55,369 INFO httpx HTTP Request: POST https://private-users-mcp.query.prod.telnyx.io:3000/mcp "HTTP/1.1 200 OK"
2026-06-10 16:28:55,527 INFO services.account_scanner Page 567: fetched 100 users, 47 collectible, 19058 total candidates
2026-06-10 16:28:55,993 INFO httpx HTTP Request: POST https://private-users-mcp.query.prod.telnyx.io:3000/mcp "HTTP/1.1 200 OK"
2026-06-10 16:28:56,152 INFO services.account_scanner Page 568: fetched 100 users, 56 collectible, 19114 total candidates
2026-06-10 16:28:56,625 INFO httpx HTTP Request: POST https://private-users-mcp.query.prod.telnyx.io:3000/mcp "HTTP/1.1 200 OK"
2026-06-10 16:28:56,784 INFO services.account_scanner Page 569: fetched 100 users, 48 collectible, 19162 total candidates
2026-06-10 16:28:57,235 INFO httpx HTTP Request: POST https://private-users-mcp.query.prod.telnyx.io:3000/mcp "HTTP/1.1 200 OK"
2026-06-10 16:28:57,392 INFO services.account_scanner Page 570: fetched 100 users, 49 collectible, 19211 total candidates
2026-06-10 16:28:57,861 INFO httpx HTTP Request: POST https://private-users-mcp.query.prod.telnyx.io:3000/mcp "HTTP/1.1 200 OK"
2026-06-10 16:28:58,021 INFO services.account_scanner Page 571: fetched 100 users, 51 collectible, 19262 total candidates
2026-06-10 16:28:58,576 INFO httpx HTTP Request: POST https://private-users-mcp.query.prod.telnyx.io:3000/mcp "HTTP/1.1 200 OK"
2026-06-10 16:28:58,734 INFO services.account_scanner Page 572: fetched 100 users, 46 collectible, 19308 total candidates
2026-06-10 16:28:59,341 INFO httpx HTTP Request: POST https://private-users-mcp.query.prod.telnyx.io:3000/mcp "HTTP/1.1 200 OK"
2026-06-10 16:28:59,505 INFO services.account_scanner Page 573: fetched 100 users, 53 collectible, 19361 total candidates
2026-06-10 16:29:00,060 INFO httpx HTTP Request: POST https://private-users-mcp.query.prod.telnyx.io:3000/mcp "HTTP/1.1 200 OK"
2026-06-10 16:29:00,222 INFO services.account_scanner Page 574: fetched 100 users, 39 collectible, 19400 total candidates
2026-06-10 16:29:00,887 INFO httpx HTTP Request: POST https://private-users-mcp.query.prod.telnyx.io:3000/mcp "HTTP/1.1 200 OK"
2026-06-10 16:29:01,053 INFO services.account_scanner Page 575: fetched 100 users, 72 collectible, 19472 total candidates
2026-06-10 16:29:01,497 INFO httpx HTTP Request: POST https://private-users-mcp.query.prod.telnyx.io:3000/mcp "HTTP/1.1 200 OK"
2026-06-10 16:29:01,655 INFO services.account_scanner Page 576: fetched 100 users, 10 collectible, 19482 total candidates
2026-06-10 16:29:02,249 INFO httpx HTTP Request: POST https://private-users-mcp.query.prod.telnyx.io:3000/mcp "HTTP/1.1 200 OK"
2026-06-10 16:29:02,408 INFO services.account_scanner Page 577: fetched 100 users, 69 collectible, 19551 total candidates
2026-06-10 16:29:02,938 INFO httpx HTTP Request: POST https://private-users-mcp.query.prod.telnyx.io:3000/mcp "HTTP/1.1 200 OK"
2026-06-10 16:29:03,103 INFO services.account_scanner Page 578: fetched 100 users, 81 collectible, 19632 total candidates
2026-06-10 16:29:03,654 INFO httpx HTTP Request: POST https://private-users-mcp.query.prod.telnyx.io:3000/mcp "HTTP/1.1 200 OK"
2026-06-10 16:29:03,813 INFO services.account_scanner Page 579: fetched 100 users, 62 collectible, 19694 total candidates
2026-06-10 16:29:04,322 INFO httpx HTTP Request: POST https://private-users-mcp.query.prod.telnyx.io:3000/mcp "HTTP/1.1 200 OK"
2026-06-10 16:29:04,487 INFO services.account_scanner Page 580: fetched 100 users, 30 collectible, 19724 total candidates
2026-06-10 16:29:04,989 INFO httpx HTTP Request: POST https://private-users-mcp.query.prod.telnyx.io:3000/mcp "HTTP/1.1 200 OK"
2026-06-10 16:29:05,145 INFO services.account_scanner Page 581: fetched 100 users, 26 collectible, 19750 total candidates
2026-06-10 16:29:05,870 INFO httpx HTTP Request: POST https://private-users-mcp.query.prod.telnyx.io:3000/mcp "HTTP/1.1 200 OK"
2026-06-10 16:29:06,043 INFO services.account_scanner Page 582: fetched 100 users, 36 collectible, 19786 total candidates
2026-06-10 16:29:06,560 INFO httpx HTTP Request: POST https://private-users-mcp.query.prod.telnyx.io:3000/mcp "HTTP/1.1 200 OK"
2026-06-10 16:29:06,722 INFO services.account_scanner Page 583: fetched 100 users, 41 collectible, 19827 total candidates
2026-06-10 16:29:07,216 INFO httpx HTTP Request: POST https://private-users-mcp.query.prod.telnyx.io:3000/mcp "HTTP/1.1 200 OK"
2026-06-10 16:29:07,375 INFO services.account_scanner Page 584: fetched 100 users, 40 collectible, 19867 total candidates
2026-06-10 16:29:07,883 INFO httpx HTTP Request: POST https://private-users-mcp.query.prod.telnyx.io:3000/mcp "HTTP/1.1 200 OK"
2026-06-10 16:29:08,040 INFO services.account_scanner Page 585: fetched 100 users, 57 collectible, 19924 total candidates
2026-06-10 16:29:08,539 INFO httpx HTTP Request: POST https://private-users-mcp.query.prod.telnyx.io:3000/mcp "HTTP/1.1 200 OK"
2026-06-10 16:29:08,698 INFO services.account_scanner Page 586: fetched 100 users, 48 collectible, 19972 total candidates
2026-06-10 16:29:09,193 INFO httpx HTTP Request: POST https://private-users-mcp.query.prod.telnyx.io:3000/mcp "HTTP/1.1 200 OK"
2026-06-10 16:29:09,351 INFO services.account_scanner Page 587: fetched 100 users, 46 collectible, 20018 total candidates
2026-06-10 16:29:09,851 INFO httpx HTTP Request: POST https://private-users-mcp.query.prod.telnyx.io:3000/mcp "HTTP/1.1 200 OK"
2026-06-10 16:29:10,011 INFO services.account_scanner Page 588: fetched 100 users, 33 collectible, 20051 total candidates
2026-06-10 16:29:10,504 INFO httpx HTTP Request: POST https://private-users-mcp.query.prod.telnyx.io:3000/mcp "HTTP/1.1 200 OK"
2026-06-10 16:29:10,663 INFO services.account_scanner Page 589: fetched 100 users, 52 collectible, 20103 total candidates
2026-06-10 16:29:11,159 INFO httpx HTTP Request: POST https://private-users-mcp.query.prod.telnyx.io:3000/mcp "HTTP/1.1 200 OK"
2026-06-10 16:29:11,318 INFO services.account_scanner Page 590: fetched 100 users, 68 collectible, 20171 total candidates
2026-06-10 16:29:11,818 INFO httpx HTTP Request: POST https://private-users-mcp.query.prod.telnyx.io:3000/mcp "HTTP/1.1 200 OK"
2026-06-10 16:29:11,976 INFO services.account_scanner Page 591: fetched 100 users, 56 collectible, 20227 total candidates
2026-06-10 16:29:12,560 INFO httpx HTTP Request: POST https://private-users-mcp.query.prod.telnyx.io:3000/mcp "HTTP/1.1 200 OK"
2026-06-10 16:29:12,719 INFO services.account_scanner Page 592: fetched 100 users, 54 collectible, 20281 total candidates
2026-06-10 16:29:13,304 INFO httpx HTTP Request: POST https://private-users-mcp.query.prod.telnyx.io:3000/mcp "HTTP/1.1 200 OK"
2026-06-10 16:29:13,457 INFO services.account_scanner Page 593: fetched 100 users, 54 collectible, 20335 total candidates
2026-06-10 16:29:14,004 INFO httpx HTTP Request: POST https://private-users-mcp.query.prod.telnyx.io:3000/mcp "HTTP/1.1 200 OK"
2026-06-10 16:29:14,162 INFO services.account_scanner Page 594: fetched 100 users, 72 collectible, 20407 total candidates
2026-06-10 16:29:14,727 INFO httpx HTTP Request: POST https://private-users-mcp.query.prod.telnyx.io:3000/mcp "HTTP/1.1 200 OK"
2026-06-10 16:29:14,886 INFO services.account_scanner Page 595: fetched 100 users, 52 collectible, 20459 total candidates
2026-06-10 16:29:15,407 INFO httpx HTTP Request: POST https://private-users-mcp.query.prod.telnyx.io:3000/mcp "HTTP/1.1 200 OK"
2026-06-10 16:29:15,568 INFO services.account_scanner Page 596: fetched 100 users, 46 collectible, 20505 total candidates
2026-06-10 16:29:16,129 INFO httpx HTTP Request: POST https://private-users-mcp.query.prod.telnyx.io:3000/mcp "HTTP/1.1 200 OK"
2026-06-10 16:29:16,285 INFO services.account_scanner Page 597: fetched 100 users, 50 collectible, 20555 total candidates
2026-06-10 16:29:16,829 INFO httpx HTTP Request: POST https://private-users-mcp.query.prod.telnyx.io:3000/mcp "HTTP/1.1 200 OK"
2026-06-10 16:29:16,991 INFO services.account_scanner Page 598: fetched 100 users, 51 collectible, 20606 total candidates
2026-06-10 16:29:17,519 INFO httpx HTTP Request: POST https://private-users-mcp.query.prod.telnyx.io:3000/mcp "HTTP/1.1 200 OK"
2026-06-10 16:29:17,683 INFO services.account_scanner Page 599: fetched 100 users, 39 collectible, 20645 total candidates
2026-06-10 16:29:18,156 INFO httpx HTTP Request: POST https://private-users-mcp.query.prod.telnyx.io:3000/mcp "HTTP/1.1 200 OK"
2026-06-10 16:29:18,315 INFO services.account_scanner Page 600: fetched 100 users, 44 collectible, 20689 total candidates
2026-06-10 16:29:18,901 INFO httpx HTTP Request: POST https://private-users-mcp.query.prod.telnyx.io:3000/mcp "HTTP/1.1 200 OK"
2026-06-10 16:29:19,062 INFO services.account_scanner Page 601: fetched 100 users, 57 collectible, 20746 total candidates
2026-06-10 16:29:19,616 INFO httpx HTTP Request: POST https://private-users-mcp.query.prod.telnyx.io:3000/mcp "HTTP/1.1 200 OK"
2026-06-10 16:29:19,778 INFO services.account_scanner Page 602: fetched 100 users, 56 collectible, 20802 total candidates
2026-06-10 16:29:20,393 INFO httpx HTTP Request: POST https://private-users-mcp.query.prod.telnyx.io:3000/mcp "HTTP/1.1 200 OK"
2026-06-10 16:29:20,550 INFO services.account_scanner Page 603: fetched 100 users, 74 collectible, 20876 total candidates
2026-06-10 16:29:21,041 INFO httpx HTTP Request: POST https://private-users-mcp.query.prod.telnyx.io:3000/mcp "HTTP/1.1 200 OK"
2026-06-10 16:29:21,198 INFO services.account_scanner Page 604: fetched 100 users, 44 collectible, 20920 total candidates
2026-06-10 16:29:21,740 INFO httpx HTTP Request: POST https://private-users-mcp.query.prod.telnyx.io:3000/mcp "HTTP/1.1 200 OK"
2026-06-10 16:29:21,907 INFO services.account_scanner Page 605: fetched 100 users, 41 collectible, 20961 total candidates
2026-06-10 16:29:22,529 INFO httpx HTTP Request: POST https://private-users-mcp.query.prod.telnyx.io:3000/mcp "HTTP/1.1 200 OK"
2026-06-10 16:29:22,689 INFO services.account_scanner Page 606: fetched 100 users, 59 collectible, 21020 total candidates
2026-06-10 16:29:23,170 INFO httpx HTTP Request: POST https://private-users-mcp.query.prod.telnyx.io:3000/mcp "HTTP/1.1 200 OK"
2026-06-10 16:29:23,325 INFO services.account_scanner Page 607: fetched 100 users, 38 collectible, 21058 total candidates
2026-06-10 16:29:23,878 INFO httpx HTTP Request: POST https://private-users-mcp.query.prod.telnyx.io:3000/mcp "HTTP/1.1 200 OK"
2026-06-10 16:29:24,044 INFO services.account_scanner Page 608: fetched 100 users, 41 collectible, 21099 total candidates
2026-06-10 16:29:24,548 INFO httpx HTTP Request: POST https://private-users-mcp.query.prod.telnyx.io:3000/mcp "HTTP/1.1 200 OK"
2026-06-10 16:29:24,713 INFO services.account_scanner Page 609: fetched 100 users, 42 collectible, 21141 total candidates
2026-06-10 16:29:25,218 INFO httpx HTTP Request: POST https://private-users-mcp.query.prod.telnyx.io:3000/mcp "HTTP/1.1 200 OK"
2026-06-10 16:29:25,377 INFO services.account_scanner Page 610: fetched 100 users, 41 collectible, 21182 total candidates
2026-06-10 16:29:25,953 INFO httpx HTTP Request: POST https://private-users-mcp.query.prod.telnyx.io:3000/mcp "HTTP/1.1 200 OK"
2026-06-10 16:29:26,108 INFO services.account_scanner Page 611: fetched 100 users, 46 collectible, 21228 total candidates
2026-06-10 16:29:26,758 INFO httpx HTTP Request: POST https://private-users-mcp.query.prod.telnyx.io:3000/mcp "HTTP/1.1 200 OK"
2026-06-10 16:29:26,918 INFO services.account_scanner Page 612: fetched 100 users, 44 collectible, 21272 total candidates
2026-06-10 16:29:27,449 INFO httpx HTTP Request: POST https://private-users-mcp.query.prod.telnyx.io:3000/mcp "HTTP/1.1 200 OK"
2026-06-10 16:29:27,616 INFO services.account_scanner Page 613: fetched 100 users, 55 collectible, 21327 total candidates
2026-06-10 16:29:28,258 INFO httpx HTTP Request: POST https://private-users-mcp.query.prod.telnyx.io:3000/mcp "HTTP/1.1 200 OK"
2026-06-10 16:29:28,424 INFO services.account_scanner Page 614: fetched 100 users, 53 collectible, 21380 total candidates
2026-06-10 16:29:29,197 INFO httpx HTTP Request: POST https://private-users-mcp.query.prod.telnyx.io:3000/mcp "HTTP/1.1 200 OK"
2026-06-10 16:29:29,379 INFO services.account_scanner Page 615: fetched 100 users, 65 collectible, 21445 total candidates
2026-06-10 16:29:29,946 INFO httpx HTTP Request: POST https://private-users-mcp.query.prod.telnyx.io:3000/mcp "HTTP/1.1 200 OK"
2026-06-10 16:29:30,111 INFO services.account_scanner Page 616: fetched 100 users, 41 collectible, 21486 total candidates
2026-06-10 16:29:30,595 INFO httpx HTTP Request: POST https://private-users-mcp.query.prod.telnyx.io:3000/mcp "HTTP/1.1 200 OK"
2026-06-10 16:29:30,754 INFO services.account_scanner Page 617: fetched 100 users, 40 collectible, 21526 total candidates
2026-06-10 16:29:31,241 INFO httpx HTTP Request: POST https://private-users-mcp.query.prod.telnyx.io:3000/mcp "HTTP/1.1 200 OK"
2026-06-10 16:29:31,401 INFO services.account_scanner Page 618: fetched 100 users, 37 collectible, 21563 total candidates
2026-06-10 16:29:31,935 INFO httpx HTTP Request: POST https://private-users-mcp.query.prod.telnyx.io:3000/mcp "HTTP/1.1 200 OK"
2026-06-10 16:29:32,093 INFO services.account_scanner Page 619: fetched 100 users, 35 collectible, 21598 total candidates
2026-06-10 16:29:32,701 INFO httpx HTTP Request: POST https://private-users-mcp.query.prod.telnyx.io:3000/mcp "HTTP/1.1 200 OK"
2026-06-10 16:29:32,866 INFO services.account_scanner Page 620: fetched 100 users, 46 collectible, 21644 total candidates
2026-06-10 16:29:33,372 INFO httpx HTTP Request: POST https://private-users-mcp.query.prod.telnyx.io:3000/mcp "HTTP/1.1 200 OK"
2026-06-10 16:29:33,531 INFO services.account_scanner Page 621: fetched 100 users, 34 collectible, 21678 total candidates
2026-06-10 16:29:34,053 INFO httpx HTTP Request: POST https://private-users-mcp.query.prod.telnyx.io:3000/mcp "HTTP/1.1 200 OK"
2026-06-10 16:29:34,210 INFO services.account_scanner Page 622: fetched 100 users, 50 collectible, 21728 total candidates
2026-06-10 16:29:34,696 INFO httpx HTTP Request: POST https://private-users-mcp.query.prod.telnyx.io:3000/mcp "HTTP/1.1 200 OK"
2026-06-10 16:29:34,854 INFO services.account_scanner Page 623: fetched 100 users, 30 collectible, 21758 total candidates
2026-06-10 16:29:35,466 INFO httpx HTTP Request: POST https://private-users-mcp.query.prod.telnyx.io:3000/mcp "HTTP/1.1 200 OK"
2026-06-10 16:29:35,626 INFO services.account_scanner Page 624: fetched 100 users, 61 collectible, 21819 total candidates
2026-06-10 16:29:36,250 INFO httpx HTTP Request: POST https://private-users-mcp.query.prod.telnyx.io:3000/mcp "HTTP/1.1 200 OK"
2026-06-10 16:29:36,411 INFO services.account_scanner Page 625: fetched 100 users, 73 collectible, 21892 total candidates
2026-06-10 16:29:36,931 INFO httpx HTTP Request: POST https://private-users-mcp.query.prod.telnyx.io:3000/mcp "HTTP/1.1 200 OK"
2026-06-10 16:29:37,088 INFO services.account_scanner Page 626: fetched 100 users, 42 collectible, 21934 total candidates
2026-06-10 16:29:37,621 INFO httpx HTTP Request: POST https://private-users-mcp.query.prod.telnyx.io:3000/mcp "HTTP/1.1 200 OK"
2026-06-10 16:29:37,777 INFO services.account_scanner Page 627: fetched 100 users, 34 collectible, 21968 total candidates
2026-06-10 16:29:38,254 INFO httpx HTTP Request: POST https://private-users-mcp.query.prod.telnyx.io:3000/mcp "HTTP/1.1 200 OK"
2026-06-10 16:29:38,416 INFO services.account_scanner Page 628: fetched 100 users, 40 collectible, 22008 total candidates
2026-06-10 16:29:38,947 INFO httpx HTTP Request: POST https://private-users-mcp.query.prod.telnyx.io:3000/mcp "HTTP/1.1 200 OK"
2026-06-10 16:29:39,109 INFO services.account_scanner Page 629: fetched 100 users, 43 collectible, 22051 total candidates
2026-06-10 16:29:39,661 INFO httpx HTTP Request: POST https://private-users-mcp.query.prod.telnyx.io:3000/mcp "HTTP/1.1 200 OK"
2026-06-10 16:29:39,820 INFO services.account_scanner Page 630: fetched 100 users, 41 collectible, 22092 total candidates
2026-06-10 16:29:40,337 INFO httpx HTTP Request: POST https://private-users-mcp.query.prod.telnyx.io:3000/mcp "HTTP/1.1 200 OK"
2026-06-10 16:29:40,495 INFO services.account_scanner Page 631: fetched 100 users, 48 collectible, 22140 total candidates
2026-06-10 16:29:41,025 INFO httpx HTTP Request: POST https://private-users-mcp.query.prod.telnyx.io:3000/mcp "HTTP/1.1 200 OK"
2026-06-10 16:29:41,189 INFO services.account_scanner Page 632: fetched 100 users, 51 collectible, 22191 total candidates
2026-06-10 16:29:41,667 INFO httpx HTTP Request: POST https://private-users-mcp.query.prod.telnyx.io:3000/mcp "HTTP/1.1 200 OK"
2026-06-10 16:29:41,824 INFO services.account_scanner Page 633: fetched 100 users, 29 collectible, 22220 total candidates
2026-06-10 16:29:42,353 INFO httpx HTTP Request: POST https://private-users-mcp.query.prod.telnyx.io:3000/mcp "HTTP/1.1 200 OK"
2026-06-10 16:29:42,518 INFO services.account_scanner Page 634: fetched 100 users, 36 collectible, 22256 total candidates
2026-06-10 16:29:43,055 INFO httpx HTTP Request: POST https://private-users-mcp.query.prod.telnyx.io:3000/mcp "HTTP/1.1 200 OK"
2026-06-10 16:29:43,215 INFO services.account_scanner Page 635: fetched 100 users, 56 collectible, 22312 total candidates
2026-06-10 16:29:43,700 INFO httpx HTTP Request: POST https://private-users-mcp.query.prod.telnyx.io:3000/mcp "HTTP/1.1 200 OK"
2026-06-10 16:29:43,858 INFO services.account_scanner Page 636: fetched 100 users, 31 collectible, 22343 total candidates
2026-06-10 16:29:44,375 INFO httpx HTTP Request: POST https://private-users-mcp.query.prod.telnyx.io:3000/mcp "HTTP/1.1 200 OK"
2026-06-10 16:29:44,534 INFO services.account_scanner Page 637: fetched 100 users, 36 collectible, 22379 total candidates
2026-06-10 16:29:45,022 INFO httpx HTTP Request: POST https://private-users-mcp.query.prod.telnyx.io:3000/mcp "HTTP/1.1 200 OK"
2026-06-10 16:29:45,181 INFO services.account_scanner Page 638: fetched 100 users, 36 collectible, 22415 total candidates
2026-06-10 16:29:45,719 INFO httpx HTTP Request: POST https://private-users-mcp.query.prod.telnyx.io:3000/mcp "HTTP/1.1 200 OK"
2026-06-10 16:29:45,883 INFO services.account_scanner Page 639: fetched 100 users, 44 collectible, 22459 total candidates
2026-06-10 16:29:46,434 INFO httpx HTTP Request: POST https://private-users-mcp.query.prod.telnyx.io:3000/mcp "HTTP/1.1 200 OK"
2026-06-10 16:29:46,592 INFO services.account_scanner Page 640: fetched 100 users, 29 collectible, 22488 total candidates
2026-06-10 16:29:47,194 INFO httpx HTTP Request: POST https://private-users-mcp.query.prod.telnyx.io:3000/mcp "HTTP/1.1 200 OK"
2026-06-10 16:29:47,350 INFO services.account_scanner Page 641: fetched 100 users, 40 collectible, 22528 total candidates
2026-06-10 16:29:47,954 INFO httpx HTTP Request: POST https://private-users-mcp.query.prod.telnyx.io:3000/mcp "HTTP/1.1 200 OK"
2026-06-10 16:29:48,114 INFO services.account_scanner Page 642: fetched 100 users, 49 collectible, 22577 total candidates
2026-06-10 16:29:48,691 INFO httpx HTTP Request: POST https://private-users-mcp.query.prod.telnyx.io:3000/mcp "HTTP/1.1 200 OK"
2026-06-10 16:29:48,848 INFO services.account_scanner Page 643: fetched 100 users, 48 collectible, 22625 total candidates
2026-06-10 16:29:49,366 INFO httpx HTTP Request: POST https://private-users-mcp.query.prod.telnyx.io:3000/mcp "HTTP/1.1 200 OK"
2026-06-10 16:29:49,526 INFO services.account_scanner Page 644: fetched 100 users, 45 collectible, 22670 total candidates
2026-06-10 16:29:50,309 INFO httpx HTTP Request: POST https://private-users-mcp.query.prod.telnyx.io:3000/mcp "HTTP/1.1 200 OK"
2026-06-10 16:29:50,490 INFO services.account_scanner Page 645: fetched 100 users, 66 collectible, 22736 total candidates
2026-06-10 16:29:51,074 INFO httpx HTTP Request: POST https://private-users-mcp.query.prod.telnyx.io:3000/mcp "HTTP/1.1 200 OK"
2026-06-10 16:29:51,239 INFO services.account_scanner Page 646: fetched 100 users, 59 collectible, 22795 total candidates
2026-06-10 16:29:51,825 INFO httpx HTTP Request: POST https://private-users-mcp.query.prod.telnyx.io:3000/mcp "HTTP/1.1 200 OK"
2026-06-10 16:29:51,981 INFO services.account_scanner Page 647: fetched 100 users, 44 collectible, 22839 total candidates
2026-06-10 16:29:52,575 INFO httpx HTTP Request: POST https://private-users-mcp.query.prod.telnyx.io:3000/mcp "HTTP/1.1 200 OK"
2026-06-10 16:29:52,729 INFO services.account_scanner Page 648: fetched 100 users, 67 collectible, 22906 total candidates
2026-06-10 16:29:53,264 INFO httpx HTTP Request: POST https://private-users-mcp.query.prod.telnyx.io:3000/mcp "HTTP/1.1 200 OK"
2026-06-10 16:29:53,422 INFO services.account_scanner Page 649: fetched 100 users, 38 collectible, 22944 total candidates
2026-06-10 16:29:53,951 INFO httpx HTTP Request: POST https://private-users-mcp.query.prod.telnyx.io:3000/mcp "HTTP/1.1 200 OK"
2026-06-10 16:29:54,114 INFO services.account_scanner Page 650: fetched 100 users, 53 collectible, 22997 total candidates
2026-06-10 16:29:54,718 INFO httpx HTTP Request: POST https://private-users-mcp.query.prod.telnyx.io:3000/mcp "HTTP/1.1 200 OK"
2026-06-10 16:29:54,875 INFO services.account_scanner Page 651: fetched 100 users, 42 collectible, 23039 total candidates
2026-06-10 16:29:55,449 INFO httpx HTTP Request: POST https://private-users-mcp.query.prod.telnyx.io:3000/mcp "HTTP/1.1 200 OK"
2026-06-10 16:29:55,610 INFO services.account_scanner Page 652: fetched 100 users, 42 collectible, 23081 total candidates
2026-06-10 16:29:56,130 INFO httpx HTTP Request: POST https://private-users-mcp.query.prod.telnyx.io:3000/mcp "HTTP/1.1 200 OK"
2026-06-10 16:29:56,289 INFO services.account_scanner Page 653: fetched 100 users, 36 collectible, 23117 total candidates
2026-06-10 16:29:56,772 INFO httpx HTTP Request: POST https://private-users-mcp.query.prod.telnyx.io:3000/mcp "HTTP/1.1 200 OK"
2026-06-10 16:29:56,928 INFO services.account_scanner Page 654: fetched 100 users, 34 collectible, 23151 total candidates
2026-06-10 16:29:57,425 INFO httpx HTTP Request: POST https://private-users-mcp.query.prod.telnyx.io:3000/mcp "HTTP/1.1 200 OK"
2026-06-10 16:29:57,581 INFO services.account_scanner Page 655: fetched 100 users, 61 collectible, 23212 total candidates
2026-06-10 16:29:58,071 INFO httpx HTTP Request: POST https://private-users-mcp.query.prod.telnyx.io:3000/mcp "HTTP/1.1 200 OK"
2026-06-10 16:29:58,227 INFO services.account_scanner Page 656: fetched 100 users, 39 collectible, 23251 total candidates
2026-06-10 16:29:58,735 INFO httpx HTTP Request: POST https://private-users-mcp.query.prod.telnyx.io:3000/mcp "HTTP/1.1 200 OK"
2026-06-10 16:29:58,893 INFO services.account_scanner Page 657: fetched 100 users, 34 collectible, 23285 total candidates
2026-06-10 16:29:59,516 INFO httpx HTTP Request: POST https://private-users-mcp.query.prod.telnyx.io:3000/mcp "HTTP/1.1 200 OK"
2026-06-10 16:29:59,674 INFO services.account_scanner Page 658: fetched 100 users, 57 collectible, 23342 total candidates
2026-06-10 16:30:00,618 INFO httpx HTTP Request: POST https://private-users-mcp.query.prod.telnyx.io:3000/mcp "HTTP/1.1 200 OK"
2026-06-10 16:30:00,795 INFO services.account_scanner Page 659: fetched 100 users, 77 collectible, 23419 total candidates
2026-06-10 16:30:01,562 INFO httpx HTTP Request: POST https://private-users-mcp.query.prod.telnyx.io:3000/mcp "HTTP/1.1 200 OK"
2026-06-10 16:30:01,748 INFO services.account_scanner Page 660: fetched 100 users, 74 collectible, 23493 total candidates
2026-06-10 16:30:02,368 INFO httpx HTTP Request: POST https://private-users-mcp.query.prod.telnyx.io:3000/mcp "HTTP/1.1 200 OK"
2026-06-10 16:30:02,532 INFO services.account_scanner Page 661: fetched 100 users, 68 collectible, 23561 total candidates
2026-06-10 16:30:03,076 INFO httpx HTTP Request: POST https://private-users-mcp.query.prod.telnyx.io:3000/mcp "HTTP/1.1 200 OK"
2026-06-10 16:30:03,233 INFO services.account_scanner Page 662: fetched 100 users, 58 collectible, 23619 total candidates
2026-06-10 16:30:03,817 INFO httpx HTTP Request: POST https://private-users-mcp.query.prod.telnyx.io:3000/mcp "HTTP/1.1 200 OK"
2026-06-10 16:30:03,977 INFO services.account_scanner Page 663: fetched 100 users, 74 collectible, 23693 total candidates
2026-06-10 16:30:04,579 INFO httpx HTTP Request: POST https://private-users-mcp.query.prod.telnyx.io:3000/mcp "HTTP/1.1 200 OK"
2026-06-10 16:30:04,746 INFO services.account_scanner Page 664: fetched 100 users, 73 collectible, 23766 total candidates
2026-06-10 16:30:05,433 INFO httpx HTTP Request: POST https://private-users-mcp.query.prod.telnyx.io:3000/mcp "HTTP/1.1 200 OK"
2026-06-10 16:30:05,615 INFO services.account_scanner Page 665: fetched 100 users, 73 collectible, 23839 total candidates
2026-06-10 16:30:06,239 INFO httpx HTTP Request: POST https://private-users-mcp.query.prod.telnyx.io:3000/mcp "HTTP/1.1 200 OK"
2026-06-10 16:30:06,408 INFO services.account_scanner Page 666: fetched 100 users, 75 collectible, 23914 total candidates
2026-06-10 16:30:07,070 INFO httpx HTTP Request: POST https://private-users-mcp.query.prod.telnyx.io:3000/mcp "HTTP/1.1 200 OK"
2026-06-10 16:30:07,231 INFO services.account_scanner Page 667: fetched 100 users, 69 collectible, 23983 total candidates
2026-06-10 16:30:07,861 INFO httpx HTTP Request: POST https://private-users-mcp.query.prod.telnyx.io:3000/mcp "HTTP/1.1 200 OK"
2026-06-10 16:30:08,021 INFO services.account_scanner Page 668: fetched 100 users, 81 collectible, 24064 total candidates
2026-06-10 16:30:08,808 INFO httpx HTTP Request: POST https://private-users-mcp.query.prod.telnyx.io:3000/mcp "HTTP/1.1 200 OK"
2026-06-10 16:30:08,985 INFO services.account_scanner Page 669: fetched 100 users, 73 collectible, 24137 total candidates
2026-06-10 16:30:09,524 INFO httpx HTTP Request: POST https://private-users-mcp.query.prod.telnyx.io:3000/mcp "HTTP/1.1 200 OK"
2026-06-10 16:30:09,684 INFO services.account_scanner Page 670: fetched 100 users, 75 collectible, 24212 total candidates
2026-06-10 16:30:10,154 INFO httpx HTTP Request: POST https://private-users-mcp.query.prod.telnyx.io:3000/mcp "HTTP/1.1 200 OK"
2026-06-10 16:30:10,312 INFO services.account_scanner Page 671: fetched 100 users, 34 collectible, 24246 total candidates
2026-06-10 16:30:10,974 INFO httpx HTTP Request: POST https://private-users-mcp.query.prod.telnyx.io:3000/mcp "HTTP/1.1 200 OK"
2026-06-10 16:30:11,135 INFO services.account_scanner Page 672: fetched 100 users, 68 collectible, 24314 total candidates
2026-06-10 16:30:11,650 INFO httpx HTTP Request: POST https://private-users-mcp.query.prod.telnyx.io:3000/mcp "HTTP/1.1 200 OK"
2026-06-10 16:30:11,806 INFO services.account_scanner Page 673: fetched 100 users, 51 collectible, 24365 total candidates
2026-06-10 16:30:12,358 INFO httpx HTTP Request: POST https://private-users-mcp.query.prod.telnyx.io:3000/mcp "HTTP/1.1 200 OK"
2026-06-10 16:30:12,524 INFO services.account_scanner Page 674: fetched 100 users, 43 collectible, 24408 total candidates
2026-06-10 16:30:13,012 INFO httpx HTTP Request: POST https://private-users-mcp.query.prod.telnyx.io:3000/mcp "HTTP/1.1 200 OK"
2026-06-10 16:30:13,170 INFO services.account_scanner Page 675: fetched 100 users, 36 collectible, 24444 total candidates
2026-06-10 16:30:13,750 INFO httpx HTTP Request: POST https://private-users-mcp.query.prod.telnyx.io:3000/mcp "HTTP/1.1 200 OK"
2026-06-10 16:30:13,900 INFO services.account_scanner Page 676: fetched 100 users, 41 collectible, 24485 total candidates
2026-06-10 16:30:14,542 INFO httpx HTTP Request: POST https://private-users-mcp.query.prod.telnyx.io:3000/mcp "HTTP/1.1 200 OK"
2026-06-10 16:30:14,701 INFO services.account_scanner Page 677: fetched 100 users, 57 collectible, 24542 total candidates
2026-06-10 16:30:15,260 INFO httpx HTTP Request: POST https://private-users-mcp.query.prod.telnyx.io:3000/mcp "HTTP/1.1 200 OK"
2026-06-10 16:30:15,416 INFO services.account_scanner Page 678: fetched 100 users, 51 collectible, 24593 total candidates
2026-06-10 16:30:16,014 INFO httpx HTTP Request: POST https://private-users-mcp.query.prod.telnyx.io:3000/mcp "HTTP/1.1 200 OK"
2026-06-10 16:30:16,171 INFO services.account_scanner Page 679: fetched 100 users, 47 collectible, 24640 total candidates
2026-06-10 16:30:16,705 INFO httpx HTTP Request: POST https://private-users-mcp.query.prod.telnyx.io:3000/mcp "HTTP/1.1 200 OK"
2026-06-10 16:30:16,865 INFO services.account_scanner Page 680: fetched 100 users, 42 collectible, 24682 total candidates
2026-06-10 16:30:17,378 INFO httpx HTTP Request: POST https://private-users-mcp.query.prod.telnyx.io:3000/mcp "HTTP/1.1 200 OK"
2026-06-10 16:30:17,538 INFO services.account_scanner Page 681: fetched 100 users, 43 collectible, 24725 total candidates
2026-06-10 16:30:18,090 INFO httpx HTTP Request: POST https://private-users-mcp.query.prod.telnyx.io:3000/mcp "HTTP/1.1 200 OK"
2026-06-10 16:30:18,255 INFO services.account_scanner Page 682: fetched 100 users, 60 collectible, 24785 total candidates
2026-06-10 16:30:18,761 INFO httpx HTTP Request: POST https://private-users-mcp.query.prod.telnyx.io:3000/mcp "HTTP/1.1 200 OK"
2026-06-10 16:30:18,919 INFO services.account_scanner Page 683: fetched 100 users, 46 collectible, 24831 total candidates
2026-06-10 16:30:19,492 INFO httpx HTTP Request: POST https://private-users-mcp.query.prod.telnyx.io:3000/mcp "HTTP/1.1 200 OK"
2026-06-10 16:30:19,651 INFO services.account_scanner Page 684: fetched 100 users, 45 collectible, 24876 total candidates
2026-06-10 16:30:20,189 INFO httpx HTTP Request: POST https://private-users-mcp.query.prod.telnyx.io:3000/mcp "HTTP/1.1 200 OK"
2026-06-10 16:30:20,345 INFO services.account_scanner Page 685: fetched 100 users, 34 collectible, 24910 total candidates
2026-06-10 16:30:20,805 INFO httpx HTTP Request: POST https://private-users-mcp.query.prod.telnyx.io:3000/mcp "HTTP/1.1 200 OK"
2026-06-10 16:30:20,961 INFO services.account_scanner Page 686: fetched 100 users, 25 collectible, 24935 total candidates
2026-06-10 16:30:21,483 INFO httpx HTTP Request: POST https://private-users-mcp.query.prod.telnyx.io:3000/mcp "HTTP/1.1 200 OK"
2026-06-10 16:30:21,643 INFO services.account_scanner Page 687: fetched 100 users, 52 collectible, 24987 total candidates
2026-06-10 16:30:22,166 INFO httpx HTTP Request: POST https://private-users-mcp.query.prod.telnyx.io:3000/mcp "HTTP/1.1 200 OK"
2026-06-10 16:30:22,325 INFO services.account_scanner Page 688: fetched 100 users, 42 collectible, 25029 total candidates
2026-06-10 16:30:22,801 INFO httpx HTTP Request: POST https://private-users-mcp.query.prod.telnyx.io:3000/mcp "HTTP/1.1 200 OK"
2026-06-10 16:30:22,961 INFO services.account_scanner Page 689: fetched 100 users, 38 collectible, 25067 total candidates
2026-06-10 16:30:23,485 INFO httpx HTTP Request: POST https://private-users-mcp.query.prod.telnyx.io:3000/mcp "HTTP/1.1 200 OK"
2026-06-10 16:30:23,649 INFO services.account_scanner Page 690: fetched 100 users, 51 collectible, 25118 total candidates
2026-06-10 16:30:24,144 INFO httpx HTTP Request: POST https://private-users-mcp.query.prod.telnyx.io:3000/mcp "HTTP/1.1 200 OK"
2026-06-10 16:30:24,303 INFO services.account_scanner Page 691: fetched 100 users, 43 collectible, 25161 total candidates
2026-06-10 16:30:24,802 INFO httpx HTTP Request: POST https://private-users-mcp.query.prod.telnyx.io:3000/mcp "HTTP/1.1 200 OK"
2026-06-10 16:30:24,961 INFO services.account_scanner Page 692: fetched 100 users, 49 collectible, 25210 total candidates
2026-06-10 16:30:25,654 INFO httpx HTTP Request: POST https://private-users-mcp.query.prod.telnyx.io:3000/mcp "HTTP/1.1 200 OK"
2026-06-10 16:30:25,834 INFO services.account_scanner Page 693: fetched 100 users, 38 collectible, 25248 total candidates
2026-06-10 16:30:26,359 INFO httpx HTTP Request: POST https://private-users-mcp.query.prod.telnyx.io:3000/mcp "HTTP/1.1 200 OK"
2026-06-10 16:30:26,527 INFO services.account_scanner Page 694: fetched 100 users, 31 collectible, 25279 total candidates
2026-06-10 16:30:27,065 INFO httpx HTTP Request: POST https://private-users-mcp.query.prod.telnyx.io:3000/mcp "HTTP/1.1 200 OK"
2026-06-10 16:30:27,226 INFO services.account_scanner Page 695: fetched 100 users, 35 collectible, 25314 total candidates
2026-06-10 16:30:27,704 INFO httpx HTTP Request: POST https://private-users-mcp.query.prod.telnyx.io:3000/mcp "HTTP/1.1 200 OK"
2026-06-10 16:30:27,863 INFO services.account_scanner Page 696: fetched 100 users, 39 collectible, 25353 total candidates
2026-06-10 16:30:28,336 INFO httpx HTTP Request: POST https://private-users-mcp.query.prod.telnyx.io:3000/mcp "HTTP/1.1 200 OK"
2026-06-10 16:30:28,492 INFO services.account_scanner Page 697: fetched 100 users, 24 collectible, 25377 total candidates
2026-06-10 16:30:29,004 INFO httpx HTTP Request: POST https://private-users-mcp.query.prod.telnyx.io:3000/mcp "HTTP/1.1 200 OK"
2026-06-10 16:30:29,163 INFO services.account_scanner Page 698: fetched 100 users, 46 collectible, 25423 total candidates
2026-06-10 16:30:29,701 INFO httpx HTTP Request: POST https://private-users-mcp.query.prod.telnyx.io:3000/mcp "HTTP/1.1 200 OK"
2026-06-10 16:30:29,859 INFO services.account_scanner Page 699: fetched 100 users, 58 collectible, 25481 total candidates
2026-06-10 16:30:30,399 INFO httpx HTTP Request: POST https://private-users-mcp.query.prod.telnyx.io:3000/mcp "HTTP/1.1 200 OK"
2026-06-10 16:30:30,558 INFO services.account_scanner Page 700: fetched 100 users, 70 collectible, 25551 total candidates
2026-06-10 16:30:31,098 INFO httpx HTTP Request: POST https://private-users-mcp.query.prod.telnyx.io:3000/mcp "HTTP/1.1 200 OK"
2026-06-10 16:30:31,256 INFO services.account_scanner Page 701: fetched 100 users, 63 collectible, 25614 total candidates
2026-06-10 16:30:31,852 INFO httpx HTTP Request: POST https://private-users-mcp.query.prod.telnyx.io:3000/mcp "HTTP/1.1 200 OK"
2026-06-10 16:30:32,010 INFO services.account_scanner Page 702: fetched 100 users, 73 collectible, 25687 total candidates
2026-06-10 16:30:32,557 INFO httpx HTTP Request: POST https://private-users-mcp.query.prod.telnyx.io:3000/mcp "HTTP/1.1 200 OK"
2026-06-10 16:30:32,715 INFO services.account_scanner Page 703: fetched 100 users, 51 collectible, 25738 total candidates
2026-06-10 16:30:33,196 INFO httpx HTTP Request: POST https://private-users-mcp.query.prod.telnyx.io:3000/mcp "HTTP/1.1 200 OK"
2026-06-10 16:30:33,356 INFO services.account_scanner Page 704: fetched 100 users, 47 collectible, 25785 total candidates
2026-06-10 16:30:33,924 INFO httpx HTTP Request: POST https://private-users-mcp.query.prod.telnyx.io:3000/mcp "HTTP/1.1 200 OK"
2026-06-10 16:30:34,074 INFO services.account_scanner Page 705: fetched 100 users, 47 collectible, 25832 total candidates
2026-06-10 16:30:34,877 INFO httpx HTTP Request: POST https://private-users-mcp.query.prod.telnyx.io:3000/mcp "HTTP/1.1 200 OK"
2026-06-10 16:30:35,049 INFO services.account_scanner Page 706: fetched 100 users, 31 collectible, 25863 total candidates
2026-06-10 16:30:35,615 INFO httpx HTTP Request: POST https://private-users-mcp.query.prod.telnyx.io:3000/mcp "HTTP/1.1 200 OK"
2026-06-10 16:30:35,778 INFO services.account_scanner Page 707: fetched 100 users, 38 collectible, 25901 total candidates
2026-06-10 16:30:36,311 INFO httpx HTTP Request: POST https://private-users-mcp.query.prod.telnyx.io:3000/mcp "HTTP/1.1 200 OK"
2026-06-10 16:30:36,472 INFO services.account_scanner Page 708: fetched 100 users, 43 collectible, 25944 total candidates
2026-06-10 16:30:36,981 INFO httpx HTTP Request: POST https://private-users-mcp.query.prod.telnyx.io:3000/mcp "HTTP/1.1 200 OK"
2026-06-10 16:30:37,147 INFO services.account_scanner Page 709: fetched 100 users, 57 collectible, 26001 total candidates
2026-06-10 16:30:37,624 INFO httpx HTTP Request: POST https://private-users-mcp.query.prod.telnyx.io:3000/mcp "HTTP/1.1 200 OK"
2026-06-10 16:30:37,790 INFO services.account_scanner Page 710: fetched 100 users, 30 collectible, 26031 total candidates
2026-06-10 16:30:38,295 INFO httpx HTTP Request: POST https://private-users-mcp.query.prod.telnyx.io:3000/mcp "HTTP/1.1 200 OK"
2026-06-10 16:30:38,451 INFO services.account_scanner Page 711: fetched 100 users, 47 collectible, 26078 total candidates
2026-06-10 16:30:39,052 INFO httpx HTTP Request: POST https://private-users-mcp.query.prod.telnyx.io:3000/mcp "HTTP/1.1 200 OK"
2026-06-10 16:30:39,206 INFO services.account_scanner Page 712: fetched 100 users, 50 collectible, 26128 total candidates
2026-06-10 16:30:39,721 INFO httpx HTTP Request: POST https://private-users-mcp.query.prod.telnyx.io:3000/mcp "HTTP/1.1 200 OK"
2026-06-10 16:30:39,876 INFO services.account_scanner Page 713: fetched 100 users, 34 collectible, 26162 total candidates
2026-06-10 16:30:40,404 INFO httpx HTTP Request: POST https://private-users-mcp.query.prod.telnyx.io:3000/mcp "HTTP/1.1 200 OK"
2026-06-10 16:30:40,568 INFO services.account_scanner Page 714: fetched 100 users, 51 collectible, 26213 total candidates
2026-06-10 16:30:41,110 INFO httpx HTTP Request: POST https://private-users-mcp.query.prod.telnyx.io:3000/mcp "HTTP/1.1 200 OK"
2026-06-10 16:30:41,266 INFO services.account_scanner Page 715: fetched 100 users, 47 collectible, 26260 total candidates
2026-06-10 16:30:41,798 INFO httpx HTTP Request: POST https://private-users-mcp.query.prod.telnyx.io:3000/mcp "HTTP/1.1 200 OK"
2026-06-10 16:30:41,958 INFO services.account_scanner Page 716: fetched 100 users, 50 collectible, 26310 total candidates
2026-06-10 16:30:42,498 INFO httpx HTTP Request: POST https://private-users-mcp.query.prod.telnyx.io:3000/mcp "HTTP/1.1 200 OK"
2026-06-10 16:30:42,649 INFO services.account_scanner Page 717: fetched 100 users, 52 collectible, 26362 total candidates
2026-06-10 16:30:43,229 INFO httpx HTTP Request: POST https://private-users-mcp.query.prod.telnyx.io:3000/mcp "HTTP/1.1 200 OK"
2026-06-10 16:30:43,387 INFO services.account_scanner Page 718: fetched 100 users, 43 collectible, 26405 total candidates
2026-06-10 16:30:44,238 INFO httpx HTTP Request: POST https://private-users-mcp.query.prod.telnyx.io:3000/mcp "HTTP/1.1 200 OK"
2026-06-10 16:30:44,420 INFO services.account_scanner Page 719: fetched 100 users, 29 collectible, 26434 total candidates
2026-06-10 16:30:45,038 INFO httpx HTTP Request: POST https://private-users-mcp.query.prod.telnyx.io:3000/mcp "HTTP/1.1 200 OK"
2026-06-10 16:30:45,195 INFO services.account_scanner Page 720: fetched 100 users, 48 collectible, 26482 total candidates
2026-06-10 16:30:45,710 INFO httpx HTTP Request: POST https://private-users-mcp.query.prod.telnyx.io:3000/mcp "HTTP/1.1 200 OK"
2026-06-10 16:30:45,862 INFO services.account_scanner Page 721: fetched 100 users, 40 collectible, 26522 total candidates
2026-06-10 16:30:46,372 INFO httpx HTTP Request: POST https://private-users-mcp.query.prod.telnyx.io:3000/mcp "HTTP/1.1 200 OK"
2026-06-10 16:30:46,531 INFO services.account_scanner Page 722: fetched 100 users, 47 collectible, 26569 total candidates
2026-06-10 16:30:47,013 INFO httpx HTTP Request: POST https://private-users-mcp.query.prod.telnyx.io:3000/mcp "HTTP/1.1 200 OK"
2026-06-10 16:30:47,179 INFO services.account_scanner Page 723: fetched 100 users, 44 collectible, 26613 total candidates
2026-06-10 16:30:47,730 INFO httpx HTTP Request: POST https://private-users-mcp.query.prod.telnyx.io:3000/mcp "HTTP/1.1 200 OK"
2026-06-10 16:30:47,888 INFO services.account_scanner Page 724: fetched 100 users, 46 collectible, 26659 total candidates
2026-06-10 16:30:48,757 INFO httpx HTTP Request: POST https://private-users-mcp.query.prod.telnyx.io:3000/mcp "HTTP/1.1 200 OK"
2026-06-10 16:30:48,938 INFO services.account_scanner Page 725: fetched 100 users, 35 collectible, 26694 total candidates
2026-06-10 16:30:49,414 INFO httpx HTTP Request: POST https://private-users-mcp.query.prod.telnyx.io:3000/mcp "HTTP/1.1 200 OK"
2026-06-10 16:30:49,577 INFO services.account_scanner Page 726: fetched 100 users, 39 collectible, 26733 total candidates
2026-06-10 16:30:50,242 INFO httpx HTTP Request: POST https://private-users-mcp.query.prod.telnyx.io:3000/mcp "HTTP/1.1 200 OK"
2026-06-10 16:30:50,399 INFO services.account_scanner Page 727: fetched 100 users, 32 collectible, 26765 total candidates
2026-06-10 16:30:50,945 INFO httpx HTTP Request: POST https://private-users-mcp.query.prod.telnyx.io:3000/mcp "HTTP/1.1 200 OK"
2026-06-10 16:30:51,102 INFO services.account_scanner Page 728: fetched 100 users, 48 collectible, 26813 total candidates
2026-06-10 16:30:51,583 INFO httpx HTTP Request: POST https://private-users-mcp.query.prod.telnyx.io:3000/mcp "HTTP/1.1 200 OK"
2026-06-10 16:30:51,753 INFO services.account_scanner Page 729: fetched 100 users, 25 collectible, 26838 total candidates
2026-06-10 16:30:52,235 INFO httpx HTTP Request: POST https://private-users-mcp.query.prod.telnyx.io:3000/mcp "HTTP/1.1 200 OK"
2026-06-10 16:30:52,397 INFO services.account_scanner Page 730: fetched 100 users, 37 collectible, 26875 total candidates
2026-06-10 16:30:52,993 INFO httpx HTTP Request: POST https://private-users-mcp.query.prod.telnyx.io:3000/mcp "HTTP/1.1 200 OK"
2026-06-10 16:30:53,150 INFO services.account_scanner Page 731: fetched 100 users, 46 collectible, 26921 total candidates
2026-06-10 16:30:53,745 INFO httpx HTTP Request: POST https://private-users-mcp.query.prod.telnyx.io:3000/mcp "HTTP/1.1 200 OK"
2026-06-10 16:30:53,904 INFO services.account_scanner Page 732: fetched 100 users, 33 collectible, 26954 total candidates
2026-06-10 16:30:54,405 INFO httpx HTTP Request: POST https://private-users-mcp.query.prod.telnyx.io:3000/mcp "HTTP/1.1 200 OK"
2026-06-10 16:30:54,562 INFO services.account_scanner Page 733: fetched 100 users, 44 collectible, 26998 total candidates
2026-06-10 16:30:55,093 INFO httpx HTTP Request: POST https://private-users-mcp.query.prod.telnyx.io:3000/mcp "HTTP/1.1 200 OK"
2026-06-10 16:30:55,252 INFO services.account_scanner Page 734: fetched 100 users, 37 collectible, 27035 total candidates
2026-06-10 16:30:55,761 INFO httpx HTTP Request: POST https://private-users-mcp.query.prod.telnyx.io:3000/mcp "HTTP/1.1 200 OK"
2026-06-10 16:30:55,915 INFO services.account_scanner Page 735: fetched 100 users, 41 collectible, 27076 total candidates
2026-06-10 16:30:56,385 INFO httpx HTTP Request: POST https://private-users-mcp.query.prod.telnyx.io:3000/mcp "HTTP/1.1 200 OK"
2026-06-10 16:30:56,540 INFO services.account_scanner Page 736: fetched 100 users, 42 collectible, 27118 total candidates
2026-06-10 16:30:57,180 INFO httpx HTTP Request: POST https://private-users-mcp.query.prod.telnyx.io:3000/mcp "HTTP/1.1 200 OK"
2026-06-10 16:30:57,342 INFO services.account_scanner Page 737: fetched 100 users, 17 collectible, 27135 total candidates
2026-06-10 16:30:57,998 INFO httpx HTTP Request: POST https://private-users-mcp.query.prod.telnyx.io:3000/mcp "HTTP/1.1 200 OK"
2026-06-10 16:30:58,159 INFO services.account_scanner Page 738: fetched 100 users, 59 collectible, 27194 total candidates
2026-06-10 16:30:58,674 INFO httpx HTTP Request: POST https://private-users-mcp.query.prod.telnyx.io:3000/mcp "HTTP/1.1 200 OK"
2026-06-10 16:30:58,835 INFO services.account_scanner Page 739: fetched 100 users, 34 collectible, 27228 total candidates
2026-06-10 16:30:59,338 INFO httpx HTTP Request: POST https://private-users-mcp.query.prod.telnyx.io:3000/mcp "HTTP/1.1 200 OK"
2026-06-10 16:30:59,496 INFO services.account_scanner Page 740: fetched 100 users, 29 collectible, 27257 total candidates
2026-06-10 16:31:00,210 INFO httpx HTTP Request: POST https://private-users-mcp.query.prod.telnyx.io:3000/mcp "HTTP/1.1 200 OK"
2026-06-10 16:31:00,383 INFO services.account_scanner Page 741: fetched 100 users, 51 collectible, 27308 total candidates
2026-06-10 16:31:00,927 INFO httpx HTTP Request: POST https://private-users-mcp.query.prod.telnyx.io:3000/mcp "HTTP/1.1 200 OK"
2026-06-10 16:31:01,089 INFO services.account_scanner Page 742: fetched 100 users, 54 collectible, 27362 total candidates
2026-06-10 16:31:01,603 INFO httpx HTTP Request: POST https://private-users-mcp.query.prod.telnyx.io:3000/mcp "HTTP/1.1 200 OK"
2026-06-10 16:31:01,768 INFO services.account_scanner Page 743: fetched 100 users, 46 collectible, 27408 total candidates
2026-06-10 16:31:02,263 INFO httpx HTTP Request: POST https://private-users-mcp.query.prod.telnyx.io:3000/mcp "HTTP/1.1 200 OK"
2026-06-10 16:31:02,421 INFO services.account_scanner Page 744: fetched 100 users, 50 collectible, 27458 total candidates
2026-06-10 16:31:02,966 INFO httpx HTTP Request: POST https://private-users-mcp.query.prod.telnyx.io:3000/mcp "HTTP/1.1 200 OK"
2026-06-10 16:31:03,128 INFO services.account_scanner Page 745: fetched 100 users, 48 collectible, 27506 total candidates
2026-06-10 16:31:03,634 INFO httpx HTTP Request: POST https://private-users-mcp.query.prod.telnyx.io:3000/mcp "HTTP/1.1 200 OK"
2026-06-10 16:31:03,792 INFO services.account_scanner Page 746: fetched 100 users, 48 collectible, 27554 total candidates
2026-06-10 16:31:04,333 INFO httpx HTTP Request: POST https://private-users-mcp.query.prod.telnyx.io:3000/mcp "HTTP/1.1 200 OK"
2026-06-10 16:31:04,493 INFO services.account_scanner Page 747: fetched 100 users, 37 collectible, 27591 total candidates
2026-06-10 16:31:05,072 INFO httpx HTTP Request: POST https://private-users-mcp.query.prod.telnyx.io:3000/mcp "HTTP/1.1 200 OK"
2026-06-10 16:31:05,230 INFO services.account_scanner Page 748: fetched 100 users, 47 collectible, 27638 total candidates
2026-06-10 16:31:05,786 INFO httpx HTTP Request: POST https://private-users-mcp.query.prod.telnyx.io:3000/mcp "HTTP/1.1 200 OK"
2026-06-10 16:31:05,945 INFO services.account_scanner Page 749: fetched 100 users, 50 collectible, 27688 total candidates
2026-06-10 16:31:06,449 INFO httpx HTTP Request: POST https://private-users-mcp.query.prod.telnyx.io:3000/mcp "HTTP/1.1 200 OK"
2026-06-10 16:31:06,606 INFO services.account_scanner Page 750: fetched 100 users, 38 collectible, 27726 total candidates
2026-06-10 16:31:07,094 INFO httpx HTTP Request: POST https://private-users-mcp.query.prod.telnyx.io:3000/mcp "HTTP/1.1 200 OK"
2026-06-10 16:31:07,255 INFO services.account_scanner Page 751: fetched 100 users, 35 collectible, 27761 total candidates
2026-06-10 16:31:07,751 INFO httpx HTTP Request: POST https://private-users-mcp.query.prod.telnyx.io:3000/mcp "HTTP/1.1 200 OK"
2026-06-10 16:31:07,910 INFO services.account_scanner Page 752: fetched 100 users, 35 collectible, 27796 total candidates
2026-06-10 16:31:08,426 INFO httpx HTTP Request: POST https://private-users-mcp.query.prod.telnyx.io:3000/mcp "HTTP/1.1 200 OK"
2026-06-10 16:31:08,584 INFO services.account_scanner Page 753: fetched 100 users, 44 collectible, 27840 total candidates
2026-06-10 16:31:09,112 INFO httpx HTTP Request: POST https://private-users-mcp.query.prod.telnyx.io:3000/mcp "HTTP/1.1 200 OK"
2026-06-10 16:31:09,275 INFO services.account_scanner Page 754: fetched 100 users, 35 collectible, 27875 total candidates
2026-06-10 16:31:10,299 INFO httpx HTTP Request: POST https://private-users-mcp.query.prod.telnyx.io:3000/mcp "HTTP/1.1 200 OK"
2026-06-10 16:31:10,606 INFO services.account_scanner Page 755: fetched 100 users, 50 collectible, 27925 total candidates
2026-06-10 16:31:11,121 INFO httpx HTTP Request: POST https://private-users-mcp.query.prod.telnyx.io:3000/mcp "HTTP/1.1 200 OK"
2026-06-10 16:31:11,288 INFO services.account_scanner Page 756: fetched 100 users, 31 collectible, 27956 total candidates
2026-06-10 16:31:11,872 INFO httpx HTTP Request: POST https://private-users-mcp.query.prod.telnyx.io:3000/mcp "HTTP/1.1 200 OK"
2026-06-10 16:31:12,033 INFO services.account_scanner Page 757: fetched 100 users, 47 collectible, 28003 total candidates
2026-06-10 16:31:12,616 INFO httpx HTTP Request: POST https://private-users-mcp.query.prod.telnyx.io:3000/mcp "HTTP/1.1 200 OK"
2026-06-10 16:31:12,775 INFO services.account_scanner Page 758: fetched 100 users, 30 collectible, 28033 total candidates
2026-06-10 16:31:13,316 INFO httpx HTTP Request: POST https://private-users-mcp.query.prod.telnyx.io:3000/mcp "HTTP/1.1 200 OK"
2026-06-10 16:31:13,475 INFO services.account_scanner Page 759: fetched 100 users, 47 collectible, 28080 total candidates
2026-06-10 16:31:14,107 INFO httpx HTTP Request: POST https://private-users-mcp.query.prod.telnyx.io:3000/mcp "HTTP/1.1 200 OK"
2026-06-10 16:31:14,267 INFO services.account_scanner Page 760: fetched 100 users, 62 collectible, 28142 total candidates
2026-06-10 16:31:14,914 INFO httpx HTTP Request: POST https://private-users-mcp.query.prod.telnyx.io:3000/mcp "HTTP/1.1 200 OK"
2026-06-10 16:31:15,071 INFO services.account_scanner Page 761: fetched 100 users, 52 collectible, 28194 total candidates
2026-06-10 16:31:15,622 INFO httpx HTTP Request: POST https://private-users-mcp.query.prod.telnyx.io:3000/mcp "HTTP/1.1 200 OK"
2026-06-10 16:31:15,778 INFO services.account_scanner Page 762: fetched 100 users, 35 collectible, 28229 total candidates
2026-06-10 16:31:16,325 INFO httpx HTTP Request: POST https://private-users-mcp.query.prod.telnyx.io:3000/mcp "HTTP/1.1 200 OK"
2026-06-10 16:31:16,481 INFO services.account_scanner Page 763: fetched 100 users, 30 collectible, 28259 total candidates
2026-06-10 16:31:17,075 INFO httpx HTTP Request: POST https://private-users-mcp.query.prod.telnyx.io:3000/mcp "HTTP/1.1 200 OK"
2026-06-10 16:31:17,238 INFO services.account_scanner Page 764: fetched 100 users, 46 collectible, 28305 total candidates
2026-06-10 16:31:17,830 INFO httpx HTTP Request: POST https://private-users-mcp.query.prod.telnyx.io:3000/mcp "HTTP/1.1 200 OK"
2026-06-10 16:31:17,992 INFO services.account_scanner Page 765: fetched 100 users, 44 collectible, 28349 total candidates
2026-06-10 16:31:18,541 INFO httpx HTTP Request: POST https://private-users-mcp.query.prod.telnyx.io:3000/mcp "HTTP/1.1 200 OK"
2026-06-10 16:31:18,700 INFO services.account_scanner Page 766: fetched 100 users, 32 collectible, 28381 total candidates
2026-06-10 16:31:19,242 INFO httpx HTTP Request: POST https://private-users-mcp.query.prod.telnyx.io:3000/mcp "HTTP/1.1 200 OK"
2026-06-10 16:31:19,398 INFO services.account_scanner Page 767: fetched 100 users, 51 collectible, 28432 total candidates
2026-06-10 16:31:20,029 INFO httpx HTTP Request: POST https://private-users-mcp.query.prod.telnyx.io:3000/mcp "HTTP/1.1 200 OK"
2026-06-10 16:31:20,189 INFO services.account_scanner Page 768: fetched 100 users, 32 collectible, 28464 total candidates
2026-06-10 16:31:20,709 INFO httpx HTTP Request: POST https://private-users-mcp.query.prod.telnyx.io:3000/mcp "HTTP/1.1 200 OK"
2026-06-10 16:31:20,873 INFO services.account_scanner Page 769: fetched 100 users, 30 collectible, 28494 total candidates
2026-06-10 16:31:21,442 INFO httpx HTTP Request: POST https://private-users-mcp.query.prod.telnyx.io:3000/mcp "HTTP/1.1 200 OK"
2026-06-10 16:31:21,601 INFO services.account_scanner Page 770: fetched 100 users, 45 collectible, 28539 total candidates
2026-06-10 16:31:22,139 INFO httpx HTTP Request: POST https://private-users-mcp.query.prod.telnyx.io:3000/mcp "HTTP/1.1 200 OK"
2026-06-10 16:31:22,295 INFO services.account_scanner Page 771: fetched 100 users, 43 collectible, 28582 total candidates
2026-06-10 16:31:23,652 INFO httpx HTTP Request: POST https://private-users-mcp.query.prod.telnyx.io:3000/mcp "HTTP/1.1 200 OK"
2026-06-10 16:31:23,957 INFO services.account_scanner Page 772: fetched 100 users, 24 collectible, 28606 total candidates
2026-06-10 16:31:26,427 INFO httpx HTTP Request: POST https://private-users-mcp.query.prod.telnyx.io:3000/mcp "HTTP/1.1 200 OK"
2026-06-10 16:31:27,014 INFO services.account_scanner Page 773: fetched 100 users, 46 collectible, 28652 total candidates
2026-06-10 16:31:28,535 INFO httpx HTTP Request: POST https://private-users-mcp.query.prod.telnyx.io:3000/mcp "HTTP/1.1 200 OK"
2026-06-10 16:31:29,099 INFO services.account_scanner Page 774: fetched 100 users, 30 collectible, 28682 total candidates
2026-06-10 16:31:31,705 INFO httpx HTTP Request: POST https://private-users-mcp.query.prod.telnyx.io:3000/mcp "HTTP/1.1 200 OK"
2026-06-10 16:31:32,278 INFO services.account_scanner Page 775: fetched 100 users, 43 collectible, 28725 total candidates
2026-06-10 16:31:34,434 INFO httpx HTTP Request: POST https://private-users-mcp.query.prod.telnyx.io:3000/mcp "HTTP/1.1 200 OK"
2026-06-10 16:31:35,011 INFO services.account_scanner Page 776: fetched 100 users, 37 collectible, 28762 total candidates
2026-06-10 16:31:36,406 INFO httpx HTTP Request: POST https://private-users-mcp.query.prod.telnyx.io:3000/mcp "HTTP/1.1 200 OK"
2026-06-10 16:31:36,964 INFO services.account_scanner Page 777: fetched 100 users, 39 collectible, 28801 total candidates
2026-06-10 16:31:38,690 INFO httpx HTTP Request: POST https://private-users-mcp.query.prod.telnyx.io:3000/mcp "HTTP/1.1 200 OK"
2026-06-10 16:31:39,273 INFO services.account_scanner Page 778: fetched 100 users, 54 collectible, 28855 total candidates
2026-06-10 16:31:40,744 INFO httpx HTTP Request: POST https://private-users-mcp.query.prod.telnyx.io:3000/mcp "HTTP/1.1 200 OK"
2026-06-10 16:31:41,304 INFO services.account_scanner Page 779: fetched 100 users, 33 collectible, 28888 total candidates
2026-06-10 16:31:43,210 INFO httpx HTTP Request: POST https://private-users-mcp.query.prod.telnyx.io:3000/mcp "HTTP/1.1 200 OK"
2026-06-10 16:31:43,790 INFO services.account_scanner Page 780: fetched 100 users, 55 collectible, 28943 total candidates
2026-06-10 16:31:45,494 INFO httpx HTTP Request: POST https://private-users-mcp.query.prod.telnyx.io:3000/mcp "HTTP/1.1 200 OK"
2026-06-10 16:31:46,053 INFO services.account_scanner Page 781: fetched 100 users, 50 collectible, 28993 total candidates
2026-06-10 16:31:47,943 INFO httpx HTTP Request: POST https://private-users-mcp.query.prod.telnyx.io:3000/mcp "HTTP/1.1 200 OK"
2026-06-10 16:31:48,522 INFO services.account_scanner Page 782: fetched 100 users, 29 collectible, 29022 total candidates
2026-06-10 16:31:49,618 INFO httpx HTTP Request: POST https://private-users-mcp.query.prod.telnyx.io:3000/mcp "HTTP/1.1 200 OK"
2026-06-10 16:31:50,049 INFO services.account_scanner Page 783: fetched 100 users, 48 collectible, 29070 total candidates
2026-06-10 16:31:52,240 INFO httpx HTTP Request: POST https://private-users-mcp.query.prod.telnyx.io:3000/mcp "HTTP/1.1 200 OK"
2026-06-10 16:31:52,815 INFO services.account_scanner Page 784: fetched 100 users, 51 collectible, 29121 total candidates
2026-06-10 16:31:55,127 INFO httpx HTTP Request: POST https://private-users-mcp.query.prod.telnyx.io:3000/mcp "HTTP/1.1 200 OK"
2026-06-10 16:31:55,705 INFO services.account_scanner Page 785: fetched 100 users, 61 collectible, 29182 total candidates
2026-06-10 16:31:57,162 INFO httpx HTTP Request: POST https://private-users-mcp.query.prod.telnyx.io:3000/mcp "HTTP/1.1 200 OK"
2026-06-10 16:31:57,718 INFO services.account_scanner Page 786: fetched 100 users, 49 collectible, 29231 total candidates
2026-06-10 16:31:59,174 INFO httpx HTTP Request: POST https://private-users-mcp.query.prod.telnyx.io:3000/mcp "HTTP/1.1 200 OK"
2026-06-10 16:31:59,731 INFO services.account_scanner Page 787: fetched 100 users, 38 collectible, 29269 total candidates
2026-06-10 16:32:01,055 INFO httpx HTTP Request: POST https://private-users-mcp.query.prod.telnyx.io:3000/mcp "HTTP/1.1 200 OK"
2026-06-10 16:32:01,477 INFO services.account_scanner Page 788: fetched 100 users, 47 collectible, 29316 total candidates
2026-06-10 16:32:03,919 INFO httpx HTTP Request: POST https://private-users-mcp.query.prod.telnyx.io:3000/mcp "HTTP/1.1 200 OK"
2026-06-10 16:32:04,498 INFO services.account_scanner Page 789: fetched 100 users, 54 collectible, 29370 total candidates
2026-06-10 16:32:07,732 INFO httpx HTTP Request: POST https://private-users-mcp.query.prod.telnyx.io:3000/mcp "HTTP/1.1 200 OK"
2026-06-10 16:32:08,308 INFO services.account_scanner Page 790: fetched 100 users, 61 collectible, 29431 total candidates
2026-06-10 16:32:10,633 INFO httpx HTTP Request: POST https://private-users-mcp.query.prod.telnyx.io:3000/mcp "HTTP/1.1 200 OK"
2026-06-10 16:32:11,207 INFO services.account_scanner Page 791: fetched 100 users, 65 collectible, 29496 total candidates
2026-06-10 16:32:13,205 INFO httpx HTTP Request: POST https://private-users-mcp.query.prod.telnyx.io:3000/mcp "HTTP/1.1 200 OK"
2026-06-10 16:32:13,755 INFO services.account_scanner Page 792: fetched 100 users, 59 collectible, 29555 total candidates
2026-06-10 16:32:16,123 INFO httpx HTTP Request: POST https://private-users-mcp.query.prod.telnyx.io:3000/mcp "HTTP/1.1 200 OK"
2026-06-10 16:32:16,693 INFO services.account_scanner Page 793: fetched 100 users, 54 collectible, 29609 total candidates
2026-06-10 16:32:18,918 INFO httpx HTTP Request: POST https://private-users-mcp.query.prod.telnyx.io:3000/mcp "HTTP/1.1 200 OK"
2026-06-10 16:32:19,490 INFO services.account_scanner Page 794: fetched 100 users, 61 collectible, 29670 total candidates
2026-06-10 16:32:21,474 INFO httpx HTTP Request: POST https://private-users-mcp.query.prod.telnyx.io:3000/mcp "HTTP/1.1 200 OK"
2026-06-10 16:32:22,038 INFO services.account_scanner Page 795: fetched 100 users, 44 collectible, 29714 total candidates
2026-06-10 16:32:24,392 INFO httpx HTTP Request: POST https://private-users-mcp.query.prod.telnyx.io:3000/mcp "HTTP/1.1 200 OK"
2026-06-10 16:32:24,962 INFO services.account_scanner Page 796: fetched 100 users, 43 collectible, 29757 total candidates
2026-06-10 16:32:27,048 INFO httpx HTTP Request: POST https://private-users-mcp.query.prod.telnyx.io:3000/mcp "HTTP/1.1 200 OK"
2026-06-10 16:32:27,617 INFO services.account_scanner Page 797: fetched 100 users, 49 collectible, 29806 total candidates
2026-06-10 16:32:28,903 INFO httpx HTTP Request: POST https://private-users-mcp.query.prod.telnyx.io:3000/mcp "HTTP/1.1 200 OK"
2026-06-10 16:32:29,326 INFO services.account_scanner Page 798: fetched 100 users, 35 collectible, 29841 total candidates
2026-06-10 16:32:31,295 INFO httpx HTTP Request: POST https://private-users-mcp.query.prod.telnyx.io:3000/mcp "HTTP/1.1 200 OK"
2026-06-10 16:32:31,877 INFO services.account_scanner Page 799: fetched 100 users, 71 collectible, 29912 total candidates
2026-06-10 16:32:33,907 INFO httpx HTTP Request: POST https://private-users-mcp.query.prod.telnyx.io:3000/mcp "HTTP/1.1 200 OK"
2026-06-10 16:32:34,469 INFO services.account_scanner Page 800: fetched 100 users, 65 collectible, 29977 total candidates
2026-06-10 16:32:37,071 INFO httpx HTTP Request: POST https://private-users-mcp.query.prod.telnyx.io:3000/mcp "HTTP/1.1 200 OK"
2026-06-10 16:32:37,639 INFO services.account_scanner Page 801: fetched 100 users, 51 collectible, 30028 total candidates
2026-06-10 16:32:40,535 INFO httpx HTTP Request: POST https://private-users-mcp.query.prod.telnyx.io:3000/mcp "HTTP/1.1 200 OK"
2026-06-10 16:32:41,109 INFO services.account_scanner Page 802: fetched 100 users, 43 collectible, 30071 total candidates
2026-06-10 16:32:43,344 INFO httpx HTTP Request: POST https://private-users-mcp.query.prod.telnyx.io:3000/mcp "HTTP/1.1 200 OK"
2026-06-10 16:32:43,914 INFO services.account_scanner Page 803: fetched 100 users, 39 collectible, 30110 total candidates
2026-06-10 16:32:45,091 INFO httpx HTTP Request: POST https://private-users-mcp.query.prod.telnyx.io:3000/mcp "HTTP/1.1 200 OK"
2026-06-10 16:32:45,518 INFO services.account_scanner Page 804: fetched 100 users, 43 collectible, 30153 total candidates
2026-06-10 16:32:47,225 INFO httpx HTTP Request: POST https://private-users-mcp.query.prod.telnyx.io:3000/mcp "HTTP/1.1 200 OK"
2026-06-10 16:32:47,808 INFO services.account_scanner Page 805: fetched 100 users, 32 collectible, 30185 total candidates
2026-06-10 16:32:50,957 INFO httpx HTTP Request: POST https://private-users-mcp.query.prod.telnyx.io:3000/mcp "HTTP/1.1 200 OK"
2026-06-10 16:32:51,534 INFO services.account_scanner Page 806: fetched 100 users, 47 collectible, 30232 total candidates
2026-06-10 16:32:53,205 INFO httpx HTTP Request: POST https://private-users-mcp.query.prod.telnyx.io:3000/mcp "HTTP/1.1 200 OK"
2026-06-10 16:32:53,766 INFO services.account_scanner Page 807: fetched 100 users, 27 collectible, 30259 total candidates
2026-06-10 16:32:55,255 INFO httpx HTTP Request: POST https://private-users-mcp.query.prod.telnyx.io:3000/mcp "HTTP/1.1 200 OK"
2026-06-10 16:32:55,813 INFO services.account_scanner Page 808: fetched 100 users, 43 collectible, 30302 total candidates
2026-06-10 16:32:57,278 INFO httpx HTTP Request: POST https://private-users-mcp.query.prod.telnyx.io:3000/mcp "HTTP/1.1 200 OK"
2026-06-10 16:32:57,838 INFO services.account_scanner Page 809: fetched 100 users, 24 collectible, 30326 total candidates
2026-06-10 16:33:00,337 INFO httpx HTTP Request: POST https://private-users-mcp.query.prod.telnyx.io:3000/mcp "HTTP/1.1 200 OK"
2026-06-10 16:33:00,912 INFO services.account_scanner Page 810: fetched 100 users, 49 collectible, 30375 total candidates
2026-06-10 16:33:03,730 INFO httpx HTTP Request: POST https://private-users-mcp.query.prod.telnyx.io:3000/mcp "HTTP/1.1 200 OK"
2026-06-10 16:33:04,300 INFO services.account_scanner Page 811: fetched 100 users, 60 collectible, 30435 total candidates
2026-06-10 16:33:06,376 INFO httpx HTTP Request: POST https://private-users-mcp.query.prod.telnyx.io:3000/mcp "HTTP/1.1 200 OK"
2026-06-10 16:33:06,938 INFO services.account_scanner Page 812: fetched 100 users, 61 collectible, 30496 total candidates
2026-06-10 16:33:09,388 INFO httpx HTTP Request: POST https://private-users-mcp.query.prod.telnyx.io:3000/mcp "HTTP/1.1 200 OK"
2026-06-10 16:33:09,958 INFO services.account_scanner Page 813: fetched 100 users, 53 collectible, 30549 total candidates
2026-06-10 16:33:11,484 INFO httpx HTTP Request: POST https://private-users-mcp.query.prod.telnyx.io:3000/mcp "HTTP/1.1 200 OK"
2026-06-10 16:33:12,047 INFO services.account_scanner Page 814: fetched 100 users, 41 collectible, 30590 total candidates
2026-06-10 16:33:13,242 INFO httpx HTTP Request: POST https://private-users-mcp.query.prod.telnyx.io:3000/mcp "HTTP/1.1 200 OK"
2026-06-10 16:33:13,658 INFO services.account_scanner Page 815: fetched 100 users, 38 collectible, 30628 total candidates
2026-06-10 16:33:15,161 INFO httpx HTTP Request: POST https://private-users-mcp.query.prod.telnyx.io:3000/mcp "HTTP/1.1 200 OK"
2026-06-10 16:33:15,607 INFO services.account_scanner Page 816: fetched 100 users, 46 collectible, 30674 total candidates
2026-06-10 16:33:17,828 INFO httpx HTTP Request: POST https://private-users-mcp.query.prod.telnyx.io:3000/mcp "HTTP/1.1 200 OK"
2026-06-10 16:33:18,403 INFO services.account_scanner Page 817: fetched 100 users, 38 collectible, 30712 total candidates
2026-06-10 16:33:19,842 INFO httpx HTTP Request: POST https://private-users-mcp.query.prod.telnyx.io:3000/mcp "HTTP/1.1 200 OK"
2026-06-10 16:33:20,402 INFO services.account_scanner Page 818: fetched 100 users, 40 collectible, 30752 total candidates
2026-06-10 16:33:21,635 INFO httpx HTTP Request: POST https://private-users-mcp.query.prod.telnyx.io:3000/mcp "HTTP/1.1 200 OK"
2026-06-10 16:33:22,059 INFO services.account_scanner Page 819: fetched 100 users, 34 collectible, 30786 total candidates
2026-06-10 16:33:23,480 INFO httpx HTTP Request: POST https://private-users-mcp.query.prod.telnyx.io:3000/mcp "HTTP/1.1 200 OK"
2026-06-10 16:33:23,924 INFO services.account_scanner Page 820: fetched 100 users, 30 collectible, 30816 total candidates
2026-06-10 16:33:25,116 INFO httpx HTTP Request: POST https://private-users-mcp.query.prod.telnyx.io:3000/mcp "HTTP/1.1 200 OK"
2026-06-10 16:33:25,540 INFO services.account_scanner Page 821: fetched 100 users, 26 collectible, 30842 total candidates
2026-06-10 16:33:26,635 INFO httpx HTTP Request: POST https://private-users-mcp.query.prod.telnyx.io:3000/mcp "HTTP/1.1 200 OK"
2026-06-10 16:33:27,054 INFO services.account_scanner Page 822: fetched 100 users, 17 collectible, 30859 total candidates
2026-06-10 16:33:28,677 INFO httpx HTTP Request: POST https://private-users-mcp.query.prod.telnyx.io:3000/mcp "HTTP/1.1 200 OK"
2026-06-10 16:33:29,123 INFO services.account_scanner Page 823: fetched 100 users, 33 collectible, 30892 total candidates
2026-06-10 16:33:30,866 INFO httpx HTTP Request: POST https://private-users-mcp.query.prod.telnyx.io:3000/mcp "HTTP/1.1 200 OK"
2026-06-10 16:33:31,451 INFO services.account_scanner Page 824: fetched 100 users, 45 collectible, 30937 total candidates
2026-06-10 16:33:32,339 INFO httpx HTTP Request: POST https://private-users-mcp.query.prod.telnyx.io:3000/mcp "HTTP/1.1 200 OK"
2026-06-10 16:33:32,639 INFO services.account_scanner Page 825: fetched 100 users, 67 collectible, 31004 total candidates
2026-06-10 16:33:33,250 INFO httpx HTTP Request: POST https://private-users-mcp.query.prod.telnyx.io:3000/mcp "HTTP/1.1 200 OK"
2026-06-10 16:33:33,411 INFO services.account_scanner Page 826: fetched 100 users, 70 collectible, 31074 total candidates
2026-06-10 16:33:34,041 INFO httpx HTTP Request: POST https://private-users-mcp.query.prod.telnyx.io:3000/mcp "HTTP/1.1 200 OK"
2026-06-10 16:33:34,203 INFO services.account_scanner Page 827: fetched 100 users, 62 collectible, 31136 total candidates
2026-06-10 16:33:34,779 INFO httpx HTTP Request: POST https://private-users-mcp.query.prod.telnyx.io:3000/mcp "HTTP/1.1 200 OK"
2026-06-10 16:33:34,937 INFO services.account_scanner Page 828: fetched 100 users, 58 collectible, 31194 total candidates
2026-06-10 16:33:35,466 INFO httpx HTTP Request: POST https://private-users-mcp.query.prod.telnyx.io:3000/mcp "HTTP/1.1 200 OK"
2026-06-10 16:33:35,671 INFO services.account_scanner Page 829: fetched 100 users, 45 collectible, 31239 total candidates
2026-06-10 16:33:36,266 INFO httpx HTTP Request: POST https://private-users-mcp.query.prod.telnyx.io:3000/mcp "HTTP/1.1 200 OK"
2026-06-10 16:33:36,423 INFO services.account_scanner Page 830: fetched 100 users, 73 collectible, 31312 total candidates
2026-06-10 16:33:36,971 INFO httpx HTTP Request: POST https://private-users-mcp.query.prod.telnyx.io:3000/mcp "HTTP/1.1 200 OK"
2026-06-10 16:33:37,126 INFO services.account_scanner Page 831: fetched 100 users, 56 collectible, 31368 total candidates
2026-06-10 16:33:37,637 INFO httpx HTTP Request: POST https://private-users-mcp.query.prod.telnyx.io:3000/mcp "HTTP/1.1 200 OK"
2026-06-10 16:33:37,796 INFO services.account_scanner Page 832: fetched 100 users, 80 collectible, 31448 total candidates
2026-06-10 16:33:38,287 INFO httpx HTTP Request: POST https://private-users-mcp.query.prod.telnyx.io:3000/mcp "HTTP/1.1 200 OK"
2026-06-10 16:33:38,447 INFO services.account_scanner Page 833: fetched 100 users, 100 collectible, 31548 total candidates
2026-06-10 16:33:38,920 INFO httpx HTTP Request: POST https://private-users-mcp.query.prod.telnyx.io:3000/mcp "HTTP/1.1 200 OK"
2026-06-10 16:33:39,077 INFO services.account_scanner Page 834: fetched 100 users, 95 collectible, 31643 total candidates
2026-06-10 16:33:39,552 INFO httpx HTTP Request: POST https://private-users-mcp.query.prod.telnyx.io:3000/mcp "HTTP/1.1 200 OK"
2026-06-10 16:33:39,707 INFO services.account_scanner Page 835: fetched 100 users, 94 collectible, 31737 total candidates
2026-06-10 16:33:40,176 INFO httpx HTTP Request: POST https://private-users-mcp.query.prod.telnyx.io:3000/mcp "HTTP/1.1 200 OK"
2026-06-10 16:33:40,333 INFO services.account_scanner Page 836: fetched 100 users, 93 collectible, 31830 total candidates
2026-06-10 16:33:40,819 INFO httpx HTTP Request: POST https://private-users-mcp.query.prod.telnyx.io:3000/mcp "HTTP/1.1 200 OK"
2026-06-10 16:33:40,974 INFO services.account_scanner Page 837: fetched 100 users, 92 collectible, 31922 total candidates
2026-06-10 16:33:41,459 INFO httpx HTTP Request: POST https://private-users-mcp.query.prod.telnyx.io:3000/mcp "HTTP/1.1 200 OK"
2026-06-10 16:33:41,616 INFO services.account_scanner Page 838: fetched 100 users, 98 collectible, 32020 total candidates
2026-06-10 16:33:42,088 INFO httpx HTTP Request: POST https://private-users-mcp.query.prod.telnyx.io:3000/mcp "HTTP/1.1 200 OK"
2026-06-10 16:33:42,243 INFO services.account_scanner Page 839: fetched 100 users, 92 collectible, 32112 total candidates
2026-06-10 16:33:42,724 INFO httpx HTTP Request: POST https://private-users-mcp.query.prod.telnyx.io:3000/mcp "HTTP/1.1 200 OK"
2026-06-10 16:33:42,881 INFO services.account_scanner Page 840: fetched 100 users, 97 collectible, 32209 total candidates
2026-06-10 16:33:43,379 INFO httpx HTTP Request: POST https://private-users-mcp.query.prod.telnyx.io:3000/mcp "HTTP/1.1 200 OK"
2026-06-10 16:33:43,531 INFO services.account_scanner Page 841: fetched 100 users, 98 collectible, 32307 total candidates
2026-06-10 16:33:44,043 INFO httpx HTTP Request: POST https://private-users-mcp.query.prod.telnyx.io:3000/mcp "HTTP/1.1 200 OK"
2026-06-10 16:33:44,200 INFO services.account_scanner Page 842: fetched 100 users, 69 collectible, 32376 total candidates
2026-06-10 16:33:44,702 INFO httpx HTTP Request: POST https://private-users-mcp.query.prod.telnyx.io:3000/mcp "HTTP/1.1 200 OK"
2026-06-10 16:33:44,858 INFO services.account_scanner Page 843: fetched 100 users, 71 collectible, 32447 total candidates
2026-06-10 16:33:45,363 INFO httpx HTTP Request: POST https://private-users-mcp.query.prod.telnyx.io:3000/mcp "HTTP/1.1 200 OK"
2026-06-10 16:33:45,519 INFO services.account_scanner Page 844: fetched 100 users, 40 collectible, 32487 total candidates
2026-06-10 16:33:46,018 INFO httpx HTTP Request: POST https://private-users-mcp.query.prod.telnyx.io:3000/mcp "HTTP/1.1 200 OK"
2026-06-10 16:33:46,174 INFO services.account_scanner Page 845: fetched 100 users, 55 collectible, 32542 total candidates
2026-06-10 16:33:46,672 INFO httpx HTTP Request: POST https://private-users-mcp.query.prod.telnyx.io:3000/mcp "HTTP/1.1 200 OK"
2026-06-10 16:33:46,828 INFO services.account_scanner Page 846: fetched 100 users, 30 collectible, 32572 total candidates
2026-06-10 16:33:47,463 INFO httpx HTTP Request: POST https://private-users-mcp.query.prod.telnyx.io:3000/mcp "HTTP/1.1 200 OK"
2026-06-10 16:33:47,623 INFO services.account_scanner Page 847: fetched 100 users, 58 collectible, 32630 total candidates
2026-06-10 16:33:48,345 INFO httpx HTTP Request: POST https://private-users-mcp.query.prod.telnyx.io:3000/mcp "HTTP/1.1 200 OK"
2026-06-10 16:33:48,521 INFO services.account_scanner Page 848: fetched 100 users, 63 collectible, 32693 total candidates
2026-06-10 16:33:49,072 INFO httpx HTTP Request: POST https://private-users-mcp.query.prod.telnyx.io:3000/mcp "HTTP/1.1 200 OK"
2026-06-10 16:33:49,236 INFO services.account_scanner Page 849: fetched 100 users, 40 collectible, 32733 total candidates
2026-06-10 16:33:49,879 INFO httpx HTTP Request: POST https://private-users-mcp.query.prod.telnyx.io:3000/mcp "HTTP/1.1 200 OK"
2026-06-10 16:33:50,038 INFO services.account_scanner Page 850: fetched 100 users, 56 collectible, 32789 total candidates
2026-06-10 16:33:50,666 INFO httpx HTTP Request: POST https://private-users-mcp.query.prod.telnyx.io:3000/mcp "HTTP/1.1 200 OK"
2026-06-10 16:33:50,838 INFO services.account_scanner Page 851: fetched 100 users, 53 collectible, 32842 total candidates
2026-06-10 16:33:51,414 INFO httpx HTTP Request: POST https://private-users-mcp.query.prod.telnyx.io:3000/mcp "HTTP/1.1 200 OK"
2026-06-10 16:33:51,572 INFO services.account_scanner Page 852: fetched 100 users, 37 collectible, 32879 total candidates
2026-06-10 16:33:52,261 INFO httpx HTTP Request: POST https://private-users-mcp.query.prod.telnyx.io:3000/mcp "HTTP/1.1 200 OK"
2026-06-10 16:33:52,441 INFO services.account_scanner Page 853: fetched 100 users, 57 collectible, 32936 total candidates
2026-06-10 16:33:53,269 INFO httpx HTTP Request: POST https://private-users-mcp.query.prod.telnyx.io:3000/mcp "HTTP/1.1 200 OK"
2026-06-10 16:33:53,450 INFO services.account_scanner Page 854: fetched 100 users, 65 collectible, 33001 total candidates
2026-06-10 16:33:54,161 INFO httpx HTTP Request: POST https://private-users-mcp.query.prod.telnyx.io:3000/mcp "HTTP/1.1 200 OK"
2026-06-10 16:33:54,444 INFO services.account_scanner Page 855: fetched 100 users, 71 collectible, 33072 total candidates
2026-06-10 16:33:55,073 INFO httpx HTTP Request: POST https://private-users-mcp.query.prod.telnyx.io:3000/mcp "HTTP/1.1 200 OK"
2026-06-10 16:33:55,234 INFO services.account_scanner Page 856: fetched 100 users, 67 collectible, 33139 total candidates
2026-06-10 16:33:55,921 INFO httpx HTTP Request: POST https://private-users-mcp.query.prod.telnyx.io:3000/mcp "HTTP/1.1 200 OK"
2026-06-10 16:33:56,098 INFO services.account_scanner Page 857: fetched 100 users, 67 collectible, 33206 total candidates
2026-06-10 16:33:56,768 INFO httpx HTTP Request: POST https://private-users-mcp.query.prod.telnyx.io:3000/mcp "HTTP/1.1 200 OK"
2026-06-10 16:33:56,930 INFO services.account_scanner Page 858: fetched 100 users, 69 collectible, 33275 total candidates
2026-06-10 16:33:57,892 INFO httpx HTTP Request: POST https://private-users-mcp.query.prod.telnyx.io:3000/mcp "HTTP/1.1 200 OK"
2026-06-10 16:33:58,068 INFO services.account_scanner Page 859: fetched 100 users, 70 collectible, 33345 total candidates
2026-06-10 16:33:58,819 INFO httpx HTTP Request: POST https://private-users-mcp.query.prod.telnyx.io:3000/mcp "HTTP/1.1 200 OK"
2026-06-10 16:33:59,000 INFO services.account_scanner Page 860: fetched 100 users, 73 collectible, 33418 total candidates
2026-06-10 16:33:59,604 INFO httpx HTTP Request: POST https://private-users-mcp.query.prod.telnyx.io:3000/mcp "HTTP/1.1 200 OK"
2026-06-10 16:33:59,766 INFO services.account_scanner Page 861: fetched 100 users, 46 collectible, 33464 total candidates
2026-06-10 16:34:00,298 INFO httpx HTTP Request: POST https://private-users-mcp.query.prod.telnyx.io:3000/mcp "HTTP/1.1 200 OK"
2026-06-10 16:34:00,457 INFO services.account_scanner Page 862: fetched 100 users, 39 collectible, 33503 total candidates
2026-06-10 16:34:01,002 INFO httpx HTTP Request: POST https://private-users-mcp.query.prod.telnyx.io:3000/mcp "HTTP/1.1 200 OK"
2026-06-10 16:34:01,157 INFO services.account_scanner Page 863: fetched 100 users, 25 collectible, 33528 total candidates
2026-06-10 16:34:01,659 INFO httpx HTTP Request: POST https://private-users-mcp.query.prod.telnyx.io:3000/mcp "HTTP/1.1 200 OK"
2026-06-10 16:34:01,816 INFO services.account_scanner Page 864: fetched 100 users, 8 collectible, 33536 total candidates
2026-06-10 16:34:02,418 INFO httpx HTTP Request: POST https://private-users-mcp.query.prod.telnyx.io:3000/mcp "HTTP/1.1 200 OK"
2026-06-10 16:34:02,579 INFO services.account_scanner Page 865: fetched 100 users, 38 collectible, 33574 total candidates
2026-06-10 16:34:03,126 INFO httpx HTTP Request: POST https://private-users-mcp.query.prod.telnyx.io:3000/mcp "HTTP/1.1 200 OK"
2026-06-10 16:34:03,286 INFO services.account_scanner Page 866: fetched 100 users, 39 collectible, 33613 total candidates
2026-06-10 16:34:03,935 INFO httpx HTTP Request: POST https://private-users-mcp.query.prod.telnyx.io:3000/mcp "HTTP/1.1 200 OK"
2026-06-10 16:34:04,094 INFO services.account_scanner Page 867: fetched 100 users, 64 collectible, 33677 total candidates
2026-06-10 16:34:04,696 INFO httpx HTTP Request: POST https://private-users-mcp.query.prod.telnyx.io:3000/mcp "HTTP/1.1 200 OK"
2026-06-10 16:34:04,855 INFO services.account_scanner Page 868: fetched 100 users, 57 collectible, 33734 total candidates
2026-06-10 16:34:05,442 INFO httpx HTTP Request: POST https://private-users-mcp.query.prod.telnyx.io:3000/mcp "HTTP/1.1 200 OK"
2026-06-10 16:34:05,600 INFO services.account_scanner Page 869: fetched 100 users, 49 collectible, 33783 total candidates
2026-06-10 16:34:06,306 INFO httpx HTTP Request: POST https://private-users-mcp.query.prod.telnyx.io:3000/mcp "HTTP/1.1 200 OK"
2026-06-10 16:34:06,483 INFO services.account_scanner Page 870: fetched 100 users, 60 collectible, 33843 total candidates
2026-06-10 16:34:07,197 INFO httpx HTTP Request: POST https://private-users-mcp.query.prod.telnyx.io:3000/mcp "HTTP/1.1 200 OK"
2026-06-10 16:34:07,377 INFO services.account_scanner Page 871: fetched 100 users, 56 collectible, 33899 total candidates
2026-06-10 16:34:08,032 INFO httpx HTTP Request: POST https://private-users-mcp.query.prod.telnyx.io:3000/mcp "HTTP/1.1 200 OK"
2026-06-10 16:34:08,196 INFO services.account_scanner Page 872: fetched 100 users, 77 collectible, 33976 total candidates
2026-06-10 16:34:08,840 INFO httpx HTTP Request: POST https://private-users-mcp.query.prod.telnyx.io:3000/mcp "HTTP/1.1 200 OK"
2026-06-10 16:34:09,012 INFO services.account_scanner Page 873: fetched 100 users, 61 collectible, 34037 total candidates
2026-06-10 16:34:09,549 INFO httpx HTTP Request: POST https://private-users-mcp.query.prod.telnyx.io:3000/mcp "HTTP/1.1 200 OK"
2026-06-10 16:34:09,705 INFO services.account_scanner Page 874: fetched 100 users, 36 collectible, 34073 total candidates
2026-06-10 16:34:10,326 INFO httpx HTTP Request: POST https://private-users-mcp.query.prod.telnyx.io:3000/mcp "HTTP/1.1 200 OK"
2026-06-10 16:34:10,483 INFO services.account_scanner Page 875: fetched 100 users, 55 collectible, 34128 total candidates
2026-06-10 16:34:11,081 INFO httpx HTTP Request: POST https://private-users-mcp.query.prod.telnyx.io:3000/mcp "HTTP/1.1 200 OK"
2026-06-10 16:34:11,238 INFO services.account_scanner Page 876: fetched 100 users, 42 collectible, 34170 total candidates
2026-06-10 16:34:11,847 INFO httpx HTTP Request: POST https://private-users-mcp.query.prod.telnyx.io:3000/mcp "HTTP/1.1 200 OK"
2026-06-10 16:34:12,002 INFO services.account_scanner Page 877: fetched 100 users, 39 collectible, 34209 total candidates
2026-06-10 16:34:12,555 INFO httpx HTTP Request: POST https://private-users-mcp.query.prod.telnyx.io:3000/mcp "HTTP/1.1 200 OK"
2026-06-10 16:34:12,718 INFO services.account_scanner Page 878: fetched 100 users, 28 collectible, 34237 total candidates
2026-06-10 16:34:13,390 INFO httpx HTTP Request: POST https://private-users-mcp.query.prod.telnyx.io:3000/mcp "HTTP/1.1 200 OK"
2026-06-10 16:34:13,569 INFO services.account_scanner Page 879: fetched 100 users, 47 collectible, 34284 total candidates
2026-06-10 16:34:14,080 INFO httpx HTTP Request: POST https://private-users-mcp.query.prod.telnyx.io:3000/mcp "HTTP/1.1 200 OK"
2026-06-10 16:34:14,243 INFO services.account_scanner Page 880: fetched 100 users, 32 collectible, 34316 total candidates
2026-06-10 16:34:14,738 INFO httpx HTTP Request: POST https://private-users-mcp.query.prod.telnyx.io:3000/mcp "HTTP/1.1 200 OK"
2026-06-10 16:34:14,899 INFO services.account_scanner Page 881: fetched 100 users, 30 collectible, 34346 total candidates
2026-06-10 16:34:15,458 INFO httpx HTTP Request: POST https://private-users-mcp.query.prod.telnyx.io:3000/mcp "HTTP/1.1 200 OK"
2026-06-10 16:34:15,618 INFO services.account_scanner Page 882: fetched 100 users, 31 collectible, 34377 total candidates
2026-06-10 16:34:16,143 INFO httpx HTTP Request: POST https://private-users-mcp.query.prod.telnyx.io:3000/mcp "HTTP/1.1 200 OK"
2026-06-10 16:34:16,301 INFO services.account_scanner Page 883: fetched 100 users, 32 collectible, 34409 total candidates
2026-06-10 16:34:16,833 INFO httpx HTTP Request: POST https://private-users-mcp.query.prod.telnyx.io:3000/mcp "HTTP/1.1 200 OK"
2026-06-10 16:34:16,989 INFO services.account_scanner Page 884: fetched 100 users, 39 collectible, 34448 total candidates
2026-06-10 16:34:17,592 INFO httpx HTTP Request: POST https://private-users-mcp.query.prod.telnyx.io:3000/mcp "HTTP/1.1 200 OK"
2026-06-10 16:34:17,753 INFO services.account_scanner Page 885: fetched 100 users, 51 collectible, 34499 total candidates
2026-06-10 16:34:18,331 INFO httpx HTTP Request: POST https://private-users-mcp.query.prod.telnyx.io:3000/mcp "HTTP/1.1 200 OK"
2026-06-10 16:34:18,487 INFO services.account_scanner Page 886: fetched 100 users, 30 collectible, 34529 total candidates
2026-06-10 16:34:19,150 INFO httpx HTTP Request: POST https://private-users-mcp.query.prod.telnyx.io:3000/mcp "HTTP/1.1 200 OK"
2026-06-10 16:34:19,310 INFO services.account_scanner Page 887: fetched 100 users, 35 collectible, 34564 total candidates
2026-06-10 16:34:19,918 INFO httpx HTTP Request: POST https://private-users-mcp.query.prod.telnyx.io:3000/mcp "HTTP/1.1 200 OK"
2026-06-10 16:34:20,074 INFO services.account_scanner Page 888: fetched 100 users, 43 collectible, 34607 total candidates
2026-06-10 16:34:20,682 INFO httpx HTTP Request: POST https://private-users-mcp.query.prod.telnyx.io:3000/mcp "HTTP/1.1 200 OK"
2026-06-10 16:34:20,846 INFO services.account_scanner Page 889: fetched 100 users, 54 collectible, 34661 total candidates
2026-06-10 16:34:21,405 INFO httpx HTTP Request: POST https://private-users-mcp.query.prod.telnyx.io:3000/mcp "HTTP/1.1 200 OK"
2026-06-10 16:34:21,564 INFO services.account_scanner Page 890: fetched 100 users, 50 collectible, 34711 total candidates
2026-06-10 16:34:22,138 INFO httpx HTTP Request: POST https://private-users-mcp.query.prod.telnyx.io:3000/mcp "HTTP/1.1 200 OK"
2026-06-10 16:34:22,296 INFO services.account_scanner Page 891: fetched 100 users, 39 collectible, 34750 total candidates
2026-06-10 16:34:22,947 INFO httpx HTTP Request: POST https://private-users-mcp.query.prod.telnyx.io:3000/mcp "HTTP/1.1 200 OK"
2026-06-10 16:34:23,106 INFO services.account_scanner Page 892: fetched 100 users, 60 collectible, 34810 total candidates
2026-06-10 16:34:23,669 INFO httpx HTTP Request: POST https://private-users-mcp.query.prod.telnyx.io:3000/mcp "HTTP/1.1 200 OK"
2026-06-10 16:34:23,825 INFO services.account_scanner Page 893: fetched 100 users, 43 collectible, 34853 total candidates
2026-06-10 16:34:24,366 INFO httpx HTTP Request: POST https://private-users-mcp.query.prod.telnyx.io:3000/mcp "HTTP/1.1 200 OK"
2026-06-10 16:34:24,527 INFO services.account_scanner Page 894: fetched 100 users, 60 collectible, 34913 total candidates
2026-06-10 16:34:25,498 INFO httpx HTTP Request: POST https://private-users-mcp.query.prod.telnyx.io:3000/mcp "HTTP/1.1 200 OK"
2026-06-10 16:34:25,677 INFO services.account_scanner Page 895: fetched 100 users, 47 collectible, 34960 total candidates
2026-06-10 16:34:26,261 INFO httpx HTTP Request: POST https://private-users-mcp.query.prod.telnyx.io:3000/mcp "HTTP/1.1 200 OK"
2026-06-10 16:34:26,449 INFO services.account_scanner Page 896: fetched 100 users, 30 collectible, 34990 total candidates
2026-06-10 16:34:27,132 INFO httpx HTTP Request: POST https://private-users-mcp.query.prod.telnyx.io:3000/mcp "HTTP/1.1 200 OK"
2026-06-10 16:34:27,311 INFO services.account_scanner Page 897: fetched 100 users, 38 collectible, 35028 total candidates
2026-06-10 16:34:27,869 INFO httpx HTTP Request: POST https://private-users-mcp.query.prod.telnyx.io:3000/mcp "HTTP/1.1 200 OK"
2026-06-10 16:34:28,033 INFO services.account_scanner Page 898: fetched 100 users, 41 collectible, 35069 total candidates
2026-06-10 16:34:28,667 INFO httpx HTTP Request: POST https://private-users-mcp.query.prod.telnyx.io:3000/mcp "HTTP/1.1 200 OK"
2026-06-10 16:34:28,832 INFO services.account_scanner Page 899: fetched 100 users, 70 collectible, 35139 total candidates
2026-06-10 16:34:29,423 INFO httpx HTTP Request: POST https://private-users-mcp.query.prod.telnyx.io:3000/mcp "HTTP/1.1 200 OK"
2026-06-10 16:34:29,582 INFO services.account_scanner Page 900: fetched 100 users, 54 collectible, 35193 total candidates
2026-06-10 16:34:30,243 INFO httpx HTTP Request: POST https://private-users-mcp.query.prod.telnyx.io:3000/mcp "HTTP/1.1 200 OK"
2026-06-10 16:34:30,399 INFO services.account_scanner Page 901: fetched 100 users, 44 collectible, 35237 total candidates
2026-06-10 16:34:31,035 INFO httpx HTTP Request: POST https://private-users-mcp.query.prod.telnyx.io:3000/mcp "HTTP/1.1 200 OK"
2026-06-10 16:34:31,194 INFO services.account_scanner Page 902: fetched 100 users, 41 collectible, 35278 total candidates
2026-06-10 16:34:32,092 INFO httpx HTTP Request: POST https://private-users-mcp.query.prod.telnyx.io:3000/mcp "HTTP/1.1 200 OK"
2026-06-10 16:34:32,271 INFO services.account_scanner Page 903: fetched 100 users, 53 collectible, 35331 total candidates
2026-06-10 16:34:32,801 INFO httpx HTTP Request: POST https://private-users-mcp.query.prod.telnyx.io:3000/mcp "HTTP/1.1 200 OK"
2026-06-10 16:34:32,964 INFO services.account_scanner Page 904: fetched 100 users, 26 collectible, 35357 total candidates
2026-06-10 16:34:33,490 INFO httpx HTTP Request: POST https://private-users-mcp.query.prod.telnyx.io:3000/mcp "HTTP/1.1 200 OK"
2026-06-10 16:34:33,647 INFO services.account_scanner Page 905: fetched 100 users, 27 collectible, 35384 total candidates
2026-06-10 16:34:34,238 INFO httpx HTTP Request: POST https://private-users-mcp.query.prod.telnyx.io:3000/mcp "HTTP/1.1 200 OK"
2026-06-10 16:34:34,395 INFO services.account_scanner Page 906: fetched 100 users, 33 collectible, 35417 total candidates
2026-06-10 16:34:34,946 INFO httpx HTTP Request: POST https://private-users-mcp.query.prod.telnyx.io:3000/mcp "HTTP/1.1 200 OK"
2026-06-10 16:34:35,106 INFO services.account_scanner Page 907: fetched 100 users, 30 collectible, 35447 total candidates
2026-06-10 16:34:35,622 INFO httpx HTTP Request: POST https://private-users-mcp.query.prod.telnyx.io:3000/mcp "HTTP/1.1 200 OK"
2026-06-10 16:34:35,780 INFO services.account_scanner Page 908: fetched 100 users, 39 collectible, 35486 total candidates
2026-06-10 16:34:36,310 INFO httpx HTTP Request: POST https://private-users-mcp.query.prod.telnyx.io:3000/mcp "HTTP/1.1 200 OK"
2026-06-10 16:34:36,467 INFO services.account_scanner Page 909: fetched 100 users, 33 collectible, 35519 total candidates
2026-06-10 16:34:37,106 INFO httpx HTTP Request: POST https://private-users-mcp.query.prod.telnyx.io:3000/mcp "HTTP/1.1 200 OK"
2026-06-10 16:34:37,266 INFO services.account_scanner Page 910: fetched 100 users, 30 collectible, 35549 total candidates
2026-06-10 16:34:37,931 INFO httpx HTTP Request: POST https://private-users-mcp.query.prod.telnyx.io:3000/mcp "HTTP/1.1 200 OK"
2026-06-10 16:34:38,089 INFO services.account_scanner Page 911: fetched 100 users, 38 collectible, 35587 total candidates
2026-06-10 16:34:38,619 INFO httpx HTTP Request: POST https://private-users-mcp.query.prod.telnyx.io:3000/mcp "HTTP/1.1 200 OK"
2026-06-10 16:34:38,777 INFO services.account_scanner Page 912: fetched 100 users, 34 collectible, 35621 total candidates
2026-06-10 16:34:39,364 INFO httpx HTTP Request: POST https://private-users-mcp.query.prod.telnyx.io:3000/mcp "HTTP/1.1 200 OK"
2026-06-10 16:34:39,526 INFO services.account_scanner Page 913: fetched 100 users, 38 collectible, 35659 total candidates
2026-06-10 16:34:40,050 INFO httpx HTTP Request: POST https://private-users-mcp.query.prod.telnyx.io:3000/mcp "HTTP/1.1 200 OK"
2026-06-10 16:34:40,209 INFO services.account_scanner Page 914: fetched 100 users, 22 collectible, 35681 total candidates
2026-06-10 16:34:40,724 INFO httpx HTTP Request: POST https://private-users-mcp.query.prod.telnyx.io:3000/mcp "HTTP/1.1 200 OK"
2026-06-10 16:34:40,881 INFO services.account_scanner Page 915: fetched 100 users, 28 collectible, 35709 total candidates
2026-06-10 16:34:41,425 INFO httpx HTTP Request: POST https://private-users-mcp.query.prod.telnyx.io:3000/mcp "HTTP/1.1 200 OK"
2026-06-10 16:34:41,583 INFO services.account_scanner Page 916: fetched 100 users, 25 collectible, 35734 total candidates
2026-06-10 16:34:42,207 INFO httpx HTTP Request: POST https://private-users-mcp.query.prod.telnyx.io:3000/mcp "HTTP/1.1 200 OK"
2026-06-10 16:34:42,366 INFO services.account_scanner Page 917: fetched 100 users, 42 collectible, 35776 total candidates
2026-06-10 16:34:42,943 INFO httpx HTTP Request: POST https://private-users-mcp.query.prod.telnyx.io:3000/mcp "HTTP/1.1 200 OK"
2026-06-10 16:34:43,103 INFO services.account_scanner Page 918: fetched 100 users, 39 collectible, 35815 total candidates
2026-06-10 16:34:44,009 INFO httpx HTTP Request: POST https://private-users-mcp.query.prod.telnyx.io:3000/mcp "HTTP/1.1 200 OK"
2026-06-10 16:34:44,186 INFO services.account_scanner Page 919: fetched 100 users, 48 collectible, 35863 total candidates
2026-06-10 16:34:44,771 INFO httpx HTTP Request: POST https://private-users-mcp.query.prod.telnyx.io:3000/mcp "HTTP/1.1 200 OK"
2026-06-10 16:34:44,935 INFO services.account_scanner Page 920: fetched 100 users, 44 collectible, 35907 total candidates
2026-06-10 16:34:45,545 INFO httpx HTTP Request: POST https://private-users-mcp.query.prod.telnyx.io:3000/mcp "HTTP/1.1 200 OK"
2026-06-10 16:34:45,706 INFO services.account_scanner Page 921: fetched 100 users, 51 collectible, 35958 total candidates
2026-06-10 16:34:46,339 INFO httpx HTTP Request: POST https://private-users-mcp.query.prod.telnyx.io:3000/mcp "HTTP/1.1 200 OK"
2026-06-10 16:34:46,502 INFO services.account_scanner Page 922: fetched 100 users, 47 collectible, 36005 total candidates
2026-06-10 16:34:47,143 INFO httpx HTTP Request: POST https://private-users-mcp.query.prod.telnyx.io:3000/mcp "HTTP/1.1 200 OK"
2026-06-10 16:34:47,301 INFO services.account_scanner Page 923: fetched 100 users, 49 collectible, 36054 total candidates
2026-06-10 16:34:48,070 INFO httpx HTTP Request: POST https://private-users-mcp.query.prod.telnyx.io:3000/mcp "HTTP/1.1 200 OK"
2026-06-10 16:34:48,247 INFO services.account_scanner Page 924: fetched 100 users, 63 collectible, 36117 total candidates
2026-06-10 16:34:48,881 INFO httpx HTTP Request: POST https://private-users-mcp.query.prod.telnyx.io:3000/mcp "HTTP/1.1 200 OK"
2026-06-10 16:34:49,047 INFO services.account_scanner Page 925: fetched 100 users, 31 collectible, 36148 total candidates
2026-06-10 16:34:49,720 INFO httpx HTTP Request: POST https://private-users-mcp.query.prod.telnyx.io:3000/mcp "HTTP/1.1 200 OK"
2026-06-10 16:34:49,898 INFO services.account_scanner Page 926: fetched 100 users, 64 collectible, 36212 total candidates
2026-06-10 16:34:50,591 INFO httpx HTTP Request: POST https://private-users-mcp.query.prod.telnyx.io:3000/mcp "HTTP/1.1 200 OK"
2026-06-10 16:34:50,872 INFO services.account_scanner Page 927: fetched 100 users, 62 collectible, 36274 total candidates
2026-06-10 16:34:51,447 INFO httpx HTTP Request: POST https://private-users-mcp.query.prod.telnyx.io:3000/mcp "HTTP/1.1 200 OK"
2026-06-10 16:34:51,610 INFO services.account_scanner Page 928: fetched 100 users, 47 collectible, 36321 total candidates
2026-06-10 16:34:52,166 INFO httpx HTTP Request: POST https://private-users-mcp.query.prod.telnyx.io:3000/mcp "HTTP/1.1 200 OK"
2026-06-10 16:34:52,330 INFO services.account_scanner Page 929: fetched 100 users, 54 collectible, 36375 total candidates
2026-06-10 16:34:52,918 INFO httpx HTTP Request: POST https://private-users-mcp.query.prod.telnyx.io:3000/mcp "HTTP/1.1 200 OK"
2026-06-10 16:34:53,074 INFO services.account_scanner Page 930: fetched 100 users, 57 collectible, 36432 total candidates
2026-06-10 16:34:53,689 INFO httpx HTTP Request: POST https://private-users-mcp.query.prod.telnyx.io:3000/mcp "HTTP/1.1 200 OK"
2026-06-10 16:34:53,847 INFO services.account_scanner Page 931: fetched 100 users, 49 collectible, 36481 total candidates
2026-06-10 16:34:54,410 INFO httpx HTTP Request: POST https://private-users-mcp.query.prod.telnyx.io:3000/mcp "HTTP/1.1 200 OK"
2026-06-10 16:34:54,564 INFO services.account_scanner Page 932: fetched 100 users, 60 collectible, 36541 total candidates
2026-06-10 16:34:55,077 INFO httpx HTTP Request: POST https://private-users-mcp.query.prod.telnyx.io:3000/mcp "HTTP/1.1 200 OK"
2026-06-10 16:34:55,237 INFO services.account_scanner Page 933: fetched 100 users, 58 collectible, 36599 total candidates
2026-06-10 16:34:55,807 INFO httpx HTTP Request: POST https://private-users-mcp.query.prod.telnyx.io:3000/mcp "HTTP/1.1 200 OK"
2026-06-10 16:34:56,037 INFO services.account_scanner Page 934: fetched 100 users, 59 collectible, 36658 total candidates
2026-06-10 16:34:56,706 INFO httpx HTTP Request: POST https://private-users-mcp.query.prod.telnyx.io:3000/mcp "HTTP/1.1 200 OK"
2026-06-10 16:34:56,885 INFO services.account_scanner Page 935: fetched 100 users, 51 collectible, 36709 total candidates
2026-06-10 16:34:57,501 INFO httpx HTTP Request: POST https://private-users-mcp.query.prod.telnyx.io:3000/mcp "HTTP/1.1 200 OK"
2026-06-10 16:34:57,664 INFO services.account_scanner Page 936: fetched 100 users, 51 collectible, 36760 total candidates
2026-06-10 16:34:58,375 INFO httpx HTTP Request: POST https://private-users-mcp.query.prod.telnyx.io:3000/mcp "HTTP/1.1 200 OK"
2026-06-10 16:34:58,553 INFO services.account_scanner Page 937: fetched 100 users, 75 collectible, 36835 total candidates
2026-06-10 16:34:59,093 INFO httpx HTTP Request: POST https://private-users-mcp.query.prod.telnyx.io:3000/mcp "HTTP/1.1 200 OK"
2026-06-10 16:34:59,256 INFO services.account_scanner Page 938: fetched 100 users, 34 collectible, 36869 total candidates
2026-06-10 16:34:59,813 INFO httpx HTTP Request: POST https://private-users-mcp.query.prod.telnyx.io:3000/mcp "HTTP/1.1 200 OK"
2026-06-10 16:34:59,972 INFO services.account_scanner Page 939: fetched 100 users, 48 collectible, 36917 total candidates
2026-06-10 16:35:00,616 INFO httpx HTTP Request: POST https://private-users-mcp.query.prod.telnyx.io:3000/mcp "HTTP/1.1 200 OK"
2026-06-10 16:35:00,780 INFO services.account_scanner Page 940: fetched 100 users, 56 collectible, 36973 total candidates
2026-06-10 16:35:01,389 INFO httpx HTTP Request: POST https://private-users-mcp.query.prod.telnyx.io:3000/mcp "HTTP/1.1 200 OK"
2026-06-10 16:35:01,550 INFO services.account_scanner Page 941: fetched 100 users, 51 collectible, 37024 total candidates
2026-06-10 16:35:02,135 INFO httpx HTTP Request: POST https://private-users-mcp.query.prod.telnyx.io:3000/mcp "HTTP/1.1 200 OK"
2026-06-10 16:35:02,292 INFO services.account_scanner Page 942: fetched 100 users, 34 collectible, 37058 total candidates
2026-06-10 16:35:02,859 INFO httpx HTTP Request: POST https://private-users-mcp.query.prod.telnyx.io:3000/mcp "HTTP/1.1 200 OK"
2026-06-10 16:35:03,019 INFO services.account_scanner Page 943: fetched 100 users, 48 collectible, 37106 total candidates
2026-06-10 16:35:03,586 INFO httpx HTTP Request: POST https://private-users-mcp.query.prod.telnyx.io:3000/mcp "HTTP/1.1 200 OK"
2026-06-10 16:35:03,747 INFO services.account_scanner Page 944: fetched 100 users, 46 collectible, 37152 total candidates
2026-06-10 16:35:04,411 INFO httpx HTTP Request: POST https://private-users-mcp.query.prod.telnyx.io:3000/mcp "HTTP/1.1 200 OK"
2026-06-10 16:35:04,569 INFO services.account_scanner Page 945: fetched 100 users, 51 collectible, 37203 total candidates
2026-06-10 16:35:05,174 INFO httpx HTTP Request: POST https://private-users-mcp.query.prod.telnyx.io:3000/mcp "HTTP/1.1 200 OK"
2026-06-10 16:35:05,330 INFO services.account_scanner Page 946: fetched 100 users, 60 collectible, 37263 total candidates
2026-06-10 16:35:06,103 INFO httpx HTTP Request: POST https://private-users-mcp.query.prod.telnyx.io:3000/mcp "HTTP/1.1 200 OK"
2026-06-10 16:35:06,282 INFO services.account_scanner Page 947: fetched 100 users, 56 collectible, 37319 total candidates
2026-06-10 16:35:07,044 INFO httpx HTTP Request: POST https://private-users-mcp.query.prod.telnyx.io:3000/mcp "HTTP/1.1 200 OK"
2026-06-10 16:35:07,225 INFO services.account_scanner Page 948: fetched 100 users, 62 collectible, 37381 total candidates
2026-06-10 16:35:07,807 INFO httpx HTTP Request: POST https://private-users-mcp.query.prod.telnyx.io:3000/mcp "HTTP/1.1 200 OK"
2026-06-10 16:35:07,974 INFO services.account_scanner Page 949: fetched 100 users, 39 collectible, 37420 total candidates
2026-06-10 16:35:08,519 INFO httpx HTTP Request: POST https://private-users-mcp.query.prod.telnyx.io:3000/mcp "HTTP/1.1 200 OK"
2026-06-10 16:35:08,680 INFO services.account_scanner Page 950: fetched 100 users, 38 collectible, 37458 total candidates
2026-06-10 16:35:09,235 INFO httpx HTTP Request: POST https://private-users-mcp.query.prod.telnyx.io:3000/mcp "HTTP/1.1 200 OK"
2026-06-10 16:35:09,397 INFO services.account_scanner Page 951: fetched 100 users, 33 collectible, 37491 total candidates
2026-06-10 16:35:09,978 INFO httpx HTTP Request: POST https://private-users-mcp.query.prod.telnyx.io:3000/mcp "HTTP/1.1 200 OK"
2026-06-10 16:35:10,136 INFO services.account_scanner Page 952: fetched 100 users, 42 collectible, 37533 total candidates
2026-06-10 16:35:10,813 INFO httpx HTTP Request: POST https://private-users-mcp.query.prod.telnyx.io:3000/mcp "HTTP/1.1 200 OK"
2026-06-10 16:35:10,990 INFO services.account_scanner Page 953: fetched 100 users, 47 collectible, 37580 total candidates
2026-06-10 16:35:12,028 INFO httpx HTTP Request: POST https://private-users-mcp.query.prod.telnyx.io:3000/mcp "HTTP/1.1 200 OK"
2026-06-10 16:35:12,335 INFO services.account_scanner Page 954: fetched 100 users, 70 collectible, 37650 total candidates
2026-06-10 16:35:13,011 INFO httpx HTTP Request: POST https://private-users-mcp.query.prod.telnyx.io:3000/mcp "HTTP/1.1 200 OK"
2026-06-10 16:35:13,305 INFO services.account_scanner Page 955: fetched 100 users, 45 collectible, 37695 total candidates
2026-06-10 16:35:14,041 INFO httpx HTTP Request: POST https://private-users-mcp.query.prod.telnyx.io:3000/mcp "HTTP/1.1 200 OK"
2026-06-10 16:35:14,330 INFO services.account_scanner Page 956: fetched 100 users, 56 collectible, 37751 total candidates
2026-06-10 16:35:15,072 INFO httpx HTTP Request: POST https://private-users-mcp.query.prod.telnyx.io:3000/mcp "HTTP/1.1 200 OK"
2026-06-10 16:35:15,353 INFO services.account_scanner Page 957: fetched 100 users, 59 collectible, 37810 total candidates
2026-06-10 16:35:15,962 INFO httpx HTTP Request: POST https://private-users-mcp.query.prod.telnyx.io:3000/mcp "HTTP/1.1 200 OK"
2026-06-10 16:35:16,128 INFO services.account_scanner Page 958: fetched 100 users, 57 collectible, 37867 total candidates
2026-06-10 16:35:16,754 INFO httpx HTTP Request: POST https://private-users-mcp.query.prod.telnyx.io:3000/mcp "HTTP/1.1 200 OK"
2026-06-10 16:35:16,914 INFO services.account_scanner Page 959: fetched 100 users, 40 collectible, 37907 total candidates
2026-06-10 16:35:17,523 INFO httpx HTTP Request: POST https://private-users-mcp.query.prod.telnyx.io:3000/mcp "HTTP/1.1 200 OK"
2026-06-10 16:35:17,683 INFO services.account_scanner Page 960: fetched 100 users, 37 collectible, 37944 total candidates
2026-06-10 16:35:18,332 INFO httpx HTTP Request: POST https://private-users-mcp.query.prod.telnyx.io:3000/mcp "HTTP/1.1 200 OK"
2026-06-10 16:35:18,496 INFO services.account_scanner Page 961: fetched 100 users, 50 collectible, 37994 total candidates
2026-06-10 16:35:19,280 INFO httpx HTTP Request: POST https://private-users-mcp.query.prod.telnyx.io:3000/mcp "HTTP/1.1 200 OK"
2026-06-10 16:35:19,469 INFO services.account_scanner Page 962: fetched 100 users, 61 collectible, 38055 total candidates
2026-06-10 16:35:20,084 INFO httpx HTTP Request: POST https://private-users-mcp.query.prod.telnyx.io:3000/mcp "HTTP/1.1 200 OK"
2026-06-10 16:35:20,247 INFO services.account_scanner Page 963: fetched 100 users, 46 collectible, 38101 total candidates
2026-06-10 16:35:20,814 INFO httpx HTTP Request: POST https://private-users-mcp.query.prod.telnyx.io:3000/mcp "HTTP/1.1 200 OK"
2026-06-10 16:35:20,974 INFO services.account_scanner Page 964: fetched 100 users, 36 collectible, 38137 total candidates
2026-06-10 16:35:21,601 INFO httpx HTTP Request: POST https://private-users-mcp.query.prod.telnyx.io:3000/mcp "HTTP/1.1 200 OK"
2026-06-10 16:35:21,763 INFO services.account_scanner Page 965: fetched 100 users, 71 collectible, 38208 total candidates
2026-06-10 16:35:22,547 INFO httpx HTTP Request: POST https://private-users-mcp.query.prod.telnyx.io:3000/mcp "HTTP/1.1 200 OK"
2026-06-10 16:35:22,742 INFO services.account_scanner Page 966: fetched 100 users, 58 collectible, 38266 total candidates
2026-06-10 16:35:23,329 INFO httpx HTTP Request: POST https://private-users-mcp.query.prod.telnyx.io:3000/mcp "HTTP/1.1 200 OK"
2026-06-10 16:35:23,493 INFO services.account_scanner Page 967: fetched 100 users, 35 collectible, 38301 total candidates
2026-06-10 16:35:24,196 INFO httpx HTTP Request: POST https://private-users-mcp.query.prod.telnyx.io:3000/mcp "HTTP/1.1 200 OK"
2026-06-10 16:35:24,375 INFO services.account_scanner Page 968: fetched 100 users, 49 collectible, 38350 total candidates
2026-06-10 16:35:25,521 INFO httpx HTTP Request: POST https://private-users-mcp.query.prod.telnyx.io:3000/mcp "HTTP/1.1 200 OK"
2026-06-10 16:35:25,830 INFO services.account_scanner Page 969: fetched 100 users, 31 collectible, 38381 total candidates
2026-06-10 16:35:26,561 INFO httpx HTTP Request: POST https://private-users-mcp.query.prod.telnyx.io:3000/mcp "HTTP/1.1 200 OK"
2026-06-10 16:35:26,852 INFO services.account_scanner Page 970: fetched 100 users, 42 collectible, 38423 total candidates
2026-06-10 16:35:27,529 INFO httpx HTTP Request: POST https://private-users-mcp.query.prod.telnyx.io:3000/mcp "HTTP/1.1 200 OK"
2026-06-10 16:35:27,817 INFO services.account_scanner Page 971: fetched 100 users, 33 collectible, 38456 total candidates
2026-06-10 16:35:28,411 INFO httpx HTTP Request: POST https://private-users-mcp.query.prod.telnyx.io:3000/mcp "HTTP/1.1 200 OK"
2026-06-10 16:35:28,577 INFO services.account_scanner Page 972: fetched 100 users, 50 collectible, 38506 total candidates
2026-06-10 16:35:29,167 INFO httpx HTTP Request: POST https://private-users-mcp.query.prod.telnyx.io:3000/mcp "HTTP/1.1 200 OK"
2026-06-10 16:35:29,324 INFO services.account_scanner Page 973: fetched 100 users, 48 collectible, 38554 total candidates
2026-06-10 16:35:30,056 INFO httpx HTTP Request: POST https://private-users-mcp.query.prod.telnyx.io:3000/mcp "HTTP/1.1 200 OK"
2026-06-10 16:35:30,235 INFO services.account_scanner Page 974: fetched 100 users, 51 collectible, 38605 total candidates
2026-06-10 16:35:30,845 INFO httpx HTTP Request: POST https://private-users-mcp.query.prod.telnyx.io:3000/mcp "HTTP/1.1 200 OK"
2026-06-10 16:35:31,008 INFO services.account_scanner Page 975: fetched 100 users, 59 collectible, 38664 total candidates
2026-06-10 16:35:31,624 INFO httpx HTTP Request: POST https://private-users-mcp.query.prod.telnyx.io:3000/mcp "HTTP/1.1 200 OK"
2026-06-10 16:35:31,784 INFO services.account_scanner Page 976: fetched 100 users, 55 collectible, 38719 total candidates
2026-06-10 16:35:32,370 INFO httpx HTTP Request: POST https://private-users-mcp.query.prod.telnyx.io:3000/mcp "HTTP/1.1 200 OK"
2026-06-10 16:35:32,526 INFO services.account_scanner Page 977: fetched 100 users, 40 collectible, 38759 total candidates
2026-06-10 16:35:33,123 INFO httpx HTTP Request: POST https://private-users-mcp.query.prod.telnyx.io:3000/mcp "HTTP/1.1 200 OK"
2026-06-10 16:35:33,281 INFO services.account_scanner Page 978: fetched 100 users, 25 collectible, 38784 total candidates
2026-06-10 16:35:33,816 INFO httpx HTTP Request: POST https://private-users-mcp.query.prod.telnyx.io:3000/mcp "HTTP/1.1 200 OK"
2026-06-10 16:35:33,976 INFO services.account_scanner Page 979: fetched 100 users, 42 collectible, 38826 total candidates
2026-06-10 16:35:34,601 INFO httpx HTTP Request: POST https://private-users-mcp.query.prod.telnyx.io:3000/mcp "HTTP/1.1 200 OK"
2026-06-10 16:35:34,760 INFO services.account_scanner Page 980: fetched 100 users, 42 collectible, 38868 total candidates
2026-06-10 16:35:35,409 INFO httpx HTTP Request: POST https://private-users-mcp.query.prod.telnyx.io:3000/mcp "HTTP/1.1 200 OK"
2026-06-10 16:35:35,564 INFO services.account_scanner Page 981: fetched 100 users, 31 collectible, 38899 total candidates
2026-06-10 16:35:36,176 INFO httpx HTTP Request: POST https://private-users-mcp.query.prod.telnyx.io:3000/mcp "HTTP/1.1 200 OK"
2026-06-10 16:35:36,337 INFO services.account_scanner Page 982: fetched 100 users, 47 collectible, 38946 total candidates
2026-06-10 16:35:36,871 INFO httpx HTTP Request: POST https://private-users-mcp.query.prod.telnyx.io:3000/mcp "HTTP/1.1 200 OK"
2026-06-10 16:35:37,028 INFO services.account_scanner Page 983: fetched 100 users, 39 collectible, 38985 total candidates
2026-06-10 16:35:37,680 INFO httpx HTTP Request: POST https://private-users-mcp.query.prod.telnyx.io:3000/mcp "HTTP/1.1 200 OK"
2026-06-10 16:35:37,839 INFO services.account_scanner Page 984: fetched 100 users, 37 collectible, 39022 total candidates
2026-06-10 16:35:38,443 INFO httpx HTTP Request: POST https://private-users-mcp.query.prod.telnyx.io:3000/mcp "HTTP/1.1 200 OK"
2026-06-10 16:35:38,601 INFO services.account_scanner Page 985: fetched 100 users, 45 collectible, 39067 total candidates
2026-06-10 16:35:39,324 INFO httpx HTTP Request: POST https://private-users-mcp.query.prod.telnyx.io:3000/mcp "HTTP/1.1 200 OK"
2026-06-10 16:35:39,505 INFO services.account_scanner Page 986: fetched 100 users, 64 collectible, 39131 total candidates
2026-06-10 16:35:40,070 INFO httpx HTTP Request: POST https://private-users-mcp.query.prod.telnyx.io:3000/mcp "HTTP/1.1 200 OK"
2026-06-10 16:35:40,233 INFO services.account_scanner Page 987: fetched 100 users, 30 collectible, 39161 total candidates
2026-06-10 16:35:40,809 INFO httpx HTTP Request: POST https://private-users-mcp.query.prod.telnyx.io:3000/mcp "HTTP/1.1 200 OK"
2026-06-10 16:35:40,966 INFO services.account_scanner Page 988: fetched 100 users, 39 collectible, 39200 total candidates
2026-06-10 16:35:41,700 INFO httpx HTTP Request: POST https://private-users-mcp.query.prod.telnyx.io:3000/mcp "HTTP/1.1 200 OK"
2026-06-10 16:35:41,882 INFO services.account_scanner Page 989: fetched 100 users, 65 collectible, 39265 total candidates
2026-06-10 16:35:42,408 INFO httpx HTTP Request: POST https://private-users-mcp.query.prod.telnyx.io:3000/mcp "HTTP/1.1 200 OK"
2026-06-10 16:35:42,563 INFO services.account_scanner Page 990: fetched 100 users, 31 collectible, 39296 total candidates
2026-06-10 16:35:43,123 INFO httpx HTTP Request: POST https://private-users-mcp.query.prod.telnyx.io:3000/mcp "HTTP/1.1 200 OK"
2026-06-10 16:35:43,283 INFO services.account_scanner Page 991: fetched 100 users, 35 collectible, 39331 total candidates
2026-06-10 16:35:44,082 INFO httpx HTTP Request: POST https://private-users-mcp.query.prod.telnyx.io:3000/mcp "HTTP/1.1 200 OK"
2026-06-10 16:35:44,262 INFO services.account_scanner Page 992: fetched 100 users, 38 collectible, 39369 total candidates
2026-06-10 16:35:44,827 INFO httpx HTTP Request: POST https://private-users-mcp.query.prod.telnyx.io:3000/mcp "HTTP/1.1 200 OK"
2026-06-10 16:35:44,984 INFO services.account_scanner Page 993: fetched 100 users, 41 collectible, 39410 total candidates
2026-06-10 16:35:45,643 INFO httpx HTTP Request: POST https://private-users-mcp.query.prod.telnyx.io:3000/mcp "HTTP/1.1 200 OK"
2026-06-10 16:35:45,769 INFO services.account_scanner Page 994: fetched 100 users, 36 collectible, 39446 total candidates
2026-06-10 16:35:46,323 INFO httpx HTTP Request: POST https://private-users-mcp.query.prod.telnyx.io:3000/mcp "HTTP/1.1 200 OK"
2026-06-10 16:35:46,482 INFO services.account_scanner Page 995: fetched 100 users, 40 collectible, 39486 total candidates
2026-06-10 16:35:47,122 INFO httpx HTTP Request: POST https://private-users-mcp.query.prod.telnyx.io:3000/mcp "HTTP/1.1 200 OK"
2026-06-10 16:35:47,285 INFO services.account_scanner Page 996: fetched 100 users, 54 collectible, 39540 total candidates
2026-06-10 16:35:47,863 INFO httpx HTTP Request: POST https://private-users-mcp.query.prod.telnyx.io:3000/mcp "HTTP/1.1 200 OK"
2026-06-10 16:35:48,022 INFO services.account_scanner Page 997: fetched 100 users, 51 collectible, 39591 total candidates
2026-06-10 16:35:48,594 INFO httpx HTTP Request: POST https://private-users-mcp.query.prod.telnyx.io:3000/mcp "HTTP/1.1 200 OK"
2026-06-10 16:35:48,754 INFO services.account_scanner Page 998: fetched 100 users, 29 collectible, 39620 total candidates
2026-06-10 16:35:49,286 INFO httpx HTTP Request: POST https://private-users-mcp.query.prod.telnyx.io:3000/mcp "HTTP/1.1 200 OK"
2026-06-10 16:35:49,444 INFO services.account_scanner Page 999: fetched 100 users, 22 collectible, 39642 total candidates
2026-06-10 16:35:50,022 INFO httpx HTTP Request: POST https://private-users-mcp.query.prod.telnyx.io:3000/mcp "HTTP/1.1 200 OK"
2026-06-10 16:35:50,179 INFO services.account_scanner Page 1000: fetched 100 users, 38 collectible, 39680 total candidates
2026-06-10 16:35:51,101 INFO httpx HTTP Request: POST https://private-users-mcp.query.prod.telnyx.io:3000/mcp "HTTP/1.1 200 OK"
2026-06-10 16:35:51,282 INFO services.account_scanner Page 1001: fetched 100 users, 34 collectible, 39714 total candidates
2026-06-10 16:35:51,827 INFO httpx HTTP Request: POST https://private-users-mcp.query.prod.telnyx.io:3000/mcp "HTTP/1.1 200 OK"
2026-06-10 16:35:51,987 INFO services.account_scanner Page 1002: fetched 100 users, 29 collectible, 39743 total candidates
2026-06-10 16:35:52,566 INFO httpx HTTP Request: POST https://private-users-mcp.query.prod.telnyx.io:3000/mcp "HTTP/1.1 200 OK"
2026-06-10 16:35:52,727 INFO services.account_scanner Page 1003: fetched 100 users, 49 collectible, 39792 total candidates
2026-06-10 16:35:53,300 INFO httpx HTTP Request: POST https://private-users-mcp.query.prod.telnyx.io:3000/mcp "HTTP/1.1 200 OK"
2026-06-10 16:35:53,455 INFO services.account_scanner Page 1004: fetched 100 users, 36 collectible, 39828 total candidates
2026-06-10 16:35:54,443 INFO httpx HTTP Request: POST https://private-users-mcp.query.prod.telnyx.io:3000/mcp "HTTP/1.1 200 OK"
2026-06-10 16:35:54,623 INFO services.account_scanner Page 1005: fetched 100 users, 53 collectible, 39881 total candidates
2026-06-10 16:35:55,226 INFO httpx HTTP Request: POST https://private-users-mcp.query.prod.telnyx.io:3000/mcp "HTTP/1.1 200 OK"
2026-06-10 16:35:55,386 INFO services.account_scanner Page 1006: fetched 100 users, 42 collectible, 39923 total candidates
2026-06-10 16:35:55,960 INFO httpx HTTP Request: POST https://private-users-mcp.query.prod.telnyx.io:3000/mcp "HTTP/1.1 200 OK"
2026-06-10 16:35:56,120 INFO services.account_scanner Page 1007: fetched 100 users, 40 collectible, 39963 total candidates
2026-06-10 16:35:56,719 INFO httpx HTTP Request: POST https://private-users-mcp.query.prod.telnyx.io:3000/mcp "HTTP/1.1 200 OK"
2026-06-10 16:35:56,879 INFO services.account_scanner Page 1008: fetched 100 users, 34 collectible, 39997 total candidates
2026-06-10 16:35:57,517 INFO httpx HTTP Request: POST https://private-users-mcp.query.prod.telnyx.io:3000/mcp "HTTP/1.1 200 OK"
2026-06-10 16:35:57,675 INFO services.account_scanner Page 1009: fetched 100 users, 57 collectible, 40054 total candidates
2026-06-10 16:35:58,263 INFO httpx HTTP Request: POST https://private-users-mcp.query.prod.telnyx.io:3000/mcp "HTTP/1.1 200 OK"
2026-06-10 16:35:58,420 INFO services.account_scanner Page 1010: fetched 100 users, 25 collectible, 40079 total candidates
2026-06-10 16:35:59,076 INFO httpx HTTP Request: POST https://private-users-mcp.query.prod.telnyx.io:3000/mcp "HTTP/1.1 200 OK"
2026-06-10 16:35:59,234 INFO services.account_scanner Page 1011: fetched 100 users, 48 collectible, 40127 total candidates
2026-06-10 16:35:59,788 INFO httpx HTTP Request: POST https://private-users-mcp.query.prod.telnyx.io:3000/mcp "HTTP/1.1 200 OK"
2026-06-10 16:35:59,944 INFO services.account_scanner Page 1012: fetched 100 users, 45 collectible, 40172 total candidates
2026-06-10 16:36:00,761 INFO httpx HTTP Request: POST https://private-users-mcp.query.prod.telnyx.io:3000/mcp "HTTP/1.1 200 OK"
2026-06-10 16:36:00,939 INFO services.account_scanner Page 1013: fetched 100 users, 52 collectible, 40224 total candidates
2026-06-10 16:36:01,550 INFO httpx HTTP Request: POST https://private-users-mcp.query.prod.telnyx.io:3000/mcp "HTTP/1.1 200 OK"
2026-06-10 16:36:01,714 INFO services.account_scanner Page 1014: fetched 100 users, 41 collectible, 40265 total candidates
2026-06-10 16:36:02,301 INFO httpx HTTP Request: POST https://private-users-mcp.query.prod.telnyx.io:3000/mcp "HTTP/1.1 200 OK"
2026-06-10 16:36:02,462 INFO services.account_scanner Page 1015: fetched 100 users, 55 collectible, 40320 total candidates
2026-06-10 16:36:03,080 INFO httpx HTTP Request: POST https://private-users-mcp.query.prod.telnyx.io:3000/mcp "HTTP/1.1 200 OK"
2026-06-10 16:36:03,243 INFO services.account_scanner Page 1016: fetched 100 users, 52 collectible, 40372 total candidates
2026-06-10 16:36:03,980 INFO httpx HTTP Request: POST https://private-users-mcp.query.prod.telnyx.io:3000/mcp "HTTP/1.1 200 OK"
2026-06-10 16:36:04,158 INFO services.account_scanner Page 1017: fetched 100 users, 62 collectible, 40434 total candidates
2026-06-10 16:36:04,716 INFO httpx HTTP Request: POST https://private-users-mcp.query.prod.telnyx.io:3000/mcp "HTTP/1.1 200 OK"
2026-06-10 16:36:04,878 INFO services.account_scanner Page 1018: fetched 100 users, 38 collectible, 40472 total candidates
2026-06-10 16:36:05,507 INFO httpx HTTP Request: POST https://private-users-mcp.query.prod.telnyx.io:3000/mcp "HTTP/1.1 200 OK"
2026-06-10 16:36:05,668 INFO services.account_scanner Page 1019: fetched 100 users, 56 collectible, 40528 total candidates
2026-06-10 16:36:06,243 INFO httpx HTTP Request: POST https://private-users-mcp.query.prod.telnyx.io:3000/mcp "HTTP/1.1 200 OK"
2026-06-10 16:36:06,400 INFO services.account_scanner Page 1020: fetched 100 users, 49 collectible, 40577 total candidates
2026-06-10 16:36:07,026 INFO httpx HTTP Request: POST https://private-users-mcp.query.prod.telnyx.io:3000/mcp "HTTP/1.1 200 OK"
2026-06-10 16:36:07,183 INFO services.account_scanner Page 1021: fetched 100 users, 34 collectible, 40611 total candidates
2026-06-10 16:36:07,738 INFO httpx HTTP Request: POST https://private-users-mcp.query.prod.telnyx.io:3000/mcp "HTTP/1.1 200 OK"
2026-06-10 16:36:07,897 INFO services.account_scanner Page 1022: fetched 100 users, 54 collectible, 40665 total candidates
2026-06-10 16:36:08,569 INFO httpx HTTP Request: POST https://private-users-mcp.query.prod.telnyx.io:3000/mcp "HTTP/1.1 200 OK"
2026-06-10 16:36:08,749 INFO services.account_scanner Page 1023: fetched 100 users, 61 collectible, 40726 total candidates
2026-06-10 16:36:09,318 INFO httpx HTTP Request: POST https://private-users-mcp.query.prod.telnyx.io:3000/mcp "HTTP/1.1 200 OK"
2026-06-10 16:36:09,482 INFO services.account_scanner Page 1024: fetched 100 users, 45 collectible, 40771 total candidates
2026-06-10 16:36:10,106 INFO httpx HTTP Request: POST https://private-users-mcp.query.prod.telnyx.io:3000/mcp "HTTP/1.1 200 OK"
2026-06-10 16:36:10,269 INFO services.account_scanner Page 1025: fetched 100 users, 37 collectible, 40808 total candidates
2026-06-10 16:36:11,006 INFO httpx HTTP Request: POST https://private-users-mcp.query.prod.telnyx.io:3000/mcp "HTTP/1.1 200 OK"
2026-06-10 16:36:11,186 INFO services.account_scanner Page 1026: fetched 100 users, 63 collectible, 40871 total candidates
2026-06-10 16:36:11,827 INFO httpx HTTP Request: POST https://private-users-mcp.query.prod.telnyx.io:3000/mcp "HTTP/1.1 200 OK"
2026-06-10 16:36:11,989 INFO services.account_scanner Page 1027: fetched 100 users, 57 collectible, 40928 total candidates
2026-06-10 16:36:12,986 INFO httpx HTTP Request: POST https://private-users-mcp.query.prod.telnyx.io:3000/mcp "HTTP/1.1 200 OK"
2026-06-10 16:36:13,166 INFO services.account_scanner Page 1028: fetched 100 users, 56 collectible, 40984 total candidates
2026-06-10 16:36:13,775 INFO httpx HTTP Request: POST https://private-users-mcp.query.prod.telnyx.io:3000/mcp "HTTP/1.1 200 OK"
2026-06-10 16:36:13,932 INFO services.account_scanner Page 1029: fetched 100 users, 62 collectible, 41046 total candidates
2026-06-10 16:36:14,500 INFO httpx HTTP Request: POST https://private-users-mcp.query.prod.telnyx.io:3000/mcp "HTTP/1.1 200 OK"
2026-06-10 16:36:14,660 INFO services.account_scanner Page 1030: fetched 100 users, 36 collectible, 41082 total candidates
2026-06-10 16:36:15,283 INFO httpx HTTP Request: POST https://private-users-mcp.query.prod.telnyx.io:3000/mcp "HTTP/1.1 200 OK"
2026-06-10 16:36:15,444 INFO services.account_scanner Page 1031: fetched 100 users, 29 collectible, 41111 total candidates
2026-06-10 16:36:16,048 INFO httpx HTTP Request: POST https://private-users-mcp.query.prod.telnyx.io:3000/mcp "HTTP/1.1 200 OK"
2026-06-10 16:36:16,207 INFO services.account_scanner Page 1032: fetched 100 users, 50 collectible, 41161 total candidates
2026-06-10 16:36:16,823 INFO httpx HTTP Request: POST https://private-users-mcp.query.prod.telnyx.io:3000/mcp "HTTP/1.1 200 OK"
2026-06-10 16:36:16,981 INFO services.account_scanner Page 1033: fetched 100 users, 52 collectible, 41213 total candidates
2026-06-10 16:36:17,777 INFO httpx HTTP Request: POST https://private-users-mcp.query.prod.telnyx.io:3000/mcp "HTTP/1.1 200 OK"
2026-06-10 16:36:17,953 INFO services.account_scanner Page 1034: fetched 100 users, 32 collectible, 41245 total candidates
2026-06-10 16:36:18,548 INFO httpx HTTP Request: POST https://private-users-mcp.query.prod.telnyx.io:3000/mcp "HTTP/1.1 200 OK"
2026-06-10 16:36:18,714 INFO services.account_scanner Page 1035: fetched 100 users, 41 collectible, 41286 total candidates
2026-06-10 16:36:19,286 INFO httpx HTTP Request: POST https://private-users-mcp.query.prod.telnyx.io:3000/mcp "HTTP/1.1 200 OK"
2026-06-10 16:36:19,448 INFO services.account_scanner Page 1036: fetched 100 users, 31 collectible, 41317 total candidates
2026-06-10 16:36:20,050 INFO httpx HTTP Request: POST https://private-users-mcp.query.prod.telnyx.io:3000/mcp "HTTP/1.1 200 OK"
2026-06-10 16:36:20,209 INFO services.account_scanner Page 1037: fetched 100 users, 52 collectible, 41369 total candidates
2026-06-10 16:36:20,766 INFO httpx HTTP Request: POST https://private-users-mcp.query.prod.telnyx.io:3000/mcp "HTTP/1.1 200 OK"
2026-06-10 16:36:20,923 INFO services.account_scanner Page 1038: fetched 100 users, 20 collectible, 41389 total candidates
2026-06-10 16:36:21,494 INFO httpx HTTP Request: POST https://private-users-mcp.query.prod.telnyx.io:3000/mcp "HTTP/1.1 200 OK"
2026-06-10 16:36:21,655 INFO services.account_scanner Page 1039: fetched 100 users, 13 collectible, 41402 total candidates
2026-06-10 16:36:22,233 INFO httpx HTTP Request: POST https://private-users-mcp.query.prod.telnyx.io:3000/mcp "HTTP/1.1 200 OK"
2026-06-10 16:36:22,397 INFO services.account_scanner Page 1040: fetched 100 users, 26 collectible, 41428 total candidates
2026-06-10 16:36:22,980 INFO httpx HTTP Request: POST https://private-users-mcp.query.prod.telnyx.io:3000/mcp "HTTP/1.1 200 OK"
2026-06-10 16:36:23,138 INFO services.account_scanner Page 1041: fetched 100 users, 39 collectible, 41467 total candidates
2026-06-10 16:36:23,718 INFO httpx HTTP Request: POST https://private-users-mcp.query.prod.telnyx.io:3000/mcp "HTTP/1.1 200 OK"
2026-06-10 16:36:23,876 INFO services.account_scanner Page 1042: fetched 100 users, 26 collectible, 41493 total candidates
2026-06-10 16:36:24,545 INFO httpx HTTP Request: POST https://private-users-mcp.query.prod.telnyx.io:3000/mcp "HTTP/1.1 200 OK"
2026-06-10 16:36:24,709 INFO services.account_scanner Page 1043: fetched 100 users, 56 collectible, 41549 total candidates
2026-06-10 16:36:25,365 INFO httpx HTTP Request: POST https://private-users-mcp.query.prod.telnyx.io:3000/mcp "HTTP/1.1 200 OK"
2026-06-10 16:36:25,526 INFO services.account_scanner Page 1044: fetched 100 users, 51 collectible, 41600 total candidates
2026-06-10 16:36:26,147 INFO httpx HTTP Request: POST https://private-users-mcp.query.prod.telnyx.io:3000/mcp "HTTP/1.1 200 OK"
2026-06-10 16:36:26,305 INFO services.account_scanner Page 1045: fetched 100 users, 48 collectible, 41648 total candidates
2026-06-10 16:36:26,908 INFO httpx HTTP Request: POST https://private-users-mcp.query.prod.telnyx.io:3000/mcp "HTTP/1.1 200 OK"
2026-06-10 16:36:27,065 INFO services.account_scanner Page 1046: fetched 100 users, 45 collectible, 41693 total candidates
2026-06-10 16:36:27,789 INFO httpx HTTP Request: POST https://private-users-mcp.query.prod.telnyx.io:3000/mcp "HTTP/1.1 200 OK"
2026-06-10 16:36:27,966 INFO services.account_scanner Page 1047: fetched 100 users, 64 collectible, 41757 total candidates
2026-06-10 16:36:28,644 INFO httpx HTTP Request: POST https://private-users-mcp.query.prod.telnyx.io:3000/mcp "HTTP/1.1 200 OK"
2026-06-10 16:36:28,825 INFO services.account_scanner Page 1048: fetched 100 users, 63 collectible, 41820 total candidates
2026-06-10 16:36:29,521 INFO httpx HTTP Request: POST https://private-users-mcp.query.prod.telnyx.io:3000/mcp "HTTP/1.1 200 OK"
2026-06-10 16:36:29,802 INFO services.account_scanner Page 1049: fetched 100 users, 54 collectible, 41874 total candidates
2026-06-10 16:36:30,543 INFO httpx HTTP Request: POST https://private-users-mcp.query.prod.telnyx.io:3000/mcp "HTTP/1.1 200 OK"
2026-06-10 16:36:30,724 INFO services.account_scanner Page 1050: fetched 100 users, 53 collectible, 41927 total candidates
2026-06-10 16:36:31,564 INFO httpx HTTP Request: POST https://private-users-mcp.query.prod.telnyx.io:3000/mcp "HTTP/1.1 200 OK"
2026-06-10 16:36:31,846 INFO services.account_scanner Page 1051: fetched 100 users, 30 collectible, 41957 total candidates
2026-06-10 16:36:32,577 INFO httpx HTTP Request: POST https://private-users-mcp.query.prod.telnyx.io:3000/mcp "HTTP/1.1 200 OK"
2026-06-10 16:36:32,758 INFO services.account_scanner Page 1052: fetched 100 users, 25 collectible, 41982 total candidates
2026-06-10 16:36:33,420 INFO httpx HTTP Request: POST https://private-users-mcp.query.prod.telnyx.io:3000/mcp "HTTP/1.1 200 OK"
2026-06-10 16:36:33,581 INFO services.account_scanner Page 1053: fetched 100 users, 43 collectible, 42025 total candidates
2026-06-10 16:36:34,307 INFO httpx HTTP Request: POST https://private-users-mcp.query.prod.telnyx.io:3000/mcp "HTTP/1.1 200 OK"
2026-06-10 16:36:34,484 INFO services.account_scanner Page 1054: fetched 100 users, 56 collectible, 42081 total candidates
2026-06-10 16:36:35,238 INFO httpx HTTP Request: POST https://private-users-mcp.query.prod.telnyx.io:3000/mcp "HTTP/1.1 200 OK"
2026-06-10 16:36:35,419 INFO services.account_scanner Page 1055: fetched 100 users, 36 collectible, 42117 total candidates
2026-06-10 16:36:36,246 INFO httpx HTTP Request: POST https://private-users-mcp.query.prod.telnyx.io:3000/mcp "HTTP/1.1 200 OK"
2026-06-10 16:36:36,527 INFO services.account_scanner Page 1056: fetched 100 users, 61 collectible, 42178 total candidates
2026-06-10 16:36:37,477 INFO httpx HTTP Request: POST https://private-users-mcp.query.prod.telnyx.io:3000/mcp "HTTP/1.1 200 OK"
2026-06-10 16:36:37,658 INFO services.account_scanner Page 1057: fetched 100 users, 43 collectible, 42221 total candidates
2026-06-10 16:36:38,262 INFO httpx HTTP Request: POST https://private-users-mcp.query.prod.telnyx.io:3000/mcp "HTTP/1.1 200 OK"
2026-06-10 16:36:38,424 INFO services.account_scanner Page 1058: fetched 100 users, 50 collectible, 42271 total candidates
2026-06-10 16:36:39,077 INFO httpx HTTP Request: POST https://private-users-mcp.query.prod.telnyx.io:3000/mcp "HTTP/1.1 200 OK"
2026-06-10 16:36:39,236 INFO services.account_scanner Page 1059: fetched 100 users, 57 collectible, 42328 total candidates
2026-06-10 16:36:39,814 INFO httpx HTTP Request: POST https://private-users-mcp.query.prod.telnyx.io:3000/mcp "HTTP/1.1 200 OK"
2026-06-10 16:36:39,973 INFO services.account_scanner Page 1060: fetched 100 users, 51 collectible, 42379 total candidates
2026-06-10 16:36:40,565 INFO httpx HTTP Request: POST https://private-users-mcp.query.prod.telnyx.io:3000/mcp "HTTP/1.1 200 OK"
2026-06-10 16:36:40,724 INFO services.account_scanner Page 1061: fetched 100 users, 48 collectible, 42427 total candidates
2026-06-10 16:36:41,396 INFO httpx HTTP Request: POST https://private-users-mcp.query.prod.telnyx.io:3000/mcp "HTTP/1.1 200 OK"
2026-06-10 16:36:41,555 INFO services.account_scanner Page 1062: fetched 100 users, 40 collectible, 42467 total candidates
2026-06-10 16:36:42,231 INFO httpx HTTP Request: POST https://private-users-mcp.query.prod.telnyx.io:3000/mcp "HTTP/1.1 200 OK"
2026-06-10 16:36:42,409 INFO services.account_scanner Page 1063: fetched 100 users, 51 collectible, 42518 total candidates
2026-06-10 16:36:42,996 INFO httpx HTTP Request: POST https://private-users-mcp.query.prod.telnyx.io:3000/mcp "HTTP/1.1 200 OK"
2026-06-10 16:36:43,162 INFO services.account_scanner Page 1064: fetched 100 users, 31 collectible, 42549 total candidates
2026-06-10 16:36:43,772 INFO httpx HTTP Request: POST https://private-users-mcp.query.prod.telnyx.io:3000/mcp "HTTP/1.1 200 OK"
2026-06-10 16:36:43,930 INFO services.account_scanner Page 1065: fetched 100 users, 31 collectible, 42580 total candidates
2026-06-10 16:36:44,552 INFO httpx HTTP Request: POST https://private-users-mcp.query.prod.telnyx.io:3000/mcp "HTTP/1.1 200 OK"
2026-06-10 16:36:44,710 INFO services.account_scanner Page 1066: fetched 100 users, 40 collectible, 42620 total candidates
2026-06-10 16:36:45,319 INFO httpx HTTP Request: POST https://private-users-mcp.query.prod.telnyx.io:3000/mcp "HTTP/1.1 200 OK"
2026-06-10 16:36:45,477 INFO services.account_scanner Page 1067: fetched 100 users, 52 collectible, 42672 total candidates
2026-06-10 16:36:46,057 INFO httpx HTTP Request: POST https://private-users-mcp.query.prod.telnyx.io:3000/mcp "HTTP/1.1 200 OK"
2026-06-10 16:36:46,219 INFO services.account_scanner Page 1068: fetched 100 users, 30 collectible, 42702 total candidates
2026-06-10 16:36:46,850 INFO httpx HTTP Request: POST https://private-users-mcp.query.prod.telnyx.io:3000/mcp "HTTP/1.1 200 OK"
2026-06-10 16:36:47,010 INFO services.account_scanner Page 1069: fetched 100 users, 46 collectible, 42748 total candidates
2026-06-10 16:36:47,557 INFO httpx HTTP Request: POST https://private-users-mcp.query.prod.telnyx.io:3000/mcp "HTTP/1.1 200 OK"
2026-06-10 16:36:47,714 INFO services.account_scanner Page 1070: fetched 100 users, 52 collectible, 42800 total candidates
2026-06-10 16:36:48,292 INFO httpx HTTP Request: POST https://private-users-mcp.query.prod.telnyx.io:3000/mcp "HTTP/1.1 200 OK"
2026-06-10 16:36:48,448 INFO services.account_scanner Page 1071: fetched 100 users, 35 collectible, 42835 total candidates
2026-06-10 16:36:49,052 INFO httpx HTTP Request: POST https://private-users-mcp.query.prod.telnyx.io:3000/mcp "HTTP/1.1 200 OK"
2026-06-10 16:36:49,225 INFO services.account_scanner Page 1072: fetched 100 users, 42 collectible, 42877 total candidates
2026-06-10 16:36:49,853 INFO httpx HTTP Request: POST https://private-users-mcp.query.prod.telnyx.io:3000/mcp "HTTP/1.1 200 OK"
2026-06-10 16:36:50,011 INFO services.account_scanner Page 1073: fetched 100 users, 46 collectible, 42923 total candidates
2026-06-10 16:36:50,581 INFO httpx HTTP Request: POST https://private-users-mcp.query.prod.telnyx.io:3000/mcp "HTTP/1.1 200 OK"
2026-06-10 16:36:50,741 INFO services.account_scanner Page 1074: fetched 100 users, 56 collectible, 42979 total candidates
2026-06-10 16:36:51,324 INFO httpx HTTP Request: POST https://private-users-mcp.query.prod.telnyx.io:3000/mcp "HTTP/1.1 200 OK"
2026-06-10 16:36:51,482 INFO services.account_scanner Page 1075: fetched 100 users, 27 collectible, 43006 total candidates
2026-06-10 16:36:52,074 INFO httpx HTTP Request: POST https://private-users-mcp.query.prod.telnyx.io:3000/mcp "HTTP/1.1 200 OK"
2026-06-10 16:36:52,233 INFO services.account_scanner Page 1076: fetched 100 users, 43 collectible, 43049 total candidates
2026-06-10 16:36:52,823 INFO httpx HTTP Request: POST https://private-users-mcp.query.prod.telnyx.io:3000/mcp "HTTP/1.1 200 OK"
2026-06-10 16:36:52,982 INFO services.account_scanner Page 1077: fetched 100 users, 49 collectible, 43098 total candidates
2026-06-10 16:36:53,584 INFO httpx HTTP Request: POST https://private-users-mcp.query.prod.telnyx.io:3000/mcp "HTTP/1.1 200 OK"
2026-06-10 16:36:53,741 INFO services.account_scanner Page 1078: fetched 100 users, 61 collectible, 43159 total candidates
2026-06-10 16:36:54,419 INFO httpx HTTP Request: POST https://private-users-mcp.query.prod.telnyx.io:3000/mcp "HTTP/1.1 200 OK"
2026-06-10 16:36:54,596 INFO services.account_scanner Page 1079: fetched 100 users, 52 collectible, 43211 total candidates
2026-06-10 16:36:55,243 INFO httpx HTTP Request: POST https://private-users-mcp.query.prod.telnyx.io:3000/mcp "HTTP/1.1 200 OK"
2026-06-10 16:36:55,406 INFO services.account_scanner Page 1080: fetched 100 users, 40 collectible, 43251 total candidates
2026-06-10 16:36:55,970 INFO httpx HTTP Request: POST https://private-users-mcp.query.prod.telnyx.io:3000/mcp "HTTP/1.1 200 OK"
2026-06-10 16:36:56,132 INFO services.account_scanner Page 1081: fetched 100 users, 36 collectible, 43287 total candidates
2026-06-10 16:36:56,744 INFO httpx HTTP Request: POST https://private-users-mcp.query.prod.telnyx.io:3000/mcp "HTTP/1.1 200 OK"
2026-06-10 16:36:56,905 INFO services.account_scanner Page 1082: fetched 100 users, 54 collectible, 43341 total candidates
2026-06-10 16:36:57,477 INFO httpx HTTP Request: POST https://private-users-mcp.query.prod.telnyx.io:3000/mcp "HTTP/1.1 200 OK"
2026-06-10 16:36:57,634 INFO services.account_scanner Page 1083: fetched 100 users, 36 collectible, 43377 total candidates
2026-06-10 16:36:58,257 INFO httpx HTTP Request: POST https://private-users-mcp.query.prod.telnyx.io:3000/mcp "HTTP/1.1 200 OK"
2026-06-10 16:36:58,417 INFO services.account_scanner Page 1084: fetched 100 users, 49 collectible, 43426 total candidates
2026-06-10 16:36:58,988 INFO httpx HTTP Request: POST https://private-users-mcp.query.prod.telnyx.io:3000/mcp "HTTP/1.1 200 OK"
2026-06-10 16:36:59,160 INFO services.account_scanner Page 1085: fetched 100 users, 34 collectible, 43460 total candidates
2026-06-10 16:36:59,754 INFO httpx HTTP Request: POST https://private-users-mcp.query.prod.telnyx.io:3000/mcp "HTTP/1.1 200 OK"
2026-06-10 16:36:59,911 INFO services.account_scanner Page 1086: fetched 100 users, 45 collectible, 43505 total candidates
2026-06-10 16:37:00,475 INFO httpx HTTP Request: POST https://private-users-mcp.query.prod.telnyx.io:3000/mcp "HTTP/1.1 200 OK"
2026-06-10 16:37:00,633 INFO services.account_scanner Page 1087: fetched 100 users, 30 collectible, 43535 total candidates
2026-06-10 16:37:01,227 INFO httpx HTTP Request: POST https://private-users-mcp.query.prod.telnyx.io:3000/mcp "HTTP/1.1 200 OK"
2026-06-10 16:37:01,388 INFO services.account_scanner Page 1088: fetched 100 users, 37 collectible, 43572 total candidates
2026-06-10 16:37:01,984 INFO httpx HTTP Request: POST https://private-users-mcp.query.prod.telnyx.io:3000/mcp "HTTP/1.1 200 OK"
2026-06-10 16:37:02,142 INFO services.account_scanner Page 1089: fetched 100 users, 39 collectible, 43611 total candidates
2026-06-10 16:37:02,767 INFO httpx HTTP Request: POST https://private-users-mcp.query.prod.telnyx.io:3000/mcp "HTTP/1.1 200 OK"
2026-06-10 16:37:02,926 INFO services.account_scanner Page 1090: fetched 100 users, 41 collectible, 43652 total candidates
2026-06-10 16:37:03,520 INFO httpx HTTP Request: POST https://private-users-mcp.query.prod.telnyx.io:3000/mcp "HTTP/1.1 200 OK"
2026-06-10 16:37:03,677 INFO services.account_scanner Page 1091: fetched 100 users, 30 collectible, 43682 total candidates
2026-06-10 16:37:04,246 INFO httpx HTTP Request: POST https://private-users-mcp.query.prod.telnyx.io:3000/mcp "HTTP/1.1 200 OK"
2026-06-10 16:37:04,403 INFO services.account_scanner Page 1092: fetched 100 users, 16 collectible, 43698 total candidates
2026-06-10 16:37:04,974 INFO httpx HTTP Request: POST https://private-users-mcp.query.prod.telnyx.io:3000/mcp "HTTP/1.1 200 OK"
2026-06-10 16:37:05,133 INFO services.account_scanner Page 1093: fetched 100 users, 30 collectible, 43728 total candidates
2026-06-10 16:37:05,710 INFO httpx HTTP Request: POST https://private-users-mcp.query.prod.telnyx.io:3000/mcp "HTTP/1.1 200 OK"
2026-06-10 16:37:05,868 INFO services.account_scanner Page 1094: fetched 100 users, 27 collectible, 43755 total candidates
2026-06-10 16:37:06,439 INFO httpx HTTP Request: POST https://private-users-mcp.query.prod.telnyx.io:3000/mcp "HTTP/1.1 200 OK"
2026-06-10 16:37:06,599 INFO services.account_scanner Page 1095: fetched 100 users, 38 collectible, 43793 total candidates
2026-06-10 16:37:07,185 INFO httpx HTTP Request: POST https://private-users-mcp.query.prod.telnyx.io:3000/mcp "HTTP/1.1 200 OK"
2026-06-10 16:37:07,347 INFO services.account_scanner Page 1096: fetched 100 users, 41 collectible, 43834 total candidates
2026-06-10 16:37:07,901 INFO httpx HTTP Request: POST https://private-users-mcp.query.prod.telnyx.io:3000/mcp "HTTP/1.1 200 OK"
2026-06-10 16:37:08,062 INFO services.account_scanner Page 1097: fetched 100 users, 31 collectible, 43865 total candidates
2026-06-10 16:37:08,750 INFO httpx HTTP Request: POST https://private-users-mcp.query.prod.telnyx.io:3000/mcp "HTTP/1.1 200 OK"
2026-06-10 16:37:08,926 INFO services.account_scanner Page 1098: fetched 100 users, 40 collectible, 43905 total candidates
2026-06-10 16:37:09,856 INFO httpx HTTP Request: POST https://private-users-mcp.query.prod.telnyx.io:3000/mcp "HTTP/1.1 200 OK"
2026-06-10 16:37:10,054 INFO services.account_scanner Page 1099: fetched 100 users, 61 collectible, 43966 total candidates
2026-06-10 16:37:10,643 INFO httpx HTTP Request: POST https://private-users-mcp.query.prod.telnyx.io:3000/mcp "HTTP/1.1 200 OK"
2026-06-10 16:37:10,811 INFO services.account_scanner Page 1100: fetched 100 users, 48 collectible, 44014 total candidates
2026-06-10 16:37:11,359 INFO httpx HTTP Request: POST https://private-users-mcp.query.prod.telnyx.io:3000/mcp "HTTP/1.1 200 OK"
2026-06-10 16:37:11,517 INFO services.account_scanner Page 1101: fetched 100 users, 31 collectible, 44045 total candidates
2026-06-10 16:37:12,109 INFO httpx HTTP Request: POST https://private-users-mcp.query.prod.telnyx.io:3000/mcp "HTTP/1.1 200 OK"
2026-06-10 16:37:12,266 INFO services.account_scanner Page 1102: fetched 100 users, 52 collectible, 44097 total candidates
2026-06-10 16:37:12,894 INFO httpx HTTP Request: POST https://private-users-mcp.query.prod.telnyx.io:3000/mcp "HTTP/1.1 200 OK"
2026-06-10 16:37:13,052 INFO services.account_scanner Page 1103: fetched 100 users, 68 collectible, 44165 total candidates
2026-06-10 16:37:13,620 INFO httpx HTTP Request: POST https://private-users-mcp.query.prod.telnyx.io:3000/mcp "HTTP/1.1 200 OK"
2026-06-10 16:37:13,768 INFO services.account_scanner Page 1104: fetched 100 users, 43 collectible, 44208 total candidates
2026-06-10 16:37:14,360 INFO httpx HTTP Request: POST https://private-users-mcp.query.prod.telnyx.io:3000/mcp "HTTP/1.1 200 OK"
2026-06-10 16:37:14,519 INFO services.account_scanner Page 1105: fetched 100 users, 43 collectible, 44251 total candidates
2026-06-10 16:37:15,140 INFO httpx HTTP Request: POST https://private-users-mcp.query.prod.telnyx.io:3000/mcp "HTTP/1.1 200 OK"
2026-06-10 16:37:15,298 INFO services.account_scanner Page 1106: fetched 100 users, 43 collectible, 44294 total candidates
2026-06-10 16:37:15,919 INFO httpx HTTP Request: POST https://private-users-mcp.query.prod.telnyx.io:3000/mcp "HTTP/1.1 200 OK"
2026-06-10 16:37:16,081 INFO services.account_scanner Page 1107: fetched 100 users, 39 collectible, 44333 total candidates
2026-06-10 16:37:16,651 INFO httpx HTTP Request: POST https://private-users-mcp.query.prod.telnyx.io:3000/mcp "HTTP/1.1 200 OK"
2026-06-10 16:37:16,809 INFO services.account_scanner Page 1108: fetched 100 users, 36 collectible, 44369 total candidates
2026-06-10 16:37:17,413 INFO httpx HTTP Request: POST https://private-users-mcp.query.prod.telnyx.io:3000/mcp "HTTP/1.1 200 OK"
2026-06-10 16:37:17,573 INFO services.account_scanner Page 1109: fetched 100 users, 39 collectible, 44408 total candidates
2026-06-10 16:37:18,186 INFO httpx HTTP Request: POST https://private-users-mcp.query.prod.telnyx.io:3000/mcp "HTTP/1.1 200 OK"
2026-06-10 16:37:18,346 INFO services.account_scanner Page 1110: fetched 100 users, 37 collectible, 44445 total candidates
2026-06-10 16:37:19,512 INFO httpx HTTP Request: POST https://private-users-mcp.query.prod.telnyx.io:3000/mcp "HTTP/1.1 200 OK"
2026-06-10 16:37:19,815 INFO services.account_scanner Page 1111: fetched 100 users, 56 collectible, 44501 total candidates
2026-06-10 16:37:20,424 INFO httpx HTTP Request: POST https://private-users-mcp.query.prod.telnyx.io:3000/mcp "HTTP/1.1 200 OK"
2026-06-10 16:37:20,589 INFO services.account_scanner Page 1112: fetched 100 users, 51 collectible, 44552 total candidates
2026-06-10 16:37:21,211 INFO httpx HTTP Request: POST https://private-users-mcp.query.prod.telnyx.io:3000/mcp "HTTP/1.1 200 OK"
2026-06-10 16:37:21,374 INFO services.account_scanner Page 1113: fetched 100 users, 45 collectible, 44597 total candidates
2026-06-10 16:37:22,007 INFO httpx HTTP Request: POST https://private-users-mcp.query.prod.telnyx.io:3000/mcp "HTTP/1.1 200 OK"
2026-06-10 16:37:22,164 INFO services.account_scanner Page 1114: fetched 100 users, 50 collectible, 44647 total candidates
2026-06-10 16:37:22,729 INFO httpx HTTP Request: POST https://private-users-mcp.query.prod.telnyx.io:3000/mcp "HTTP/1.1 200 OK"
2026-06-10 16:37:22,889 INFO services.account_scanner Page 1115: fetched 100 users, 51 collectible, 44698 total candidates
2026-06-10 16:37:23,494 INFO httpx HTTP Request: POST https://private-users-mcp.query.prod.telnyx.io:3000/mcp "HTTP/1.1 200 OK"
2026-06-10 16:37:23,654 INFO services.account_scanner Page 1116: fetched 100 users, 23 collectible, 44721 total candidates
2026-06-10 16:37:24,337 INFO httpx HTTP Request: POST https://private-users-mcp.query.prod.telnyx.io:3000/mcp "HTTP/1.1 200 OK"
2026-06-10 16:37:24,514 INFO services.account_scanner Page 1117: fetched 100 users, 57 collectible, 44778 total candidates
2026-06-10 16:37:25,116 INFO httpx HTTP Request: POST https://private-users-mcp.query.prod.telnyx.io:3000/mcp "HTTP/1.1 200 OK"
2026-06-10 16:37:25,278 INFO services.account_scanner Page 1118: fetched 100 users, 43 collectible, 44821 total candidates
2026-06-10 16:37:25,924 INFO httpx HTTP Request: POST https://private-users-mcp.query.prod.telnyx.io:3000/mcp "HTTP/1.1 200 OK"
2026-06-10 16:37:26,083 INFO services.account_scanner Page 1119: fetched 100 users, 32 collectible, 44853 total candidates
2026-06-10 16:37:26,744 INFO httpx HTTP Request: POST https://private-users-mcp.query.prod.telnyx.io:3000/mcp "HTTP/1.1 200 OK"
2026-06-10 16:37:26,903 INFO services.account_scanner Page 1120: fetched 100 users, 33 collectible, 44886 total candidates
2026-06-10 16:37:27,481 INFO httpx HTTP Request: POST https://private-users-mcp.query.prod.telnyx.io:3000/mcp "HTTP/1.1 200 OK"
2026-06-10 16:37:27,638 INFO services.account_scanner Page 1121: fetched 100 users, 43 collectible, 44929 total candidates
2026-06-10 16:37:28,244 INFO httpx HTTP Request: POST https://private-users-mcp.query.prod.telnyx.io:3000/mcp "HTTP/1.1 200 OK"
2026-06-10 16:37:28,404 INFO services.account_scanner Page 1122: fetched 100 users, 28 collectible, 44957 total candidates
2026-06-10 16:37:29,021 INFO httpx HTTP Request: POST https://private-users-mcp.query.prod.telnyx.io:3000/mcp "HTTP/1.1 200 OK"
2026-06-10 16:37:29,179 INFO services.account_scanner Page 1123: fetched 100 users, 51 collectible, 45008 total candidates
2026-06-10 16:37:29,711 INFO httpx HTTP Request: POST https://private-users-mcp.query.prod.telnyx.io:3000/mcp "HTTP/1.1 200 OK"
2026-06-10 16:37:29,874 INFO services.account_scanner Page 1124: fetched 100 users, 31 collectible, 45039 total candidates
2026-06-10 16:37:30,450 INFO httpx HTTP Request: POST https://private-users-mcp.query.prod.telnyx.io:3000/mcp "HTTP/1.1 200 OK"
2026-06-10 16:37:30,607 INFO services.account_scanner Page 1125: fetched 100 users, 32 collectible, 45071 total candidates
2026-06-10 16:37:31,161 INFO httpx HTTP Request: POST https://private-users-mcp.query.prod.telnyx.io:3000/mcp "HTTP/1.1 200 OK"
2026-06-10 16:37:31,317 INFO services.account_scanner Page 1126: fetched 100 users, 32 collectible, 45103 total candidates
2026-06-10 16:37:31,928 INFO httpx HTTP Request: POST https://private-users-mcp.query.prod.telnyx.io:3000/mcp "HTTP/1.1 200 OK"
2026-06-10 16:37:32,086 INFO services.account_scanner Page 1127: fetched 100 users, 42 collectible, 45145 total candidates
2026-06-10 16:37:32,765 INFO httpx HTTP Request: POST https://private-users-mcp.query.prod.telnyx.io:3000/mcp "HTTP/1.1 200 OK"
2026-06-10 16:37:32,922 INFO services.account_scanner Page 1128: fetched 100 users, 37 collectible, 45182 total candidates
2026-06-10 16:37:33,640 INFO httpx HTTP Request: POST https://private-users-mcp.query.prod.telnyx.io:3000/mcp "HTTP/1.1 200 OK"
2026-06-10 16:37:33,821 INFO services.account_scanner Page 1129: fetched 100 users, 42 collectible, 45224 total candidates
2026-06-10 16:37:34,400 INFO httpx HTTP Request: POST https://private-users-mcp.query.prod.telnyx.io:3000/mcp "HTTP/1.1 200 OK"
2026-06-10 16:37:34,566 INFO services.account_scanner Page 1130: fetched 100 users, 32 collectible, 45256 total candidates
2026-06-10 16:37:35,165 INFO httpx HTTP Request: POST https://private-users-mcp.query.prod.telnyx.io:3000/mcp "HTTP/1.1 200 OK"
2026-06-10 16:37:35,332 INFO services.account_scanner Page 1131: fetched 100 users, 45 collectible, 45301 total candidates
2026-06-10 16:37:35,927 INFO httpx HTTP Request: POST https://private-users-mcp.query.prod.telnyx.io:3000/mcp "HTTP/1.1 200 OK"
2026-06-10 16:37:36,084 INFO services.account_scanner Page 1132: fetched 100 users, 44 collectible, 45345 total candidates
2026-06-10 16:37:36,629 INFO httpx HTTP Request: POST https://private-users-mcp.query.prod.telnyx.io:3000/mcp "HTTP/1.1 200 OK"
2026-06-10 16:37:36,785 INFO services.account_scanner Page 1133: fetched 100 users, 37 collectible, 45382 total candidates
2026-06-10 16:37:37,403 INFO httpx HTTP Request: POST https://private-users-mcp.query.prod.telnyx.io:3000/mcp "HTTP/1.1 200 OK"
2026-06-10 16:37:37,562 INFO services.account_scanner Page 1134: fetched 100 users, 40 collectible, 45422 total candidates
2026-06-10 16:37:38,170 INFO httpx HTTP Request: POST https://private-users-mcp.query.prod.telnyx.io:3000/mcp "HTTP/1.1 200 OK"
2026-06-10 16:37:38,329 INFO services.account_scanner Page 1135: fetched 100 users, 43 collectible, 45465 total candidates
2026-06-10 16:37:38,946 INFO httpx HTTP Request: POST https://private-users-mcp.query.prod.telnyx.io:3000/mcp "HTTP/1.1 200 OK"
2026-06-10 16:37:39,106 INFO services.account_scanner Page 1136: fetched 100 users, 35 collectible, 45500 total candidates
2026-06-10 16:37:39,948 INFO httpx HTTP Request: POST https://private-users-mcp.query.prod.telnyx.io:3000/mcp "HTTP/1.1 200 OK"
2026-06-10 16:37:40,128 INFO services.account_scanner Page 1137: fetched 100 users, 53 collectible, 45553 total candidates
2026-06-10 16:37:40,825 INFO httpx HTTP Request: POST https://private-users-mcp.query.prod.telnyx.io:3000/mcp "HTTP/1.1 200 OK"
2026-06-10 16:37:41,006 INFO services.account_scanner Page 1138: fetched 100 users, 62 collectible, 45615 total candidates
2026-06-10 16:37:41,563 INFO httpx HTTP Request: POST https://private-users-mcp.query.prod.telnyx.io:3000/mcp "HTTP/1.1 200 OK"
2026-06-10 16:37:41,729 INFO services.account_scanner Page 1139: fetched 100 users, 43 collectible, 45658 total candidates
2026-06-10 16:37:42,318 INFO httpx HTTP Request: POST https://private-users-mcp.query.prod.telnyx.io:3000/mcp "HTTP/1.1 200 OK"
2026-06-10 16:37:42,476 INFO services.account_scanner Page 1140: fetched 100 users, 34 collectible, 45692 total candidates
2026-06-10 16:37:43,042 INFO httpx HTTP Request: POST https://private-users-mcp.query.prod.telnyx.io:3000/mcp "HTTP/1.1 200 OK"
2026-06-10 16:37:43,202 INFO services.account_scanner Page 1141: fetched 100 users, 29 collectible, 45721 total candidates
2026-06-10 16:37:43,769 INFO httpx HTTP Request: POST https://private-users-mcp.query.prod.telnyx.io:3000/mcp "HTTP/1.1 200 OK"
2026-06-10 16:37:43,925 INFO services.account_scanner Page 1142: fetched 100 users, 30 collectible, 45751 total candidates
2026-06-10 16:37:44,478 INFO httpx HTTP Request: POST https://private-users-mcp.query.prod.telnyx.io:3000/mcp "HTTP/1.1 200 OK"
2026-06-10 16:37:44,634 INFO services.account_scanner Page 1143: fetched 100 users, 38 collectible, 45789 total candidates
2026-06-10 16:37:45,323 INFO httpx HTTP Request: POST https://private-users-mcp.query.prod.telnyx.io:3000/mcp "HTTP/1.1 200 OK"
2026-06-10 16:37:45,502 INFO services.account_scanner Page 1144: fetched 100 users, 48 collectible, 45837 total candidates
2026-06-10 16:37:46,097 INFO httpx HTTP Request: POST https://private-users-mcp.query.prod.telnyx.io:3000/mcp "HTTP/1.1 200 OK"
2026-06-10 16:37:46,261 INFO services.account_scanner Page 1145: fetched 100 users, 36 collectible, 45873 total candidates
2026-06-10 16:37:46,849 INFO httpx HTTP Request: POST https://private-users-mcp.query.prod.telnyx.io:3000/mcp "HTTP/1.1 200 OK"
2026-06-10 16:37:47,007 INFO services.account_scanner Page 1146: fetched 100 users, 49 collectible, 45922 total candidates
2026-06-10 16:37:47,578 INFO httpx HTTP Request: POST https://private-users-mcp.query.prod.telnyx.io:3000/mcp "HTTP/1.1 200 OK"
2026-06-10 16:37:47,737 INFO services.account_scanner Page 1147: fetched 100 users, 37 collectible, 45959 total candidates
2026-06-10 16:37:48,340 INFO httpx HTTP Request: POST https://private-users-mcp.query.prod.telnyx.io:3000/mcp "HTTP/1.1 200 OK"
2026-06-10 16:37:48,499 INFO services.account_scanner Page 1148: fetched 100 users, 35 collectible, 45994 total candidates
2026-06-10 16:37:49,064 INFO httpx HTTP Request: POST https://private-users-mcp.query.prod.telnyx.io:3000/mcp "HTTP/1.1 200 OK"
2026-06-10 16:37:49,214 INFO services.account_scanner Page 1149: fetched 100 users, 29 collectible, 46023 total candidates
2026-06-10 16:37:49,776 INFO httpx HTTP Request: POST https://private-users-mcp.query.prod.telnyx.io:3000/mcp "HTTP/1.1 200 OK"
2026-06-10 16:37:49,930 INFO services.account_scanner Page 1150: fetched 100 users, 39 collectible, 46062 total candidates
2026-06-10 16:37:50,523 INFO httpx HTTP Request: POST https://private-users-mcp.query.prod.telnyx.io:3000/mcp "HTTP/1.1 200 OK"
2026-06-10 16:37:50,677 INFO services.account_scanner Page 1151: fetched 100 users, 46 collectible, 46108 total candidates
2026-06-10 16:37:51,347 INFO httpx HTTP Request: POST https://private-users-mcp.query.prod.telnyx.io:3000/mcp "HTTP/1.1 200 OK"
2026-06-10 16:37:51,506 INFO services.account_scanner Page 1152: fetched 100 users, 56 collectible, 46164 total candidates
2026-06-10 16:37:52,104 INFO httpx HTTP Request: POST https://private-users-mcp.query.prod.telnyx.io:3000/mcp "HTTP/1.1 200 OK"
2026-06-10 16:37:52,263 INFO services.account_scanner Page 1153: fetched 100 users, 62 collectible, 46226 total candidates
2026-06-10 16:37:52,909 INFO httpx HTTP Request: POST https://private-users-mcp.query.prod.telnyx.io:3000/mcp "HTTP/1.1 200 OK"
2026-06-10 16:37:53,066 INFO services.account_scanner Page 1154: fetched 100 users, 48 collectible, 46274 total candidates
2026-06-10 16:37:53,620 INFO httpx HTTP Request: POST https://private-users-mcp.query.prod.telnyx.io:3000/mcp "HTTP/1.1 200 OK"
2026-06-10 16:37:53,776 INFO services.account_scanner Page 1155: fetched 100 users, 13 collectible, 46287 total candidates
2026-06-10 16:37:54,344 INFO httpx HTTP Request: POST https://private-users-mcp.query.prod.telnyx.io:3000/mcp "HTTP/1.1 200 OK"
2026-06-10 16:37:54,495 INFO services.account_scanner Page 1156: fetched 100 users, 35 collectible, 46322 total candidates
2026-06-10 16:37:55,069 INFO httpx HTTP Request: POST https://private-users-mcp.query.prod.telnyx.io:3000/mcp "HTTP/1.1 200 OK"
2026-06-10 16:37:55,223 INFO services.account_scanner Page 1157: fetched 100 users, 13 collectible, 46335 total candidates
2026-06-10 16:37:55,798 INFO httpx HTTP Request: POST https://private-users-mcp.query.prod.telnyx.io:3000/mcp "HTTP/1.1 200 OK"
2026-06-10 16:37:55,955 INFO services.account_scanner Page 1158: fetched 100 users, 15 collectible, 46350 total candidates
2026-06-10 16:37:56,502 INFO httpx HTTP Request: POST https://private-users-mcp.query.prod.telnyx.io:3000/mcp "HTTP/1.1 200 OK"
2026-06-10 16:37:56,655 INFO services.account_scanner Page 1159: fetched 100 users, 16 collectible, 46366 total candidates
2026-06-10 16:37:57,228 INFO httpx HTTP Request: POST https://private-users-mcp.query.prod.telnyx.io:3000/mcp "HTTP/1.1 200 OK"
2026-06-10 16:37:57,386 INFO services.account_scanner Page 1160: fetched 100 users, 19 collectible, 46385 total candidates
2026-06-10 16:37:58,000 INFO httpx HTTP Request: POST https://private-users-mcp.query.prod.telnyx.io:3000/mcp "HTTP/1.1 200 OK"
2026-06-10 16:37:58,153 INFO services.account_scanner Page 1161: fetched 100 users, 25 collectible, 46410 total candidates
2026-06-10 16:37:58,735 INFO httpx HTTP Request: POST https://private-users-mcp.query.prod.telnyx.io:3000/mcp "HTTP/1.1 200 OK"
2026-06-10 16:37:58,895 INFO services.account_scanner Page 1162: fetched 100 users, 45 collectible, 46455 total candidates
2026-06-10 16:37:59,508 INFO httpx HTTP Request: POST https://private-users-mcp.query.prod.telnyx.io:3000/mcp "HTTP/1.1 200 OK"
2026-06-10 16:37:59,669 INFO services.account_scanner Page 1163: fetched 100 users, 43 collectible, 46498 total candidates
2026-06-10 16:38:00,269 INFO httpx HTTP Request: POST https://private-users-mcp.query.prod.telnyx.io:3000/mcp "HTTP/1.1 200 OK"
2026-06-10 16:38:00,429 INFO services.account_scanner Page 1164: fetched 100 users, 32 collectible, 46530 total candidates
2026-06-10 16:38:01,046 INFO httpx HTTP Request: POST https://private-users-mcp.query.prod.telnyx.io:3000/mcp "HTTP/1.1 200 OK"
2026-06-10 16:38:01,202 INFO services.account_scanner Page 1165: fetched 100 users, 37 collectible, 46567 total candidates
2026-06-10 16:38:01,882 INFO httpx HTTP Request: POST https://private-users-mcp.query.prod.telnyx.io:3000/mcp "HTTP/1.1 200 OK"
2026-06-10 16:38:02,062 INFO services.account_scanner Page 1166: fetched 100 users, 32 collectible, 46599 total candidates
2026-06-10 16:38:02,654 INFO httpx HTTP Request: POST https://private-users-mcp.query.prod.telnyx.io:3000/mcp "HTTP/1.1 200 OK"
2026-06-10 16:38:02,820 INFO services.account_scanner Page 1167: fetched 100 users, 37 collectible, 46636 total candidates
2026-06-10 16:38:03,395 INFO httpx HTTP Request: POST https://private-users-mcp.query.prod.telnyx.io:3000/mcp "HTTP/1.1 200 OK"
2026-06-10 16:38:03,552 INFO services.account_scanner Page 1168: fetched 100 users, 41 collectible, 46677 total candidates
2026-06-10 16:38:04,174 INFO httpx HTTP Request: POST https://private-users-mcp.query.prod.telnyx.io:3000/mcp "HTTP/1.1 200 OK"
2026-06-10 16:38:04,332 INFO services.account_scanner Page 1169: fetched 100 users, 45 collectible, 46722 total candidates
2026-06-10 16:38:04,905 INFO httpx HTTP Request: POST https://private-users-mcp.query.prod.telnyx.io:3000/mcp "HTTP/1.1 200 OK"
2026-06-10 16:38:05,064 INFO services.account_scanner Page 1170: fetched 100 users, 34 collectible, 46756 total candidates
2026-06-10 16:38:05,677 INFO httpx HTTP Request: POST https://private-users-mcp.query.prod.telnyx.io:3000/mcp "HTTP/1.1 200 OK"
2026-06-10 16:38:05,838 INFO services.account_scanner Page 1171: fetched 100 users, 37 collectible, 46793 total candidates
2026-06-10 16:38:06,454 INFO httpx HTTP Request: POST https://private-users-mcp.query.prod.telnyx.io:3000/mcp "HTTP/1.1 200 OK"
2026-06-10 16:38:06,613 INFO services.account_scanner Page 1172: fetched 100 users, 43 collectible, 46836 total candidates
2026-06-10 16:38:07,201 INFO httpx HTTP Request: POST https://private-users-mcp.query.prod.telnyx.io:3000/mcp "HTTP/1.1 200 OK"
2026-06-10 16:38:07,362 INFO services.account_scanner Page 1173: fetched 100 users, 38 collectible, 46874 total candidates
2026-06-10 16:38:07,946 INFO httpx HTTP Request: POST https://private-users-mcp.query.prod.telnyx.io:3000/mcp "HTTP/1.1 200 OK"
2026-06-10 16:38:08,104 INFO services.account_scanner Page 1174: fetched 100 users, 36 collectible, 46910 total candidates
2026-06-10 16:38:08,662 INFO httpx HTTP Request: POST https://private-users-mcp.query.prod.telnyx.io:3000/mcp "HTTP/1.1 200 OK"
2026-06-10 16:38:08,820 INFO services.account_scanner Page 1175: fetched 100 users, 40 collectible, 46950 total candidates
2026-06-10 16:38:09,506 INFO httpx HTTP Request: POST https://private-users-mcp.query.prod.telnyx.io:3000/mcp "HTTP/1.1 200 OK"
2026-06-10 16:38:09,683 INFO services.account_scanner Page 1176: fetched 100 users, 25 collectible, 46975 total candidates
2026-06-10 16:38:10,378 INFO httpx HTTP Request: POST https://private-users-mcp.query.prod.telnyx.io:3000/mcp "HTTP/1.1 200 OK"
2026-06-10 16:38:10,558 INFO services.account_scanner Page 1177: fetched 100 users, 43 collectible, 47018 total candidates
2026-06-10 16:38:11,150 INFO httpx HTTP Request: POST https://private-users-mcp.query.prod.telnyx.io:3000/mcp "HTTP/1.1 200 OK"
2026-06-10 16:38:11,315 INFO services.account_scanner Page 1178: fetched 100 users, 36 collectible, 47054 total candidates
2026-06-10 16:38:11,914 INFO httpx HTTP Request: POST https://private-users-mcp.query.prod.telnyx.io:3000/mcp "HTTP/1.1 200 OK"
2026-06-10 16:38:12,078 INFO services.account_scanner Page 1179: fetched 100 users, 42 collectible, 47096 total candidates
2026-06-10 16:38:12,654 INFO httpx HTTP Request: POST https://private-users-mcp.query.prod.telnyx.io:3000/mcp "HTTP/1.1 200 OK"
2026-06-10 16:38:12,811 INFO services.account_scanner Page 1180: fetched 100 users, 31 collectible, 47127 total candidates
2026-06-10 16:38:13,402 INFO httpx HTTP Request: POST https://private-users-mcp.query.prod.telnyx.io:3000/mcp "HTTP/1.1 200 OK"
2026-06-10 16:38:13,556 INFO services.account_scanner Page 1181: fetched 100 users, 26 collectible, 47153 total candidates
2026-06-10 16:38:14,137 INFO httpx HTTP Request: POST https://private-users-mcp.query.prod.telnyx.io:3000/mcp "HTTP/1.1 200 OK"
2026-06-10 16:38:14,294 INFO services.account_scanner Page 1182: fetched 100 users, 28 collectible, 47181 total candidates
2026-06-10 16:38:14,898 INFO httpx HTTP Request: POST https://private-users-mcp.query.prod.telnyx.io:3000/mcp "HTTP/1.1 200 OK"
2026-06-10 16:38:15,056 INFO services.account_scanner Page 1183: fetched 100 users, 23 collectible, 47204 total candidates
2026-06-10 16:38:15,631 INFO httpx HTTP Request: POST https://private-users-mcp.query.prod.telnyx.io:3000/mcp "HTTP/1.1 200 OK"
2026-06-10 16:38:15,790 INFO services.account_scanner Page 1184: fetched 100 users, 32 collectible, 47236 total candidates
2026-06-10 16:38:16,400 INFO httpx HTTP Request: POST https://private-users-mcp.query.prod.telnyx.io:3000/mcp "HTTP/1.1 200 OK"
2026-06-10 16:38:16,557 INFO services.account_scanner Page 1185: fetched 100 users, 53 collectible, 47289 total candidates
2026-06-10 16:38:17,137 INFO httpx HTTP Request: POST https://private-users-mcp.query.prod.telnyx.io:3000/mcp "HTTP/1.1 200 OK"
2026-06-10 16:38:17,294 INFO services.account_scanner Page 1186: fetched 100 users, 48 collectible, 47337 total candidates
2026-06-10 16:38:17,897 INFO httpx HTTP Request: POST https://private-users-mcp.query.prod.telnyx.io:3000/mcp "HTTP/1.1 200 OK"
2026-06-10 16:38:18,051 INFO services.account_scanner Page 1187: fetched 100 users, 39 collectible, 47376 total candidates
2026-06-10 16:38:18,666 INFO httpx HTTP Request: POST https://private-users-mcp.query.prod.telnyx.io:3000/mcp "HTTP/1.1 200 OK"
2026-06-10 16:38:18,828 INFO services.account_scanner Page 1188: fetched 100 users, 39 collectible, 47415 total candidates
2026-06-10 16:38:19,429 INFO httpx HTTP Request: POST https://private-users-mcp.query.prod.telnyx.io:3000/mcp "HTTP/1.1 200 OK"
2026-06-10 16:38:19,587 INFO services.account_scanner Page 1189: fetched 100 users, 39 collectible, 47454 total candidates
2026-06-10 16:38:20,224 INFO httpx HTTP Request: POST https://private-users-mcp.query.prod.telnyx.io:3000/mcp "HTTP/1.1 200 OK"
2026-06-10 16:38:20,380 INFO services.account_scanner Page 1190: fetched 100 users, 37 collectible, 47491 total candidates
2026-06-10 16:38:20,982 INFO httpx HTTP Request: POST https://private-users-mcp.query.prod.telnyx.io:3000/mcp "HTTP/1.1 200 OK"
2026-06-10 16:38:21,143 INFO services.account_scanner Page 1191: fetched 100 users, 31 collectible, 47522 total candidates
2026-06-10 16:38:21,752 INFO httpx HTTP Request: POST https://private-users-mcp.query.prod.telnyx.io:3000/mcp "HTTP/1.1 200 OK"
2026-06-10 16:38:21,910 INFO services.account_scanner Page 1192: fetched 100 users, 40 collectible, 47562 total candidates
2026-06-10 16:38:22,502 INFO httpx HTTP Request: POST https://private-users-mcp.query.prod.telnyx.io:3000/mcp "HTTP/1.1 200 OK"
2026-06-10 16:38:22,661 INFO services.account_scanner Page 1193: fetched 100 users, 40 collectible, 47602 total candidates
2026-06-10 16:38:23,267 INFO httpx HTTP Request: POST https://private-users-mcp.query.prod.telnyx.io:3000/mcp "HTTP/1.1 200 OK"
2026-06-10 16:38:23,425 INFO services.account_scanner Page 1194: fetched 100 users, 28 collectible, 47630 total candidates
2026-06-10 16:38:24,051 INFO httpx HTTP Request: POST https://private-users-mcp.query.prod.telnyx.io:3000/mcp "HTTP/1.1 200 OK"
2026-06-10 16:38:24,207 INFO services.account_scanner Page 1195: fetched 100 users, 35 collectible, 47665 total candidates
2026-06-10 16:38:24,834 INFO httpx HTTP Request: POST https://private-users-mcp.query.prod.telnyx.io:3000/mcp "HTTP/1.1 200 OK"
2026-06-10 16:38:24,989 INFO services.account_scanner Page 1196: fetched 100 users, 37 collectible, 47702 total candidates
2026-06-10 16:38:25,625 INFO httpx HTTP Request: POST https://private-users-mcp.query.prod.telnyx.io:3000/mcp "HTTP/1.1 200 OK"
2026-06-10 16:38:25,786 INFO services.account_scanner Page 1197: fetched 100 users, 54 collectible, 47756 total candidates
2026-06-10 16:38:26,432 INFO httpx HTTP Request: POST https://private-users-mcp.query.prod.telnyx.io:3000/mcp "HTTP/1.1 200 OK"
2026-06-10 16:38:26,589 INFO services.account_scanner Page 1198: fetched 100 users, 39 collectible, 47795 total candidates
2026-06-10 16:38:27,207 INFO httpx HTTP Request: POST https://private-users-mcp.query.prod.telnyx.io:3000/mcp "HTTP/1.1 200 OK"
2026-06-10 16:38:27,366 INFO services.account_scanner Page 1199: fetched 100 users, 29 collectible, 47824 total candidates
2026-06-10 16:38:27,957 INFO httpx HTTP Request: POST https://private-users-mcp.query.prod.telnyx.io:3000/mcp "HTTP/1.1 200 OK"
2026-06-10 16:38:28,108 INFO services.account_scanner Page 1200: fetched 100 users, 30 collectible, 47854 total candidates
2026-06-10 16:38:28,701 INFO httpx HTTP Request: POST https://private-users-mcp.query.prod.telnyx.io:3000/mcp "HTTP/1.1 200 OK"
2026-06-10 16:38:28,858 INFO services.account_scanner Page 1201: fetched 100 users, 22 collectible, 47876 total candidates
2026-06-10 16:38:29,441 INFO httpx HTTP Request: POST https://private-users-mcp.query.prod.telnyx.io:3000/mcp "HTTP/1.1 200 OK"
2026-06-10 16:38:29,597 INFO services.account_scanner Page 1202: fetched 100 users, 33 collectible, 47909 total candidates
2026-06-10 16:38:30,189 INFO httpx HTTP Request: POST https://private-users-mcp.query.prod.telnyx.io:3000/mcp "HTTP/1.1 200 OK"
2026-06-10 16:38:30,349 INFO services.account_scanner Page 1203: fetched 100 users, 27 collectible, 47936 total candidates
2026-06-10 16:38:31,032 INFO httpx HTTP Request: POST https://private-users-mcp.query.prod.telnyx.io:3000/mcp "HTTP/1.1 200 OK"
2026-06-10 16:38:31,210 INFO services.account_scanner Page 1204: fetched 100 users, 37 collectible, 47973 total candidates
2026-06-10 16:38:31,937 INFO httpx HTTP Request: POST https://private-users-mcp.query.prod.telnyx.io:3000/mcp "HTTP/1.1 200 OK"
2026-06-10 16:38:32,117 INFO services.account_scanner Page 1205: fetched 100 users, 37 collectible, 48010 total candidates
2026-06-10 16:38:32,726 INFO httpx HTTP Request: POST https://private-users-mcp.query.prod.telnyx.io:3000/mcp "HTTP/1.1 200 OK"
2026-06-10 16:38:32,891 INFO services.account_scanner Page 1206: fetched 100 users, 36 collectible, 48046 total candidates
2026-06-10 16:38:33,609 INFO httpx HTTP Request: POST https://private-users-mcp.query.prod.telnyx.io:3000/mcp "HTTP/1.1 200 OK"
2026-06-10 16:38:33,790 INFO services.account_scanner Page 1207: fetched 100 users, 25 collectible, 48071 total candidates
2026-06-10 16:38:34,527 INFO httpx HTTP Request: POST https://private-users-mcp.query.prod.telnyx.io:3000/mcp "HTTP/1.1 200 OK"
2026-06-10 16:38:34,706 INFO services.account_scanner Page 1208: fetched 100 users, 25 collectible, 48096 total candidates
2026-06-10 16:38:35,344 INFO httpx HTTP Request: POST https://private-users-mcp.query.prod.telnyx.io:3000/mcp "HTTP/1.1 200 OK"
2026-06-10 16:38:35,501 INFO services.account_scanner Page 1209: fetched 100 users, 47 collectible, 48143 total candidates
2026-06-10 16:38:36,146 INFO httpx HTTP Request: POST https://private-users-mcp.query.prod.telnyx.io:3000/mcp "HTTP/1.1 200 OK"
2026-06-10 16:38:36,306 INFO services.account_scanner Page 1210: fetched 100 users, 45 collectible, 48188 total candidates
2026-06-10 16:38:36,967 INFO httpx HTTP Request: POST https://private-users-mcp.query.prod.telnyx.io:3000/mcp "HTTP/1.1 200 OK"
2026-06-10 16:38:37,128 INFO services.account_scanner Page 1211: fetched 100 users, 34 collectible, 48222 total candidates
2026-06-10 16:38:37,808 INFO httpx HTTP Request: POST https://private-users-mcp.query.prod.telnyx.io:3000/mcp "HTTP/1.1 200 OK"
2026-06-10 16:38:37,980 INFO services.account_scanner Page 1212: fetched 100 users, 35 collectible, 48257 total candidates
2026-06-10 16:38:38,638 INFO httpx HTTP Request: POST https://private-users-mcp.query.prod.telnyx.io:3000/mcp "HTTP/1.1 200 OK"
2026-06-10 16:38:38,798 INFO services.account_scanner Page 1213: fetched 100 users, 51 collectible, 48308 total candidates
2026-06-10 16:38:39,398 INFO httpx HTTP Request: POST https://private-users-mcp.query.prod.telnyx.io:3000/mcp "HTTP/1.1 200 OK"
2026-06-10 16:38:39,556 INFO services.account_scanner Page 1214: fetched 100 users, 48 collectible, 48356 total candidates
2026-06-10 16:38:40,443 INFO httpx HTTP Request: POST https://private-users-mcp.query.prod.telnyx.io:3000/mcp "HTTP/1.1 200 OK"
2026-06-10 16:38:40,621 INFO services.account_scanner Page 1215: fetched 100 users, 35 collectible, 48391 total candidates
2026-06-10 16:38:41,262 INFO httpx HTTP Request: POST https://private-users-mcp.query.prod.telnyx.io:3000/mcp "HTTP/1.1 200 OK"
2026-06-10 16:38:41,425 INFO services.account_scanner Page 1216: fetched 100 users, 45 collectible, 48436 total candidates
2026-06-10 16:38:42,047 INFO httpx HTTP Request: POST https://private-users-mcp.query.prod.telnyx.io:3000/mcp "HTTP/1.1 200 OK"
2026-06-10 16:38:42,205 INFO services.account_scanner Page 1217: fetched 100 users, 41 collectible, 48477 total candidates
2026-06-10 16:38:42,858 INFO httpx HTTP Request: POST https://private-users-mcp.query.prod.telnyx.io:3000/mcp "HTTP/1.1 200 OK"
2026-06-10 16:38:43,020 INFO services.account_scanner Page 1218: fetched 100 users, 34 collectible, 48511 total candidates
2026-06-10 16:38:43,692 INFO httpx HTTP Request: POST https://private-users-mcp.query.prod.telnyx.io:3000/mcp "HTTP/1.1 200 OK"
2026-06-10 16:38:43,871 INFO services.account_scanner Page 1219: fetched 100 users, 44 collectible, 48555 total candidates
2026-06-10 16:38:44,465 INFO httpx HTTP Request: POST https://private-users-mcp.query.prod.telnyx.io:3000/mcp "HTTP/1.1 200 OK"
2026-06-10 16:38:44,629 INFO services.account_scanner Page 1220: fetched 100 users, 33 collectible, 48588 total candidates
2026-06-10 16:38:45,237 INFO httpx HTTP Request: POST https://private-users-mcp.query.prod.telnyx.io:3000/mcp "HTTP/1.1 200 OK"
2026-06-10 16:38:45,393 INFO services.account_scanner Page 1221: fetched 100 users, 49 collectible, 48637 total candidates
2026-06-10 16:38:46,063 INFO httpx HTTP Request: POST https://private-users-mcp.query.prod.telnyx.io:3000/mcp "HTTP/1.1 200 OK"
2026-06-10 16:38:46,223 INFO services.account_scanner Page 1222: fetched 100 users, 28 collectible, 48665 total candidates
2026-06-10 16:38:46,927 INFO httpx HTTP Request: POST https://private-users-mcp.query.prod.telnyx.io:3000/mcp "HTTP/1.1 200 OK"
2026-06-10 16:38:47,105 INFO services.account_scanner Page 1223: fetched 100 users, 19 collectible, 48684 total candidates
2026-06-10 16:38:47,682 INFO httpx HTTP Request: POST https://private-users-mcp.query.prod.telnyx.io:3000/mcp "HTTP/1.1 200 OK"
2026-06-10 16:38:47,840 INFO services.account_scanner Page 1224: fetched 100 users, 35 collectible, 48719 total candidates
2026-06-10 16:38:48,483 INFO httpx HTTP Request: POST https://private-users-mcp.query.prod.telnyx.io:3000/mcp "HTTP/1.1 200 OK"
2026-06-10 16:38:48,644 INFO services.account_scanner Page 1225: fetched 100 users, 29 collectible, 48748 total candidates
2026-06-10 16:38:49,246 INFO httpx HTTP Request: POST https://private-users-mcp.query.prod.telnyx.io:3000/mcp "HTTP/1.1 200 OK"
2026-06-10 16:38:49,404 INFO services.account_scanner Page 1226: fetched 100 users, 41 collectible, 48789 total candidates
2026-06-10 16:38:50,217 INFO httpx HTTP Request: POST https://private-users-mcp.query.prod.telnyx.io:3000/mcp "HTTP/1.1 200 OK"
2026-06-10 16:38:50,394 INFO services.account_scanner Page 1227: fetched 100 users, 46 collectible, 48835 total candidates
2026-06-10 16:38:51,185 INFO httpx HTTP Request: POST https://private-users-mcp.query.prod.telnyx.io:3000/mcp "HTTP/1.1 200 OK"
2026-06-10 16:38:51,365 INFO services.account_scanner Page 1228: fetched 100 users, 43 collectible, 48878 total candidates
2026-06-10 16:38:52,040 INFO httpx HTTP Request: POST https://private-users-mcp.query.prod.telnyx.io:3000/mcp "HTTP/1.1 200 OK"
2026-06-10 16:38:52,323 INFO services.account_scanner Page 1229: fetched 100 users, 46 collectible, 48924 total candidates
2026-06-10 16:38:53,057 INFO httpx HTTP Request: POST https://private-users-mcp.query.prod.telnyx.io:3000/mcp "HTTP/1.1 200 OK"
2026-06-10 16:38:53,334 INFO services.account_scanner Page 1230: fetched 100 users, 57 collectible, 48981 total candidates
2026-06-10 16:38:54,127 INFO httpx HTTP Request: POST https://private-users-mcp.query.prod.telnyx.io:3000/mcp "HTTP/1.1 200 OK"
2026-06-10 16:38:54,307 INFO services.account_scanner Page 1231: fetched 100 users, 44 collectible, 49025 total candidates
2026-06-10 16:38:55,053 INFO httpx HTTP Request: POST https://private-users-mcp.query.prod.telnyx.io:3000/mcp "HTTP/1.1 200 OK"
2026-06-10 16:38:55,341 INFO services.account_scanner Page 1232: fetched 100 users, 46 collectible, 49071 total candidates
2026-06-10 16:38:56,006 INFO httpx HTTP Request: POST https://private-users-mcp.query.prod.telnyx.io:3000/mcp "HTTP/1.1 200 OK"
2026-06-10 16:38:56,170 INFO services.account_scanner Page 1233: fetched 100 users, 43 collectible, 49114 total candidates
2026-06-10 16:38:56,913 INFO httpx HTTP Request: POST https://private-users-mcp.query.prod.telnyx.io:3000/mcp "HTTP/1.1 200 OK"
2026-06-10 16:38:57,090 INFO services.account_scanner Page 1234: fetched 100 users, 35 collectible, 49149 total candidates
2026-06-10 16:38:57,709 INFO httpx HTTP Request: POST https://private-users-mcp.query.prod.telnyx.io:3000/mcp "HTTP/1.1 200 OK"
2026-06-10 16:38:57,869 INFO services.account_scanner Page 1235: fetched 100 users, 41 collectible, 49190 total candidates
2026-06-10 16:38:58,535 INFO httpx HTTP Request: POST https://private-users-mcp.query.prod.telnyx.io:3000/mcp "HTTP/1.1 200 OK"
2026-06-10 16:38:58,695 INFO services.account_scanner Page 1236: fetched 100 users, 36 collectible, 49226 total candidates
2026-06-10 16:38:59,337 INFO httpx HTTP Request: POST https://private-users-mcp.query.prod.telnyx.io:3000/mcp "HTTP/1.1 200 OK"
2026-06-10 16:38:59,496 INFO services.account_scanner Page 1237: fetched 100 users, 33 collectible, 49259 total candidates
2026-06-10 16:39:00,078 INFO httpx HTTP Request: POST https://private-users-mcp.query.prod.telnyx.io:3000/mcp "HTTP/1.1 200 OK"
2026-06-10 16:39:00,239 INFO services.account_scanner Page 1238: fetched 100 users, 37 collectible, 49296 total candidates
2026-06-10 16:39:01,149 INFO httpx HTTP Request: POST https://private-users-mcp.query.prod.telnyx.io:3000/mcp "HTTP/1.1 200 OK"
2026-06-10 16:39:01,326 INFO services.account_scanner Page 1239: fetched 100 users, 30 collectible, 49326 total candidates
2026-06-10 16:39:01,909 INFO httpx HTTP Request: POST https://private-users-mcp.query.prod.telnyx.io:3000/mcp "HTTP/1.1 200 OK"
2026-06-10 16:39:02,072 INFO services.account_scanner Page 1240: fetched 100 users, 21 collectible, 49347 total candidates
2026-06-10 16:39:02,680 INFO httpx HTTP Request: POST https://private-users-mcp.query.prod.telnyx.io:3000/mcp "HTTP/1.1 200 OK"
2026-06-10 16:39:02,837 INFO services.account_scanner Page 1241: fetched 100 users, 29 collectible, 49376 total candidates
2026-06-10 16:39:03,484 INFO httpx HTTP Request: POST https://private-users-mcp.query.prod.telnyx.io:3000/mcp "HTTP/1.1 200 OK"
2026-06-10 16:39:03,637 INFO services.account_scanner Page 1242: fetched 100 users, 37 collectible, 49413 total candidates
2026-06-10 16:39:04,309 INFO httpx HTTP Request: POST https://private-users-mcp.query.prod.telnyx.io:3000/mcp "HTTP/1.1 200 OK"
2026-06-10 16:39:04,469 INFO services.account_scanner Page 1243: fetched 100 users, 33 collectible, 49446 total candidates
2026-06-10 16:39:05,098 INFO httpx HTTP Request: POST https://private-users-mcp.query.prod.telnyx.io:3000/mcp "HTTP/1.1 200 OK"
2026-06-10 16:39:05,253 INFO services.account_scanner Page 1244: fetched 100 users, 34 collectible, 49480 total candidates
2026-06-10 16:39:05,819 INFO httpx HTTP Request: POST https://private-users-mcp.query.prod.telnyx.io:3000/mcp "HTTP/1.1 200 OK"
2026-06-10 16:39:05,976 INFO services.account_scanner Page 1245: fetched 100 users, 28 collectible, 49508 total candidates
2026-06-10 16:39:06,557 INFO httpx HTTP Request: POST https://private-users-mcp.query.prod.telnyx.io:3000/mcp "HTTP/1.1 200 OK"
2026-06-10 16:39:06,712 INFO services.account_scanner Page 1246: fetched 100 users, 12 collectible, 49520 total candidates
2026-06-10 16:39:07,370 INFO httpx HTTP Request: POST https://private-users-mcp.query.prod.telnyx.io:3000/mcp "HTTP/1.1 200 OK"
2026-06-10 16:39:07,527 INFO services.account_scanner Page 1247: fetched 100 users, 42 collectible, 49562 total candidates
2026-06-10 16:39:08,117 INFO httpx HTTP Request: POST https://private-users-mcp.query.prod.telnyx.io:3000/mcp "HTTP/1.1 200 OK"
2026-06-10 16:39:08,276 INFO services.account_scanner Page 1248: fetched 100 users, 34 collectible, 49596 total candidates
2026-06-10 16:39:08,865 INFO httpx HTTP Request: POST https://private-users-mcp.query.prod.telnyx.io:3000/mcp "HTTP/1.1 200 OK"
2026-06-10 16:39:09,024 INFO services.account_scanner Page 1249: fetched 100 users, 31 collectible, 49627 total candidates
2026-06-10 16:39:09,677 INFO httpx HTTP Request: POST https://private-users-mcp.query.prod.telnyx.io:3000/mcp "HTTP/1.1 200 OK"
2026-06-10 16:39:09,834 INFO services.account_scanner Page 1250: fetched 100 users, 38 collectible, 49665 total candidates
2026-06-10 16:39:10,499 INFO httpx HTTP Request: POST https://private-users-mcp.query.prod.telnyx.io:3000/mcp "HTTP/1.1 200 OK"
2026-06-10 16:39:10,657 INFO services.account_scanner Page 1251: fetched 100 users, 43 collectible, 49708 total candidates
2026-06-10 16:39:11,258 INFO httpx HTTP Request: POST https://private-users-mcp.query.prod.telnyx.io:3000/mcp "HTTP/1.1 200 OK"
2026-06-10 16:39:11,416 INFO services.account_scanner Page 1252: fetched 100 users, 32 collectible, 49740 total candidates
2026-06-10 16:39:12,075 INFO httpx HTTP Request: POST https://private-users-mcp.query.prod.telnyx.io:3000/mcp "HTTP/1.1 200 OK"
2026-06-10 16:39:12,236 INFO services.account_scanner Page 1253: fetched 100 users, 43 collectible, 49783 total candidates
2026-06-10 16:39:12,875 INFO httpx HTTP Request: POST https://private-users-mcp.query.prod.telnyx.io:3000/mcp "HTTP/1.1 200 OK"
2026-06-10 16:39:13,026 INFO services.account_scanner Page 1254: fetched 100 users, 43 collectible, 49826 total candidates
2026-06-10 16:39:13,624 INFO httpx HTTP Request: POST https://private-users-mcp.query.prod.telnyx.io:3000/mcp "HTTP/1.1 200 OK"
2026-06-10 16:39:13,775 INFO services.account_scanner Page 1255: fetched 100 users, 30 collectible, 49856 total candidates
2026-06-10 16:39:14,380 INFO httpx HTTP Request: POST https://private-users-mcp.query.prod.telnyx.io:3000/mcp "HTTP/1.1 200 OK"
2026-06-10 16:39:14,540 INFO services.account_scanner Page 1256: fetched 100 users, 25 collectible, 49881 total candidates
2026-06-10 16:39:15,135 INFO httpx HTTP Request: POST https://private-users-mcp.query.prod.telnyx.io:3000/mcp "HTTP/1.1 200 OK"
2026-06-10 16:39:15,286 INFO services.account_scanner Page 1257: fetched 100 users, 19 collectible, 49900 total candidates
2026-06-10 16:39:15,879 INFO httpx HTTP Request: POST https://private-users-mcp.query.prod.telnyx.io:3000/mcp "HTTP/1.1 200 OK"
2026-06-10 16:39:16,036 INFO services.account_scanner Page 1258: fetched 100 users, 36 collectible, 49936 total candidates
2026-06-10 16:39:16,797 INFO httpx HTTP Request: POST https://private-users-mcp.query.prod.telnyx.io:3000/mcp "HTTP/1.1 200 OK"
2026-06-10 16:39:16,969 INFO services.account_scanner Page 1259: fetched 100 users, 35 collectible, 49971 total candidates
2026-06-10 16:39:17,684 INFO httpx HTTP Request: POST https://private-users-mcp.query.prod.telnyx.io:3000/mcp "HTTP/1.1 200 OK"
2026-06-10 16:39:17,863 INFO services.account_scanner Page 1260: fetched 100 users, 41 collectible, 50012 total candidates
2026-06-10 16:39:18,777 INFO httpx HTTP Request: POST https://private-users-mcp.query.prod.telnyx.io:3000/mcp "HTTP/1.1 200 OK"
2026-06-10 16:39:18,957 INFO services.account_scanner Page 1261: fetched 100 users, 69 collectible, 50081 total candidates
2026-06-10 16:39:19,756 INFO httpx HTTP Request: POST https://private-users-mcp.query.prod.telnyx.io:3000/mcp "HTTP/1.1 200 OK"
2026-06-10 16:39:20,040 INFO services.account_scanner Page 1262: fetched 100 users, 71 collectible, 50152 total candidates
2026-06-10 16:39:20,723 INFO httpx HTTP Request: POST https://private-users-mcp.query.prod.telnyx.io:3000/mcp "HTTP/1.1 200 OK"
2026-06-10 16:39:20,886 INFO services.account_scanner Page 1263: fetched 100 users, 76 collectible, 50228 total candidates
2026-06-10 16:39:21,676 INFO httpx HTTP Request: POST https://private-users-mcp.query.prod.telnyx.io:3000/mcp "HTTP/1.1 200 OK"
2026-06-10 16:39:21,859 INFO services.account_scanner Page 1264: fetched 100 users, 73 collectible, 50301 total candidates
2026-06-10 16:39:22,607 INFO httpx HTTP Request: POST https://private-users-mcp.query.prod.telnyx.io:3000/mcp "HTTP/1.1 200 OK"
2026-06-10 16:39:22,887 INFO services.account_scanner Page 1265: fetched 100 users, 84 collectible, 50385 total candidates
2026-06-10 16:39:23,638 INFO httpx HTTP Request: POST https://private-users-mcp.query.prod.telnyx.io:3000/mcp "HTTP/1.1 200 OK"
2026-06-10 16:39:23,818 INFO services.account_scanner Page 1266: fetched 100 users, 62 collectible, 50447 total candidates
2026-06-10 16:39:24,462 INFO httpx HTTP Request: POST https://private-users-mcp.query.prod.telnyx.io:3000/mcp "HTTP/1.1 200 OK"
2026-06-10 16:39:24,626 INFO services.account_scanner Page 1267: fetched 100 users, 47 collectible, 50494 total candidates
2026-06-10 16:39:25,218 INFO httpx HTTP Request: POST https://private-users-mcp.query.prod.telnyx.io:3000/mcp "HTTP/1.1 200 OK"
2026-06-10 16:39:25,379 INFO services.account_scanner Page 1268: fetched 100 users, 22 collectible, 50516 total candidates
2026-06-10 16:39:26,066 INFO httpx HTTP Request: POST https://private-users-mcp.query.prod.telnyx.io:3000/mcp "HTTP/1.1 200 OK"
2026-06-10 16:39:26,246 INFO services.account_scanner Page 1269: fetched 100 users, 38 collectible, 50554 total candidates
2026-06-10 16:39:26,896 INFO httpx HTTP Request: POST https://private-users-mcp.query.prod.telnyx.io:3000/mcp "HTTP/1.1 200 OK"
2026-06-10 16:39:27,060 INFO services.account_scanner Page 1270: fetched 100 users, 23 collectible, 50577 total candidates
2026-06-10 16:39:27,683 INFO httpx HTTP Request: POST https://private-users-mcp.query.prod.telnyx.io:3000/mcp "HTTP/1.1 200 OK"
2026-06-10 16:39:27,847 INFO services.account_scanner Page 1271: fetched 100 users, 33 collectible, 50610 total candidates
2026-06-10 16:39:28,709 INFO httpx HTTP Request: POST https://private-users-mcp.query.prod.telnyx.io:3000/mcp "HTTP/1.1 200 OK"
2026-06-10 16:39:28,891 INFO services.account_scanner Page 1272: fetched 100 users, 69 collectible, 50679 total candidates
2026-06-10 16:39:29,628 INFO httpx HTTP Request: POST https://private-users-mcp.query.prod.telnyx.io:3000/mcp "HTTP/1.1 200 OK"
2026-06-10 16:39:29,814 INFO services.account_scanner Page 1273: fetched 100 users, 55 collectible, 50734 total candidates
2026-06-10 16:39:30,435 INFO httpx HTTP Request: POST https://private-users-mcp.query.prod.telnyx.io:3000/mcp "HTTP/1.1 200 OK"
2026-06-10 16:39:30,600 INFO services.account_scanner Page 1274: fetched 100 users, 34 collectible, 50768 total candidates
2026-06-10 16:39:31,287 INFO httpx HTTP Request: POST https://private-users-mcp.query.prod.telnyx.io:3000/mcp "HTTP/1.1 200 OK"
2026-06-10 16:39:31,467 INFO services.account_scanner Page 1275: fetched 100 users, 35 collectible, 50803 total candidates
2026-06-10 16:39:32,137 INFO httpx HTTP Request: POST https://private-users-mcp.query.prod.telnyx.io:3000/mcp "HTTP/1.1 200 OK"
2026-06-10 16:39:32,303 INFO services.account_scanner Page 1276: fetched 100 users, 44 collectible, 50847 total candidates
2026-06-10 16:39:32,976 INFO httpx HTTP Request: POST https://private-users-mcp.query.prod.telnyx.io:3000/mcp "HTTP/1.1 200 OK"
2026-06-10 16:39:33,155 INFO services.account_scanner Page 1277: fetched 100 users, 36 collectible, 50883 total candidates
2026-06-10 16:39:33,975 INFO httpx HTTP Request: POST https://private-users-mcp.query.prod.telnyx.io:3000/mcp "HTTP/1.1 200 OK"
2026-06-10 16:39:34,155 INFO services.account_scanner Page 1278: fetched 100 users, 32 collectible, 50915 total candidates
2026-06-10 16:39:34,903 INFO httpx HTTP Request: POST https://private-users-mcp.query.prod.telnyx.io:3000/mcp "HTTP/1.1 200 OK"
2026-06-10 16:39:35,082 INFO services.account_scanner Page 1279: fetched 100 users, 40 collectible, 50955 total candidates
2026-06-10 16:39:35,741 INFO httpx HTTP Request: POST https://private-users-mcp.query.prod.telnyx.io:3000/mcp "HTTP/1.1 200 OK"
2026-06-10 16:39:35,904 INFO services.account_scanner Page 1280: fetched 100 users, 41 collectible, 50996 total candidates
2026-06-10 16:39:36,498 INFO httpx HTTP Request: POST https://private-users-mcp.query.prod.telnyx.io:3000/mcp "HTTP/1.1 200 OK"
2026-06-10 16:39:36,654 INFO services.account_scanner Page 1281: fetched 100 users, 28 collectible, 51024 total candidates
2026-06-10 16:39:37,368 INFO httpx HTTP Request: POST https://private-users-mcp.query.prod.telnyx.io:3000/mcp "HTTP/1.1 200 OK"
2026-06-10 16:39:37,543 INFO services.account_scanner Page 1282: fetched 100 users, 20 collectible, 51044 total candidates
2026-06-10 16:39:38,207 INFO httpx HTTP Request: POST https://private-users-mcp.query.prod.telnyx.io:3000/mcp "HTTP/1.1 200 OK"
2026-06-10 16:39:38,369 INFO services.account_scanner Page 1283: fetched 100 users, 45 collectible, 51089 total candidates
2026-06-10 16:39:38,966 INFO httpx HTTP Request: POST https://private-users-mcp.query.prod.telnyx.io:3000/mcp "HTTP/1.1 200 OK"
2026-06-10 16:39:39,124 INFO services.account_scanner Page 1284: fetched 100 users, 40 collectible, 51129 total candidates
2026-06-10 16:39:39,713 INFO httpx HTTP Request: POST https://private-users-mcp.query.prod.telnyx.io:3000/mcp "HTTP/1.1 200 OK"
2026-06-10 16:39:39,872 INFO services.account_scanner Page 1285: fetched 100 users, 33 collectible, 51162 total candidates
2026-06-10 16:39:40,495 INFO httpx HTTP Request: POST https://private-users-mcp.query.prod.telnyx.io:3000/mcp "HTTP/1.1 200 OK"
2026-06-10 16:39:40,654 INFO services.account_scanner Page 1286: fetched 100 users, 26 collectible, 51188 total candidates
2026-06-10 16:39:41,274 INFO httpx HTTP Request: POST https://private-users-mcp.query.prod.telnyx.io:3000/mcp "HTTP/1.1 200 OK"
2026-06-10 16:39:41,432 INFO services.account_scanner Page 1287: fetched 100 users, 61 collectible, 51249 total candidates
2026-06-10 16:39:42,130 INFO httpx HTTP Request: POST https://private-users-mcp.query.prod.telnyx.io:3000/mcp "HTTP/1.1 200 OK"
2026-06-10 16:39:42,309 INFO services.account_scanner Page 1288: fetched 100 users, 36 collectible, 51285 total candidates
2026-06-10 16:39:42,944 INFO httpx HTTP Request: POST https://private-users-mcp.query.prod.telnyx.io:3000/mcp "HTTP/1.1 200 OK"
2026-06-10 16:39:43,110 INFO services.account_scanner Page 1289: fetched 100 users, 38 collectible, 51323 total candidates
2026-06-10 16:39:43,743 INFO httpx HTTP Request: POST https://private-users-mcp.query.prod.telnyx.io:3000/mcp "HTTP/1.1 200 OK"
2026-06-10 16:39:43,902 INFO services.account_scanner Page 1290: fetched 100 users, 40 collectible, 51363 total candidates
2026-06-10 16:39:44,486 INFO httpx HTTP Request: POST https://private-users-mcp.query.prod.telnyx.io:3000/mcp "HTTP/1.1 200 OK"
2026-06-10 16:39:44,644 INFO services.account_scanner Page 1291: fetched 100 users, 35 collectible, 51398 total candidates
2026-06-10 16:39:45,273 INFO httpx HTTP Request: POST https://private-users-mcp.query.prod.telnyx.io:3000/mcp "HTTP/1.1 200 OK"
2026-06-10 16:39:45,432 INFO services.account_scanner Page 1292: fetched 100 users, 36 collectible, 51434 total candidates
2026-06-10 16:39:46,069 INFO httpx HTTP Request: POST https://private-users-mcp.query.prod.telnyx.io:3000/mcp "HTTP/1.1 200 OK"
2026-06-10 16:39:46,227 INFO services.account_scanner Page 1293: fetched 100 users, 47 collectible, 51481 total candidates
2026-06-10 16:39:46,809 INFO httpx HTTP Request: POST https://private-users-mcp.query.prod.telnyx.io:3000/mcp "HTTP/1.1 200 OK"
2026-06-10 16:39:46,965 INFO services.account_scanner Page 1294: fetched 100 users, 34 collectible, 51515 total candidates
2026-06-10 16:39:47,611 INFO httpx HTTP Request: POST https://private-users-mcp.query.prod.telnyx.io:3000/mcp "HTTP/1.1 200 OK"
2026-06-10 16:39:47,768 INFO services.account_scanner Page 1295: fetched 100 users, 34 collectible, 51549 total candidates
2026-06-10 16:39:48,347 INFO httpx HTTP Request: POST https://private-users-mcp.query.prod.telnyx.io:3000/mcp "HTTP/1.1 200 OK"
2026-06-10 16:39:48,503 INFO services.account_scanner Page 1296: fetched 100 users, 42 collectible, 51591 total candidates
2026-06-10 16:39:49,098 INFO httpx HTTP Request: POST https://private-users-mcp.query.prod.telnyx.io:3000/mcp "HTTP/1.1 200 OK"
2026-06-10 16:39:49,256 INFO services.account_scanner Page 1297: fetched 100 users, 32 collectible, 51623 total candidates
2026-06-10 16:39:49,941 INFO httpx HTTP Request: POST https://private-users-mcp.query.prod.telnyx.io:3000/mcp "HTTP/1.1 200 OK"
2026-06-10 16:39:50,118 INFO services.account_scanner Page 1298: fetched 100 users, 45 collectible, 51668 total candidates
2026-06-10 16:39:50,912 INFO httpx HTTP Request: POST https://private-users-mcp.query.prod.telnyx.io:3000/mcp "HTTP/1.1 200 OK"
2026-06-10 16:39:51,090 INFO services.account_scanner Page 1299: fetched 100 users, 29 collectible, 51697 total candidates
2026-06-10 16:39:51,785 INFO httpx HTTP Request: POST https://private-users-mcp.query.prod.telnyx.io:3000/mcp "HTTP/1.1 200 OK"
2026-06-10 16:39:51,965 INFO services.account_scanner Page 1300: fetched 100 users, 37 collectible, 51734 total candidates
2026-06-10 16:39:52,572 INFO httpx HTTP Request: POST https://private-users-mcp.query.prod.telnyx.io:3000/mcp "HTTP/1.1 200 OK"
2026-06-10 16:39:52,739 INFO services.account_scanner Page 1301: fetched 100 users, 39 collectible, 51773 total candidates
2026-06-10 16:39:53,355 INFO httpx HTTP Request: POST https://private-users-mcp.query.prod.telnyx.io:3000/mcp "HTTP/1.1 200 OK"
2026-06-10 16:39:53,514 INFO services.account_scanner Page 1302: fetched 100 users, 28 collectible, 51801 total candidates
2026-06-10 16:39:54,091 INFO httpx HTTP Request: POST https://private-users-mcp.query.prod.telnyx.io:3000/mcp "HTTP/1.1 200 OK"
2026-06-10 16:39:54,252 INFO services.account_scanner Page 1303: fetched 100 users, 21 collectible, 51822 total candidates
2026-06-10 16:39:54,848 INFO httpx HTTP Request: POST https://private-users-mcp.query.prod.telnyx.io:3000/mcp "HTTP/1.1 200 OK"
2026-06-10 16:39:55,007 INFO services.account_scanner Page 1304: fetched 100 users, 19 collectible, 51841 total candidates
2026-06-10 16:39:55,626 INFO httpx HTTP Request: POST https://private-users-mcp.query.prod.telnyx.io:3000/mcp "HTTP/1.1 200 OK"
2026-06-10 16:39:55,789 INFO services.account_scanner Page 1305: fetched 100 users, 24 collectible, 51865 total candidates
2026-06-10 16:39:56,385 INFO httpx HTTP Request: POST https://private-users-mcp.query.prod.telnyx.io:3000/mcp "HTTP/1.1 200 OK"
2026-06-10 16:39:56,547 INFO services.account_scanner Page 1306: fetched 100 users, 28 collectible, 51893 total candidates
2026-06-10 16:39:57,125 INFO httpx HTTP Request: POST https://private-users-mcp.query.prod.telnyx.io:3000/mcp "HTTP/1.1 200 OK"
2026-06-10 16:39:57,284 INFO services.account_scanner Page 1307: fetched 100 users, 42 collectible, 51935 total candidates
2026-06-10 16:39:58,072 INFO httpx HTTP Request: POST https://private-users-mcp.query.prod.telnyx.io:3000/mcp "HTTP/1.1 200 OK"
2026-06-10 16:39:58,251 INFO services.account_scanner Page 1308: fetched 100 users, 29 collectible, 51964 total candidates
2026-06-10 16:39:58,987 INFO httpx HTTP Request: POST https://private-users-mcp.query.prod.telnyx.io:3000/mcp "HTTP/1.1 200 OK"
2026-06-10 16:39:59,168 INFO services.account_scanner Page 1309: fetched 100 users, 32 collectible, 51996 total candidates
2026-06-10 16:39:59,864 INFO httpx HTTP Request: POST https://private-users-mcp.query.prod.telnyx.io:3000/mcp "HTTP/1.1 200 OK"
2026-06-10 16:40:00,044 INFO services.account_scanner Page 1310: fetched 100 users, 40 collectible, 52036 total candidates
2026-06-10 16:40:00,748 INFO httpx HTTP Request: POST https://private-users-mcp.query.prod.telnyx.io:3000/mcp "HTTP/1.1 200 OK"
2026-06-10 16:40:01,032 INFO services.account_scanner Page 1311: fetched 100 users, 45 collectible, 52081 total candidates
2026-06-10 16:40:01,745 INFO httpx HTTP Request: POST https://private-users-mcp.query.prod.telnyx.io:3000/mcp "HTTP/1.1 200 OK"
2026-06-10 16:40:01,926 INFO services.account_scanner Page 1312: fetched 100 users, 49 collectible, 52130 total candidates
2026-06-10 16:40:02,633 INFO httpx HTTP Request: POST https://private-users-mcp.query.prod.telnyx.io:3000/mcp "HTTP/1.1 200 OK"
2026-06-10 16:40:02,918 INFO services.account_scanner Page 1313: fetched 100 users, 57 collectible, 52187 total candidates
2026-06-10 16:40:03,619 INFO httpx HTTP Request: POST https://private-users-mcp.query.prod.telnyx.io:3000/mcp "HTTP/1.1 200 OK"
2026-06-10 16:40:03,882 INFO services.account_scanner Page 1314: fetched 100 users, 60 collectible, 52247 total candidates
2026-06-10 16:40:04,557 INFO httpx HTTP Request: POST https://private-users-mcp.query.prod.telnyx.io:3000/mcp "HTTP/1.1 200 OK"
2026-06-10 16:40:04,720 INFO services.account_scanner Page 1315: fetched 100 users, 61 collectible, 52308 total candidates
2026-06-10 16:40:05,382 INFO httpx HTTP Request: POST https://private-users-mcp.query.prod.telnyx.io:3000/mcp "HTTP/1.1 200 OK"
2026-06-10 16:40:05,543 INFO services.account_scanner Page 1316: fetched 100 users, 44 collectible, 52352 total candidates
2026-06-10 16:40:06,232 INFO httpx HTTP Request: POST https://private-users-mcp.query.prod.telnyx.io:3000/mcp "HTTP/1.1 200 OK"
2026-06-10 16:40:06,411 INFO services.account_scanner Page 1317: fetched 100 users, 43 collectible, 52395 total candidates
2026-06-10 16:40:07,096 INFO httpx HTTP Request: POST https://private-users-mcp.query.prod.telnyx.io:3000/mcp "HTTP/1.1 200 OK"
2026-06-10 16:40:07,274 INFO services.account_scanner Page 1318: fetched 100 users, 58 collectible, 52453 total candidates
2026-06-10 16:40:07,916 INFO httpx HTTP Request: POST https://private-users-mcp.query.prod.telnyx.io:3000/mcp "HTTP/1.1 200 OK"
2026-06-10 16:40:08,080 INFO services.account_scanner Page 1319: fetched 100 users, 36 collectible, 52489 total candidates
2026-06-10 16:40:08,704 INFO httpx HTTP Request: POST https://private-users-mcp.query.prod.telnyx.io:3000/mcp "HTTP/1.1 200 OK"
2026-06-10 16:40:08,866 INFO services.account_scanner Page 1320: fetched 100 users, 37 collectible, 52526 total candidates
2026-06-10 16:40:09,482 INFO httpx HTTP Request: POST https://private-users-mcp.query.prod.telnyx.io:3000/mcp "HTTP/1.1 200 OK"
2026-06-10 16:40:09,643 INFO services.account_scanner Page 1321: fetched 100 users, 42 collectible, 52568 total candidates
2026-06-10 16:40:10,462 INFO httpx HTTP Request: POST https://private-users-mcp.query.prod.telnyx.io:3000/mcp "HTTP/1.1 200 OK"
2026-06-10 16:40:10,642 INFO services.account_scanner Page 1322: fetched 100 users, 39 collectible, 52607 total candidates
2026-06-10 16:40:11,243 INFO httpx HTTP Request: POST https://private-users-mcp.query.prod.telnyx.io:3000/mcp "HTTP/1.1 200 OK"
2026-06-10 16:40:11,406 INFO services.account_scanner Page 1323: fetched 100 users, 38 collectible, 52645 total candidates
2026-06-10 16:40:11,997 INFO httpx HTTP Request: POST https://private-users-mcp.query.prod.telnyx.io:3000/mcp "HTTP/1.1 200 OK"
2026-06-10 16:40:12,157 INFO services.account_scanner Page 1324: fetched 100 users, 43 collectible, 52688 total candidates
2026-06-10 16:40:12,815 INFO httpx HTTP Request: POST https://private-users-mcp.query.prod.telnyx.io:3000/mcp "HTTP/1.1 200 OK"
2026-06-10 16:40:12,973 INFO services.account_scanner Page 1325: fetched 100 users, 36 collectible, 52724 total candidates
2026-06-10 16:40:13,612 INFO httpx HTTP Request: POST https://private-users-mcp.query.prod.telnyx.io:3000/mcp "HTTP/1.1 200 OK"
2026-06-10 16:40:13,761 INFO services.account_scanner Page 1326: fetched 100 users, 30 collectible, 52754 total candidates
2026-06-10 16:40:14,449 INFO httpx HTTP Request: POST https://private-users-mcp.query.prod.telnyx.io:3000/mcp "HTTP/1.1 200 OK"
2026-06-10 16:40:14,628 INFO services.account_scanner Page 1327: fetched 100 users, 38 collectible, 52792 total candidates
2026-06-10 16:40:15,646 INFO httpx HTTP Request: POST https://private-users-mcp.query.prod.telnyx.io:3000/mcp "HTTP/1.1 200 OK"
2026-06-10 16:40:15,828 INFO services.account_scanner Page 1328: fetched 100 users, 62 collectible, 52854 total candidates
2026-06-10 16:40:16,601 INFO httpx HTTP Request: POST https://private-users-mcp.query.prod.telnyx.io:3000/mcp "HTTP/1.1 200 OK"
2026-06-10 16:40:16,888 INFO services.account_scanner Page 1329: fetched 100 users, 53 collectible, 52907 total candidates
2026-06-10 16:40:17,497 INFO httpx HTTP Request: POST https://private-users-mcp.query.prod.telnyx.io:3000/mcp "HTTP/1.1 200 OK"
2026-06-10 16:40:17,663 INFO services.account_scanner Page 1330: fetched 100 users, 41 collectible, 52948 total candidates
2026-06-10 16:40:18,391 INFO httpx HTTP Request: POST https://private-users-mcp.query.prod.telnyx.io:3000/mcp "HTTP/1.1 200 OK"
2026-06-10 16:40:18,569 INFO services.account_scanner Page 1331: fetched 100 users, 58 collectible, 53006 total candidates
2026-06-10 16:40:19,353 INFO httpx HTTP Request: POST https://private-users-mcp.query.prod.telnyx.io:3000/mcp "HTTP/1.1 200 OK"
2026-06-10 16:40:19,637 INFO services.account_scanner Page 1332: fetched 100 users, 58 collectible, 53064 total candidates
2026-06-10 16:40:20,269 INFO httpx HTTP Request: POST https://private-users-mcp.query.prod.telnyx.io:3000/mcp "HTTP/1.1 200 OK"
2026-06-10 16:40:20,430 INFO services.account_scanner Page 1333: fetched 100 users, 37 collectible, 53101 total candidates
2026-06-10 16:40:21,221 INFO httpx HTTP Request: POST https://private-users-mcp.query.prod.telnyx.io:3000/mcp "HTTP/1.1 200 OK"
2026-06-10 16:40:21,406 INFO services.account_scanner Page 1334: fetched 100 users, 53 collectible, 53154 total candidates
2026-06-10 16:40:22,222 INFO httpx HTTP Request: POST https://private-users-mcp.query.prod.telnyx.io:3000/mcp "HTTP/1.1 200 OK"
2026-06-10 16:40:22,505 INFO services.account_scanner Page 1335: fetched 100 users, 65 collectible, 53219 total candidates
2026-06-10 16:40:23,285 INFO httpx HTTP Request: POST https://private-users-mcp.query.prod.telnyx.io:3000/mcp "HTTP/1.1 200 OK"
2026-06-10 16:40:23,566 INFO services.account_scanner Page 1336: fetched 100 users, 58 collectible, 53277 total candidates
2026-06-10 16:40:24,338 INFO httpx HTTP Request: POST https://private-users-mcp.query.prod.telnyx.io:3000/mcp "HTTP/1.1 200 OK"
2026-06-10 16:40:24,618 INFO services.account_scanner Page 1337: fetched 100 users, 47 collectible, 53324 total candidates
2026-06-10 16:40:25,268 INFO httpx HTTP Request: POST https://private-users-mcp.query.prod.telnyx.io:3000/mcp "HTTP/1.1 200 OK"
2026-06-10 16:40:25,430 INFO services.account_scanner Page 1338: fetched 100 users, 35 collectible, 53359 total candidates
2026-06-10 16:40:26,122 INFO httpx HTTP Request: POST https://private-users-mcp.query.prod.telnyx.io:3000/mcp "HTTP/1.1 200 OK"
2026-06-10 16:40:26,303 INFO services.account_scanner Page 1339: fetched 100 users, 46 collectible, 53405 total candidates
2026-06-10 16:40:26,939 INFO httpx HTTP Request: POST https://private-users-mcp.query.prod.telnyx.io:3000/mcp "HTTP/1.1 200 OK"
2026-06-10 16:40:27,103 INFO services.account_scanner Page 1340: fetched 100 users, 36 collectible, 53441 total candidates
2026-06-10 16:40:27,758 INFO httpx HTTP Request: POST https://private-users-mcp.query.prod.telnyx.io:3000/mcp "HTTP/1.1 200 OK"
2026-06-10 16:40:27,915 INFO services.account_scanner Page 1341: fetched 100 users, 39 collectible, 53480 total candidates
2026-06-10 16:40:28,557 INFO httpx HTTP Request: POST https://private-users-mcp.query.prod.telnyx.io:3000/mcp "HTTP/1.1 200 OK"
2026-06-10 16:40:28,716 INFO services.account_scanner Page 1342: fetched 100 users, 40 collectible, 53520 total candidates
2026-06-10 16:40:29,327 INFO httpx HTTP Request: POST https://private-users-mcp.query.prod.telnyx.io:3000/mcp "HTTP/1.1 200 OK"
2026-06-10 16:40:29,489 INFO services.account_scanner Page 1343: fetched 100 users, 40 collectible, 53560 total candidates
2026-06-10 16:40:30,132 INFO httpx HTTP Request: POST https://private-users-mcp.query.prod.telnyx.io:3000/mcp "HTTP/1.1 200 OK"
2026-06-10 16:40:30,288 INFO services.account_scanner Page 1344: fetched 100 users, 37 collectible, 53597 total candidates
2026-06-10 16:40:30,920 INFO httpx HTTP Request: POST https://private-users-mcp.query.prod.telnyx.io:3000/mcp "HTTP/1.1 200 OK"
2026-06-10 16:40:31,079 INFO services.account_scanner Page 1345: fetched 100 users, 36 collectible, 53633 total candidates
2026-06-10 16:40:31,674 INFO httpx HTTP Request: POST https://private-users-mcp.query.prod.telnyx.io:3000/mcp "HTTP/1.1 200 OK"
2026-06-10 16:40:31,833 INFO services.account_scanner Page 1346: fetched 100 users, 35 collectible, 53668 total candidates
2026-06-10 16:40:32,456 INFO httpx HTTP Request: POST https://private-users-mcp.query.prod.telnyx.io:3000/mcp "HTTP/1.1 200 OK"
2026-06-10 16:40:32,613 INFO services.account_scanner Page 1347: fetched 100 users, 37 collectible, 53705 total candidates
2026-06-10 16:40:33,287 INFO httpx HTTP Request: POST https://private-users-mcp.query.prod.telnyx.io:3000/mcp "HTTP/1.1 200 OK"
2026-06-10 16:40:33,467 INFO services.account_scanner Page 1348: fetched 100 users, 56 collectible, 53761 total candidates
2026-06-10 16:40:34,064 INFO httpx HTTP Request: POST https://private-users-mcp.query.prod.telnyx.io:3000/mcp "HTTP/1.1 200 OK"
2026-06-10 16:40:34,230 INFO services.account_scanner Page 1349: fetched 100 users, 45 collectible, 53806 total candidates
2026-06-10 16:40:34,843 INFO httpx HTTP Request: POST https://private-users-mcp.query.prod.telnyx.io:3000/mcp "HTTP/1.1 200 OK"
2026-06-10 16:40:35,004 INFO services.account_scanner Page 1350: fetched 100 users, 43 collectible, 53849 total candidates
2026-06-10 16:40:35,647 INFO httpx HTTP Request: POST https://private-users-mcp.query.prod.telnyx.io:3000/mcp "HTTP/1.1 200 OK"
2026-06-10 16:40:35,805 INFO services.account_scanner Page 1351: fetched 100 users, 57 collectible, 53906 total candidates
2026-06-10 16:40:36,437 INFO httpx HTTP Request: POST https://private-users-mcp.query.prod.telnyx.io:3000/mcp "HTTP/1.1 200 OK"
2026-06-10 16:40:36,594 INFO services.account_scanner Page 1352: fetched 100 users, 41 collectible, 53947 total candidates
2026-06-10 16:40:37,268 INFO httpx HTTP Request: POST https://private-users-mcp.query.prod.telnyx.io:3000/mcp "HTTP/1.1 200 OK"
2026-06-10 16:40:37,425 INFO services.account_scanner Page 1353: fetched 100 users, 51 collectible, 53998 total candidates
2026-06-10 16:40:38,199 INFO httpx HTTP Request: POST https://private-users-mcp.query.prod.telnyx.io:3000/mcp "HTTP/1.1 200 OK"
2026-06-10 16:40:38,371 INFO services.account_scanner Page 1354: fetched 100 users, 36 collectible, 54034 total candidates
2026-06-10 16:40:39,275 INFO httpx HTTP Request: POST https://private-users-mcp.query.prod.telnyx.io:3000/mcp "HTTP/1.1 200 OK"
2026-06-10 16:40:39,454 INFO services.account_scanner Page 1355: fetched 100 users, 42 collectible, 54076 total candidates
2026-06-10 16:40:40,102 INFO httpx HTTP Request: POST https://private-users-mcp.query.prod.telnyx.io:3000/mcp "HTTP/1.1 200 OK"
2026-06-10 16:40:40,265 INFO services.account_scanner Page 1356: fetched 100 users, 28 collectible, 54104 total candidates
2026-06-10 16:40:40,990 INFO httpx HTTP Request: POST https://private-users-mcp.query.prod.telnyx.io:3000/mcp "HTTP/1.1 200 OK"
2026-06-10 16:40:41,172 INFO services.account_scanner Page 1357: fetched 100 users, 41 collectible, 54145 total candidates
2026-06-10 16:40:41,823 INFO httpx HTTP Request: POST https://private-users-mcp.query.prod.telnyx.io:3000/mcp "HTTP/1.1 200 OK"
2026-06-10 16:40:41,988 INFO services.account_scanner Page 1358: fetched 100 users, 43 collectible, 54188 total candidates
2026-06-10 16:40:42,654 INFO httpx HTTP Request: POST https://private-users-mcp.query.prod.telnyx.io:3000/mcp "HTTP/1.1 200 OK"
2026-06-10 16:40:42,811 INFO services.account_scanner Page 1359: fetched 100 users, 48 collectible, 54236 total candidates
2026-06-10 16:40:43,442 INFO httpx HTTP Request: POST https://private-users-mcp.query.prod.telnyx.io:3000/mcp "HTTP/1.1 200 OK"
2026-06-10 16:40:43,597 INFO services.account_scanner Page 1360: fetched 100 users, 43 collectible, 54279 total candidates
2026-06-10 16:40:44,264 INFO httpx HTTP Request: POST https://private-users-mcp.query.prod.telnyx.io:3000/mcp "HTTP/1.1 200 OK"
2026-06-10 16:40:44,423 INFO services.account_scanner Page 1361: fetched 100 users, 48 collectible, 54327 total candidates
2026-06-10 16:40:45,117 INFO httpx HTTP Request: POST https://private-users-mcp.query.prod.telnyx.io:3000/mcp "HTTP/1.1 200 OK"
2026-06-10 16:40:45,293 INFO services.account_scanner Page 1362: fetched 100 users, 52 collectible, 54379 total candidates
2026-06-10 16:40:46,127 INFO httpx HTTP Request: POST https://private-users-mcp.query.prod.telnyx.io:3000/mcp "HTTP/1.1 200 OK"
2026-06-10 16:40:46,311 INFO services.account_scanner Page 1363: fetched 100 users, 61 collectible, 54440 total candidates
2026-06-10 16:40:46,950 INFO httpx HTTP Request: POST https://private-users-mcp.query.prod.telnyx.io:3000/mcp "HTTP/1.1 200 OK"
2026-06-10 16:40:47,112 INFO services.account_scanner Page 1364: fetched 100 users, 36 collectible, 54476 total candidates
2026-06-10 16:40:47,798 INFO httpx HTTP Request: POST https://private-users-mcp.query.prod.telnyx.io:3000/mcp "HTTP/1.1 200 OK"
2026-06-10 16:40:47,976 INFO services.account_scanner Page 1365: fetched 100 users, 33 collectible, 54509 total candidates
2026-06-10 16:40:48,656 INFO httpx HTTP Request: POST https://private-users-mcp.query.prod.telnyx.io:3000/mcp "HTTP/1.1 200 OK"
2026-06-10 16:40:48,837 INFO services.account_scanner Page 1366: fetched 100 users, 46 collectible, 54555 total candidates
2026-06-10 16:40:49,483 INFO httpx HTTP Request: POST https://private-users-mcp.query.prod.telnyx.io:3000/mcp "HTTP/1.1 200 OK"
2026-06-10 16:40:49,649 INFO services.account_scanner Page 1367: fetched 100 users, 43 collectible, 54598 total candidates
2026-06-10 16:40:50,284 INFO httpx HTTP Request: POST https://private-users-mcp.query.prod.telnyx.io:3000/mcp "HTTP/1.1 200 OK"
2026-06-10 16:40:50,443 INFO services.account_scanner Page 1368: fetched 100 users, 38 collectible, 54636 total candidates
2026-06-10 16:40:51,046 INFO httpx HTTP Request: POST https://private-users-mcp.query.prod.telnyx.io:3000/mcp "HTTP/1.1 200 OK"
2026-06-10 16:40:51,202 INFO services.account_scanner Page 1369: fetched 100 users, 34 collectible, 54670 total candidates
2026-06-10 16:40:51,836 INFO httpx HTTP Request: POST https://private-users-mcp.query.prod.telnyx.io:3000/mcp "HTTP/1.1 200 OK"
2026-06-10 16:40:51,996 INFO services.account_scanner Page 1370: fetched 100 users, 49 collectible, 54719 total candidates
2026-06-10 16:40:52,724 INFO httpx HTTP Request: POST https://private-users-mcp.query.prod.telnyx.io:3000/mcp "HTTP/1.1 200 OK"
2026-06-10 16:40:52,900 INFO services.account_scanner Page 1371: fetched 100 users, 2 collectible, 54721 total candidates
2026-06-10 16:40:53,660 INFO httpx HTTP Request: POST https://private-users-mcp.query.prod.telnyx.io:3000/mcp "HTTP/1.1 200 OK"
2026-06-10 16:40:53,833 INFO services.account_scanner Page 1372: fetched 100 users, 0 collectible, 54721 total candidates
2026-06-10 16:40:54,604 INFO httpx HTTP Request: POST https://private-users-mcp.query.prod.telnyx.io:3000/mcp "HTTP/1.1 200 OK"
2026-06-10 16:40:54,890 INFO services.account_scanner Page 1373: fetched 100 users, 22 collectible, 54743 total candidates
2026-06-10 16:40:55,497 INFO httpx HTTP Request: POST https://private-users-mcp.query.prod.telnyx.io:3000/mcp "HTTP/1.1 200 OK"
2026-06-10 16:40:55,663 INFO services.account_scanner Page 1374: fetched 100 users, 37 collectible, 54780 total candidates
2026-06-10 16:40:56,312 INFO httpx HTTP Request: POST https://private-users-mcp.query.prod.telnyx.io:3000/mcp "HTTP/1.1 200 OK"
2026-06-10 16:40:56,472 INFO services.account_scanner Page 1375: fetched 100 users, 42 collectible, 54822 total candidates
2026-06-10 16:40:57,126 INFO httpx HTTP Request: POST https://private-users-mcp.query.prod.telnyx.io:3000/mcp "HTTP/1.1 200 OK"
2026-06-10 16:40:57,281 INFO services.account_scanner Page 1376: fetched 100 users, 46 collectible, 54868 total candidates
2026-06-10 16:40:57,955 INFO httpx HTTP Request: POST https://private-users-mcp.query.prod.telnyx.io:3000/mcp "HTTP/1.1 200 OK"
2026-06-10 16:40:58,193 INFO services.account_scanner Page 1377: fetched 100 users, 45 collectible, 54913 total candidates
2026-06-10 16:40:58,847 INFO httpx HTTP Request: POST https://private-users-mcp.query.prod.telnyx.io:3000/mcp "HTTP/1.1 200 OK"
2026-06-10 16:40:59,030 INFO services.account_scanner Page 1378: fetched 100 users, 33 collectible, 54946 total candidates
2026-06-10 16:40:59,775 INFO httpx HTTP Request: POST https://private-users-mcp.query.prod.telnyx.io:3000/mcp "HTTP/1.1 200 OK"
2026-06-10 16:41:00,056 INFO services.account_scanner Page 1379: fetched 100 users, 54 collectible, 55000 total candidates
2026-06-10 16:41:00,779 INFO httpx HTTP Request: POST https://private-users-mcp.query.prod.telnyx.io:3000/mcp "HTTP/1.1 200 OK"
2026-06-10 16:41:01,063 INFO services.account_scanner Page 1380: fetched 100 users, 54 collectible, 55054 total candidates
2026-06-10 16:41:01,817 INFO httpx HTTP Request: POST https://private-users-mcp.query.prod.telnyx.io:3000/mcp "HTTP/1.1 200 OK"
2026-06-10 16:41:02,000 INFO services.account_scanner Page 1381: fetched 100 users, 49 collectible, 55103 total candidates
2026-06-10 16:41:02,684 INFO httpx HTTP Request: POST https://private-users-mcp.query.prod.telnyx.io:3000/mcp "HTTP/1.1 200 OK"
2026-06-10 16:41:02,865 INFO services.account_scanner Page 1382: fetched 100 users, 48 collectible, 55151 total candidates
2026-06-10 16:41:03,499 INFO httpx HTTP Request: POST https://private-users-mcp.query.prod.telnyx.io:3000/mcp "HTTP/1.1 200 OK"
2026-06-10 16:41:03,664 INFO services.account_scanner Page 1383: fetched 100 users, 36 collectible, 55187 total candidates
2026-06-10 16:41:04,302 INFO httpx HTTP Request: POST https://private-users-mcp.query.prod.telnyx.io:3000/mcp "HTTP/1.1 200 OK"
2026-06-10 16:41:04,464 INFO services.account_scanner Page 1384: fetched 100 users, 37 collectible, 55224 total candidates
2026-06-10 16:41:05,104 INFO httpx HTTP Request: POST https://private-users-mcp.query.prod.telnyx.io:3000/mcp "HTTP/1.1 200 OK"
2026-06-10 16:41:05,260 INFO services.account_scanner Page 1385: fetched 100 users, 93 collectible, 55317 total candidates
2026-06-10 16:41:05,832 INFO httpx HTTP Request: POST https://private-users-mcp.query.prod.telnyx.io:3000/mcp "HTTP/1.1 200 OK"
2026-06-10 16:41:05,988 INFO services.account_scanner Page 1386: fetched 100 users, 97 collectible, 55414 total candidates
2026-06-10 16:41:06,631 INFO httpx HTTP Request: POST https://private-users-mcp.query.prod.telnyx.io:3000/mcp "HTTP/1.1 200 OK"
2026-06-10 16:41:06,786 INFO services.account_scanner Page 1387: fetched 100 users, 83 collectible, 55497 total candidates
2026-06-10 16:41:07,523 INFO httpx HTTP Request: POST https://private-users-mcp.query.prod.telnyx.io:3000/mcp "HTTP/1.1 200 OK"
2026-06-10 16:41:07,705 INFO services.account_scanner Page 1388: fetched 100 users, 59 collectible, 55556 total candidates
2026-06-10 16:41:08,362 INFO httpx HTTP Request: POST https://private-users-mcp.query.prod.telnyx.io:3000/mcp "HTTP/1.1 200 OK"
2026-06-10 16:41:08,525 INFO services.account_scanner Page 1389: fetched 100 users, 41 collectible, 55597 total candidates
2026-06-10 16:41:09,342 INFO httpx HTTP Request: POST https://private-users-mcp.query.prod.telnyx.io:3000/mcp "HTTP/1.1 200 OK"
2026-06-10 16:41:09,519 INFO services.account_scanner Page 1390: fetched 100 users, 58 collectible, 55655 total candidates
2026-06-10 16:41:10,167 INFO httpx HTTP Request: POST https://private-users-mcp.query.prod.telnyx.io:3000/mcp "HTTP/1.1 200 OK"
2026-06-10 16:41:10,333 INFO services.account_scanner Page 1391: fetched 100 users, 43 collectible, 55698 total candidates
2026-06-10 16:41:10,980 INFO httpx HTTP Request: POST https://private-users-mcp.query.prod.telnyx.io:3000/mcp "HTTP/1.1 200 OK"
2026-06-10 16:41:11,140 INFO services.account_scanner Page 1392: fetched 100 users, 33 collectible, 55731 total candidates
2026-06-10 16:41:11,772 INFO httpx HTTP Request: POST https://private-users-mcp.query.prod.telnyx.io:3000/mcp "HTTP/1.1 200 OK"
2026-06-10 16:41:11,930 INFO services.account_scanner Page 1393: fetched 100 users, 44 collectible, 55775 total candidates
2026-06-10 16:41:12,544 INFO httpx HTTP Request: POST https://private-users-mcp.query.prod.telnyx.io:3000/mcp "HTTP/1.1 200 OK"
2026-06-10 16:41:12,706 INFO services.account_scanner Page 1394: fetched 100 users, 32 collectible, 55807 total candidates
2026-06-10 16:41:13,319 INFO httpx HTTP Request: POST https://private-users-mcp.query.prod.telnyx.io:3000/mcp "HTTP/1.1 200 OK"
2026-06-10 16:41:13,471 INFO services.account_scanner Page 1395: fetched 100 users, 17 collectible, 55824 total candidates
2026-06-10 16:41:14,094 INFO httpx HTTP Request: POST https://private-users-mcp.query.prod.telnyx.io:3000/mcp "HTTP/1.1 200 OK"
2026-06-10 16:41:14,254 INFO services.account_scanner Page 1396: fetched 100 users, 25 collectible, 55849 total candidates
2026-06-10 16:41:14,882 INFO httpx HTTP Request: POST https://private-users-mcp.query.prod.telnyx.io:3000/mcp "HTTP/1.1 200 OK"
2026-06-10 16:41:15,041 INFO services.account_scanner Page 1397: fetched 100 users, 27 collectible, 55876 total candidates
2026-06-10 16:41:15,768 INFO httpx HTTP Request: POST https://private-users-mcp.query.prod.telnyx.io:3000/mcp "HTTP/1.1 200 OK"
2026-06-10 16:41:15,947 INFO services.account_scanner Page 1398: fetched 100 users, 64 collectible, 55940 total candidates
2026-06-10 16:41:16,561 INFO httpx HTTP Request: POST https://private-users-mcp.query.prod.telnyx.io:3000/mcp "HTTP/1.1 200 OK"
2026-06-10 16:41:16,736 INFO services.account_scanner Page 1399: fetched 100 users, 31 collectible, 55971 total candidates
2026-06-10 16:41:17,388 INFO httpx HTTP Request: POST https://private-users-mcp.query.prod.telnyx.io:3000/mcp "HTTP/1.1 200 OK"
2026-06-10 16:41:17,546 INFO services.account_scanner Page 1400: fetched 100 users, 46 collectible, 56017 total candidates
2026-06-10 16:41:18,221 INFO httpx HTTP Request: POST https://private-users-mcp.query.prod.telnyx.io:3000/mcp "HTTP/1.1 200 OK"
2026-06-10 16:41:18,379 INFO services.account_scanner Page 1401: fetched 100 users, 49 collectible, 56066 total candidates
2026-06-10 16:41:19,558 INFO httpx HTTP Request: POST https://private-users-mcp.query.prod.telnyx.io:3000/mcp "HTTP/1.1 200 OK"
2026-06-10 16:41:19,864 INFO services.account_scanner Page 1402: fetched 100 users, 37 collectible, 56103 total candidates
2026-06-10 16:41:20,506 INFO httpx HTTP Request: POST https://private-users-mcp.query.prod.telnyx.io:3000/mcp "HTTP/1.1 200 OK"
2026-06-10 16:41:20,675 INFO services.account_scanner Page 1403: fetched 100 users, 31 collectible, 56134 total candidates
2026-06-10 16:41:21,309 INFO httpx HTTP Request: POST https://private-users-mcp.query.prod.telnyx.io:3000/mcp "HTTP/1.1 200 OK"
2026-06-10 16:41:21,469 INFO services.account_scanner Page 1404: fetched 100 users, 35 collectible, 56169 total candidates
2026-06-10 16:41:22,074 INFO httpx HTTP Request: POST https://private-users-mcp.query.prod.telnyx.io:3000/mcp "HTTP/1.1 200 OK"
2026-06-10 16:41:22,232 INFO services.account_scanner Page 1405: fetched 100 users, 33 collectible, 56202 total candidates
2026-06-10 16:41:22,848 INFO httpx HTTP Request: POST https://private-users-mcp.query.prod.telnyx.io:3000/mcp "HTTP/1.1 200 OK"
2026-06-10 16:41:23,006 INFO services.account_scanner Page 1406: fetched 100 users, 47 collectible, 56249 total candidates
2026-06-10 16:41:23,724 INFO httpx HTTP Request: POST https://private-users-mcp.query.prod.telnyx.io:3000/mcp "HTTP/1.1 200 OK"
2026-06-10 16:41:23,903 INFO services.account_scanner Page 1407: fetched 100 users, 39 collectible, 56288 total candidates
2026-06-10 16:41:24,529 INFO httpx HTTP Request: POST https://private-users-mcp.query.prod.telnyx.io:3000/mcp "HTTP/1.1 200 OK"
2026-06-10 16:41:24,694 INFO services.account_scanner Page 1408: fetched 100 users, 33 collectible, 56321 total candidates
2026-06-10 16:41:25,311 INFO httpx HTTP Request: POST https://private-users-mcp.query.prod.telnyx.io:3000/mcp "HTTP/1.1 200 OK"
2026-06-10 16:41:25,471 INFO services.account_scanner Page 1409: fetched 100 users, 52 collectible, 56373 total candidates
2026-06-10 16:41:26,184 INFO httpx HTTP Request: POST https://private-users-mcp.query.prod.telnyx.io:3000/mcp "HTTP/1.1 200 OK"
2026-06-10 16:41:26,361 INFO services.account_scanner Page 1410: fetched 100 users, 62 collectible, 56435 total candidates
2026-06-10 16:41:26,998 INFO httpx HTTP Request: POST https://private-users-mcp.query.prod.telnyx.io:3000/mcp "HTTP/1.1 200 OK"
2026-06-10 16:41:27,164 INFO services.account_scanner Page 1411: fetched 100 users, 28 collectible, 56463 total candidates
2026-06-10 16:41:27,772 INFO httpx HTTP Request: POST https://private-users-mcp.query.prod.telnyx.io:3000/mcp "HTTP/1.1 200 OK"
2026-06-10 16:41:27,935 INFO services.account_scanner Page 1412: fetched 100 users, 51 collectible, 56514 total candidates
2026-06-10 16:41:28,558 INFO httpx HTTP Request: POST https://private-users-mcp.query.prod.telnyx.io:3000/mcp "HTTP/1.1 200 OK"
2026-06-10 16:41:28,716 INFO services.account_scanner Page 1413: fetched 100 users, 41 collectible, 56555 total candidates
2026-06-10 16:41:29,369 INFO httpx HTTP Request: POST https://private-users-mcp.query.prod.telnyx.io:3000/mcp "HTTP/1.1 200 OK"
2026-06-10 16:41:29,529 INFO services.account_scanner Page 1414: fetched 100 users, 49 collectible, 56604 total candidates
2026-06-10 16:41:30,150 INFO httpx HTTP Request: POST https://private-users-mcp.query.prod.telnyx.io:3000/mcp "HTTP/1.1 200 OK"
2026-06-10 16:41:30,318 INFO services.account_scanner Page 1415: fetched 100 users, 44 collectible, 56648 total candidates
2026-06-10 16:41:30,930 INFO httpx HTTP Request: POST https://private-users-mcp.query.prod.telnyx.io:3000/mcp "HTTP/1.1 200 OK"
2026-06-10 16:41:31,085 INFO services.account_scanner Page 1416: fetched 100 users, 36 collectible, 56684 total candidates
2026-06-10 16:41:31,718 INFO httpx HTTP Request: POST https://private-users-mcp.query.prod.telnyx.io:3000/mcp "HTTP/1.1 200 OK"
2026-06-10 16:41:31,882 INFO services.account_scanner Page 1417: fetched 100 users, 29 collectible, 56713 total candidates
2026-06-10 16:41:32,551 INFO httpx HTTP Request: POST https://private-users-mcp.query.prod.telnyx.io:3000/mcp "HTTP/1.1 200 OK"
2026-06-10 16:41:32,712 INFO services.account_scanner Page 1418: fetched 100 users, 38 collectible, 56751 total candidates
2026-06-10 16:41:33,701 INFO httpx HTTP Request: POST https://private-users-mcp.query.prod.telnyx.io:3000/mcp "HTTP/1.1 200 OK"
2026-06-10 16:41:33,881 INFO services.account_scanner Page 1419: fetched 100 users, 27 collectible, 56778 total candidates
2026-06-10 16:41:34,504 INFO httpx HTTP Request: POST https://private-users-mcp.query.prod.telnyx.io:3000/mcp "HTTP/1.1 200 OK"
2026-06-10 16:41:34,670 INFO services.account_scanner Page 1420: fetched 100 users, 35 collectible, 56813 total candidates
2026-06-10 16:41:35,291 INFO httpx HTTP Request: POST https://private-users-mcp.query.prod.telnyx.io:3000/mcp "HTTP/1.1 200 OK"
2026-06-10 16:41:35,451 INFO services.account_scanner Page 1421: fetched 100 users, 43 collectible, 56856 total candidates
2026-06-10 16:41:36,045 INFO httpx HTTP Request: POST https://private-users-mcp.query.prod.telnyx.io:3000/mcp "HTTP/1.1 200 OK"
2026-06-10 16:41:36,203 INFO services.account_scanner Page 1422: fetched 100 users, 46 collectible, 56902 total candidates
2026-06-10 16:41:36,888 INFO httpx HTTP Request: POST https://private-users-mcp.query.prod.telnyx.io:3000/mcp "HTTP/1.1 200 OK"
2026-06-10 16:41:37,066 INFO services.account_scanner Page 1423: fetched 100 users, 41 collectible, 56943 total candidates
2026-06-10 16:41:37,689 INFO httpx HTTP Request: POST https://private-users-mcp.query.prod.telnyx.io:3000/mcp "HTTP/1.1 200 OK"
2026-06-10 16:41:37,853 INFO services.account_scanner Page 1424: fetched 100 users, 30 collectible, 56973 total candidates
2026-06-10 16:41:38,470 INFO httpx HTTP Request: POST https://private-users-mcp.query.prod.telnyx.io:3000/mcp "HTTP/1.1 200 OK"
2026-06-10 16:41:38,626 INFO services.account_scanner Page 1425: fetched 100 users, 30 collectible, 57003 total candidates
2026-06-10 16:41:39,259 INFO httpx HTTP Request: POST https://private-users-mcp.query.prod.telnyx.io:3000/mcp "HTTP/1.1 200 OK"
2026-06-10 16:41:39,415 INFO services.account_scanner Page 1426: fetched 100 users, 31 collectible, 57034 total candidates
2026-06-10 16:41:40,060 INFO httpx HTTP Request: POST https://private-users-mcp.query.prod.telnyx.io:3000/mcp "HTTP/1.1 200 OK"
2026-06-10 16:41:40,220 INFO services.account_scanner Page 1427: fetched 100 users, 36 collectible, 57070 total candidates
2026-06-10 16:41:40,959 INFO httpx HTTP Request: POST https://private-users-mcp.query.prod.telnyx.io:3000/mcp "HTTP/1.1 200 OK"
2026-06-10 16:41:41,138 INFO services.account_scanner Page 1428: fetched 100 users, 40 collectible, 57110 total candidates
2026-06-10 16:41:41,873 INFO httpx HTTP Request: POST https://private-users-mcp.query.prod.telnyx.io:3000/mcp "HTTP/1.1 200 OK"
2026-06-10 16:41:42,053 INFO services.account_scanner Page 1429: fetched 100 users, 44 collectible, 57154 total candidates
2026-06-10 16:41:42,691 INFO httpx HTTP Request: POST https://private-users-mcp.query.prod.telnyx.io:3000/mcp "HTTP/1.1 200 OK"
2026-06-10 16:41:42,855 INFO services.account_scanner Page 1430: fetched 100 users, 19 collectible, 57173 total candidates
2026-06-10 16:41:43,568 INFO httpx HTTP Request: POST https://private-users-mcp.query.prod.telnyx.io:3000/mcp "HTTP/1.1 200 OK"
2026-06-10 16:41:43,748 INFO services.account_scanner Page 1431: fetched 100 users, 50 collectible, 57223 total candidates
2026-06-10 16:41:44,604 INFO httpx HTTP Request: POST https://private-users-mcp.query.prod.telnyx.io:3000/mcp "HTTP/1.1 200 OK"
2026-06-10 16:41:44,885 INFO services.account_scanner Page 1432: fetched 100 users, 65 collectible, 57288 total candidates
2026-06-10 16:41:45,660 INFO httpx HTTP Request: POST https://private-users-mcp.query.prod.telnyx.io:3000/mcp "HTTP/1.1 200 OK"
2026-06-10 16:41:45,941 INFO services.account_scanner Page 1433: fetched 100 users, 59 collectible, 57347 total candidates
2026-06-10 16:41:46,765 INFO httpx HTTP Request: POST https://private-users-mcp.query.prod.telnyx.io:3000/mcp "HTTP/1.1 200 OK"
2026-06-10 16:41:47,045 INFO services.account_scanner Page 1434: fetched 100 users, 31 collectible, 57378 total candidates
2026-06-10 16:41:48,033 INFO httpx HTTP Request: POST https://private-users-mcp.query.prod.telnyx.io:3000/mcp "HTTP/1.1 200 OK"
2026-06-10 16:41:48,311 INFO services.account_scanner Page 1435: fetched 100 users, 38 collectible, 57416 total candidates
2026-06-10 16:41:48,942 INFO httpx HTTP Request: POST https://private-users-mcp.query.prod.telnyx.io:3000/mcp "HTTP/1.1 200 OK"
2026-06-10 16:41:49,104 INFO services.account_scanner Page 1436: fetched 100 users, 29 collectible, 57445 total candidates
2026-06-10 16:41:49,766 INFO httpx HTTP Request: POST https://private-users-mcp.query.prod.telnyx.io:3000/mcp "HTTP/1.1 200 OK"
2026-06-10 16:41:49,926 INFO services.account_scanner Page 1437: fetched 100 users, 36 collectible, 57481 total candidates
2026-06-10 16:41:50,594 INFO httpx HTTP Request: POST https://private-users-mcp.query.prod.telnyx.io:3000/mcp "HTTP/1.1 200 OK"
2026-06-10 16:41:50,757 INFO services.account_scanner Page 1438: fetched 100 users, 33 collectible, 57514 total candidates
2026-06-10 16:41:51,449 INFO httpx HTTP Request: POST https://private-users-mcp.query.prod.telnyx.io:3000/mcp "HTTP/1.1 200 OK"
2026-06-10 16:41:51,628 INFO services.account_scanner Page 1439: fetched 100 users, 36 collectible, 57550 total candidates
2026-06-10 16:41:52,298 INFO httpx HTTP Request: POST https://private-users-mcp.query.prod.telnyx.io:3000/mcp "HTTP/1.1 200 OK"
2026-06-10 16:41:52,460 INFO services.account_scanner Page 1440: fetched 100 users, 38 collectible, 57588 total candidates
2026-06-10 16:41:53,095 INFO httpx HTTP Request: POST https://private-users-mcp.query.prod.telnyx.io:3000/mcp "HTTP/1.1 200 OK"
2026-06-10 16:41:53,256 INFO services.account_scanner Page 1441: fetched 100 users, 46 collectible, 57634 total candidates
2026-06-10 16:41:53,951 INFO httpx HTTP Request: POST https://private-users-mcp.query.prod.telnyx.io:3000/mcp "HTTP/1.1 200 OK"
2026-06-10 16:41:54,126 INFO services.account_scanner Page 1442: fetched 100 users, 40 collectible, 57674 total candidates
2026-06-10 16:41:54,959 INFO httpx HTTP Request: POST https://private-users-mcp.query.prod.telnyx.io:3000/mcp "HTTP/1.1 200 OK"
2026-06-10 16:41:55,137 INFO services.account_scanner Page 1443: fetched 100 users, 73 collectible, 57747 total candidates
2026-06-10 16:41:55,821 INFO httpx HTTP Request: POST https://private-users-mcp.query.prod.telnyx.io:3000/mcp "HTTP/1.1 200 OK"
2026-06-10 16:41:56,101 INFO services.account_scanner Page 1444: fetched 100 users, 60 collectible, 57807 total candidates
2026-06-10 16:41:56,917 INFO httpx HTTP Request: POST https://private-users-mcp.query.prod.telnyx.io:3000/mcp "HTTP/1.1 200 OK"
2026-06-10 16:41:57,198 INFO services.account_scanner Page 1445: fetched 100 users, 73 collectible, 57880 total candidates
2026-06-10 16:41:58,011 INFO httpx HTTP Request: POST https://private-users-mcp.query.prod.telnyx.io:3000/mcp "HTTP/1.1 200 OK"
2026-06-10 16:41:58,293 INFO services.account_scanner Page 1446: fetched 100 users, 48 collectible, 57928 total candidates
2026-06-10 16:41:58,966 INFO httpx HTTP Request: POST https://private-users-mcp.query.prod.telnyx.io:3000/mcp "HTTP/1.1 200 OK"
2026-06-10 16:41:59,129 INFO services.account_scanner Page 1447: fetched 100 users, 37 collectible, 57965 total candidates
2026-06-10 16:41:59,850 INFO httpx HTTP Request: POST https://private-users-mcp.query.prod.telnyx.io:3000/mcp "HTTP/1.1 200 OK"
2026-06-10 16:42:00,025 INFO services.account_scanner Page 1448: fetched 100 users, 45 collectible, 58010 total candidates
2026-06-10 16:42:00,839 INFO httpx HTTP Request: POST https://private-users-mcp.query.prod.telnyx.io:3000/mcp "HTTP/1.1 200 OK"
2026-06-10 16:42:01,022 INFO services.account_scanner Page 1449: fetched 100 users, 50 collectible, 58060 total candidates
2026-06-10 16:42:01,660 INFO httpx HTTP Request: POST https://private-users-mcp.query.prod.telnyx.io:3000/mcp "HTTP/1.1 200 OK"
2026-06-10 16:42:01,824 INFO services.account_scanner Page 1450: fetched 100 users, 24 collectible, 58084 total candidates
2026-06-10 16:42:02,448 INFO httpx HTTP Request: POST https://private-users-mcp.query.prod.telnyx.io:3000/mcp "HTTP/1.1 200 OK"
2026-06-10 16:42:02,606 INFO services.account_scanner Page 1451: fetched 100 users, 41 collectible, 58125 total candidates
2026-06-10 16:42:03,268 INFO httpx HTTP Request: POST https://private-users-mcp.query.prod.telnyx.io:3000/mcp "HTTP/1.1 200 OK"
2026-06-10 16:42:03,425 INFO services.account_scanner Page 1452: fetched 100 users, 34 collectible, 58159 total candidates
2026-06-10 16:42:04,102 INFO httpx HTTP Request: POST https://private-users-mcp.query.prod.telnyx.io:3000/mcp "HTTP/1.1 200 OK"
2026-06-10 16:42:04,282 INFO services.account_scanner Page 1453: fetched 100 users, 34 collectible, 58193 total candidates
2026-06-10 16:42:04,909 INFO httpx HTTP Request: POST https://private-users-mcp.query.prod.telnyx.io:3000/mcp "HTTP/1.1 200 OK"
2026-06-10 16:42:05,071 INFO services.account_scanner Page 1454: fetched 100 users, 21 collectible, 58214 total candidates
2026-06-10 16:42:05,788 INFO httpx HTTP Request: POST https://private-users-mcp.query.prod.telnyx.io:3000/mcp "HTTP/1.1 200 OK"
2026-06-10 16:42:05,975 INFO services.account_scanner Page 1455: fetched 100 users, 36 collectible, 58250 total candidates
2026-06-10 16:42:06,630 INFO httpx HTTP Request: POST https://private-users-mcp.query.prod.telnyx.io:3000/mcp "HTTP/1.1 200 OK"
2026-06-10 16:42:06,796 INFO services.account_scanner Page 1456: fetched 100 users, 29 collectible, 58279 total candidates
2026-06-10 16:42:07,428 INFO httpx HTTP Request: POST https://private-users-mcp.query.prod.telnyx.io:3000/mcp "HTTP/1.1 200 OK"
2026-06-10 16:42:07,588 INFO services.account_scanner Page 1457: fetched 100 users, 36 collectible, 58315 total candidates
2026-06-10 16:42:08,242 INFO httpx HTTP Request: POST https://private-users-mcp.query.prod.telnyx.io:3000/mcp "HTTP/1.1 200 OK"
2026-06-10 16:42:08,400 INFO services.account_scanner Page 1458: fetched 100 users, 25 collectible, 58340 total candidates
2026-06-10 16:42:09,298 INFO httpx HTTP Request: POST https://private-users-mcp.query.prod.telnyx.io:3000/mcp "HTTP/1.1 200 OK"
2026-06-10 16:42:09,474 INFO services.account_scanner Page 1459: fetched 100 users, 65 collectible, 58405 total candidates
2026-06-10 16:42:10,206 INFO httpx HTTP Request: POST https://private-users-mcp.query.prod.telnyx.io:3000/mcp "HTTP/1.1 200 OK"
2026-06-10 16:42:10,387 INFO services.account_scanner Page 1460: fetched 100 users, 45 collectible, 58450 total candidates
2026-06-10 16:42:11,057 INFO httpx HTTP Request: POST https://private-users-mcp.query.prod.telnyx.io:3000/mcp "HTTP/1.1 200 OK"
2026-06-10 16:42:11,221 INFO services.account_scanner Page 1461: fetched 100 users, 44 collectible, 58494 total candidates
2026-06-10 16:42:12,023 INFO httpx HTTP Request: POST https://private-users-mcp.query.prod.telnyx.io:3000/mcp "HTTP/1.1 200 OK"
2026-06-10 16:42:12,200 INFO services.account_scanner Page 1462: fetched 100 users, 58 collectible, 58552 total candidates
2026-06-10 16:42:12,985 INFO httpx HTTP Request: POST https://private-users-mcp.query.prod.telnyx.io:3000/mcp "HTTP/1.1 200 OK"
2026-06-10 16:42:13,167 INFO services.account_scanner Page 1463: fetched 100 users, 51 collectible, 58603 total candidates
2026-06-10 16:42:13,998 INFO httpx HTTP Request: POST https://private-users-mcp.query.prod.telnyx.io:3000/mcp "HTTP/1.1 200 OK"
2026-06-10 16:42:14,275 INFO services.account_scanner Page 1464: fetched 100 users, 76 collectible, 58679 total candidates
2026-06-10 16:42:14,937 INFO httpx HTTP Request: POST https://private-users-mcp.query.prod.telnyx.io:3000/mcp "HTTP/1.1 200 OK"
2026-06-10 16:42:15,099 INFO services.account_scanner Page 1465: fetched 100 users, 33 collectible, 58712 total candidates
2026-06-10 16:42:15,809 INFO httpx HTTP Request: POST https://private-users-mcp.query.prod.telnyx.io:3000/mcp "HTTP/1.1 200 OK"
2026-06-10 16:42:15,986 INFO services.account_scanner Page 1466: fetched 100 users, 35 collectible, 58747 total candidates
2026-06-10 16:42:16,849 INFO httpx HTTP Request: POST https://private-users-mcp.query.prod.telnyx.io:3000/mcp "HTTP/1.1 200 OK"
2026-06-10 16:42:17,034 INFO services.account_scanner Page 1467: fetched 100 users, 66 collectible, 58813 total candidates
2026-06-10 16:42:17,776 INFO httpx HTTP Request: POST https://private-users-mcp.query.prod.telnyx.io:3000/mcp "HTTP/1.1 200 OK"
2026-06-10 16:42:17,957 INFO services.account_scanner Page 1468: fetched 100 users, 40 collectible, 58853 total candidates
2026-06-10 16:42:18,708 INFO httpx HTTP Request: POST https://private-users-mcp.query.prod.telnyx.io:3000/mcp "HTTP/1.1 200 OK"
2026-06-10 16:42:18,990 INFO services.account_scanner Page 1469: fetched 100 users, 64 collectible, 58917 total candidates
2026-06-10 16:42:19,780 INFO httpx HTTP Request: POST https://private-users-mcp.query.prod.telnyx.io:3000/mcp "HTTP/1.1 200 OK"
2026-06-10 16:42:20,062 INFO services.account_scanner Page 1470: fetched 100 users, 65 collectible, 58982 total candidates
2026-06-10 16:42:21,151 INFO httpx HTTP Request: POST https://private-users-mcp.query.prod.telnyx.io:3000/mcp "HTTP/1.1 200 OK"
2026-06-10 16:42:21,463 INFO services.account_scanner Page 1471: fetched 100 users, 70 collectible, 59052 total candidates
2026-06-10 16:42:22,264 INFO httpx HTTP Request: POST https://private-users-mcp.query.prod.telnyx.io:3000/mcp "HTTP/1.1 200 OK"
2026-06-10 16:42:22,553 INFO services.account_scanner Page 1472: fetched 100 users, 61 collectible, 59113 total candidates
2026-06-10 16:42:23,211 INFO httpx HTTP Request: POST https://private-users-mcp.query.prod.telnyx.io:3000/mcp "HTTP/1.1 200 OK"
2026-06-10 16:42:23,373 INFO services.account_scanner Page 1473: fetched 100 users, 53 collectible, 59166 total candidates
2026-06-10 16:42:24,054 INFO httpx HTTP Request: POST https://private-users-mcp.query.prod.telnyx.io:3000/mcp "HTTP/1.1 200 OK"
2026-06-10 16:42:24,228 INFO services.account_scanner Page 1474: fetched 100 users, 64 collectible, 59230 total candidates
2026-06-10 16:42:24,892 INFO httpx HTTP Request: POST https://private-users-mcp.query.prod.telnyx.io:3000/mcp "HTTP/1.1 200 OK"
2026-06-10 16:42:25,053 INFO services.account_scanner Page 1475: fetched 100 users, 60 collectible, 59290 total candidates
2026-06-10 16:42:25,765 INFO httpx HTTP Request: POST https://private-users-mcp.query.prod.telnyx.io:3000/mcp "HTTP/1.1 200 OK"
2026-06-10 16:42:25,943 INFO services.account_scanner Page 1476: fetched 100 users, 48 collectible, 59338 total candidates
2026-06-10 16:42:26,585 INFO httpx HTTP Request: POST https://private-users-mcp.query.prod.telnyx.io:3000/mcp "HTTP/1.1 200 OK"
2026-06-10 16:42:26,750 INFO services.account_scanner Page 1477: fetched 100 users, 53 collectible, 59391 total candidates
2026-06-10 16:42:27,370 INFO httpx HTTP Request: POST https://private-users-mcp.query.prod.telnyx.io:3000/mcp "HTTP/1.1 200 OK"
2026-06-10 16:42:27,526 INFO services.account_scanner Page 1478: fetched 100 users, 41 collectible, 59432 total candidates
2026-06-10 16:42:28,139 INFO httpx HTTP Request: POST https://private-users-mcp.query.prod.telnyx.io:3000/mcp "HTTP/1.1 200 OK"
2026-06-10 16:42:28,298 INFO services.account_scanner Page 1479: fetched 100 users, 75 collectible, 59507 total candidates
2026-06-10 16:42:28,945 INFO httpx HTTP Request: POST https://private-users-mcp.query.prod.telnyx.io:3000/mcp "HTTP/1.1 200 OK"
2026-06-10 16:42:29,126 INFO services.account_scanner Page 1480: fetched 100 users, 35 collectible, 59542 total candidates
2026-06-10 16:42:29,769 INFO httpx HTTP Request: POST https://private-users-mcp.query.prod.telnyx.io:3000/mcp "HTTP/1.1 200 OK"
2026-06-10 16:42:29,925 INFO services.account_scanner Page 1481: fetched 100 users, 30 collectible, 59572 total candidates
2026-06-10 16:42:30,651 INFO httpx HTTP Request: POST https://private-users-mcp.query.prod.telnyx.io:3000/mcp "HTTP/1.1 200 OK"
2026-06-10 16:42:30,831 INFO services.account_scanner Page 1482: fetched 100 users, 32 collectible, 59604 total candidates
2026-06-10 16:42:31,508 INFO httpx HTTP Request: POST https://private-users-mcp.query.prod.telnyx.io:3000/mcp "HTTP/1.1 200 OK"
2026-06-10 16:42:31,688 INFO services.account_scanner Page 1483: fetched 100 users, 29 collectible, 59633 total candidates
2026-06-10 16:42:32,603 INFO httpx HTTP Request: POST https://private-users-mcp.query.prod.telnyx.io:3000/mcp "HTTP/1.1 200 OK"
2026-06-10 16:42:32,885 INFO services.account_scanner Page 1484: fetched 100 users, 45 collectible, 59678 total candidates
2026-06-10 16:42:33,565 INFO httpx HTTP Request: POST https://private-users-mcp.query.prod.telnyx.io:3000/mcp "HTTP/1.1 200 OK"
2026-06-10 16:42:33,732 INFO services.account_scanner Page 1485: fetched 100 users, 44 collectible, 59722 total candidates
2026-06-10 16:42:34,479 INFO httpx HTTP Request: POST https://private-users-mcp.query.prod.telnyx.io:3000/mcp "HTTP/1.1 200 OK"
2026-06-10 16:42:34,656 INFO services.account_scanner Page 1486: fetched 100 users, 25 collectible, 59747 total candidates
2026-06-10 16:42:35,440 INFO httpx HTTP Request: POST https://private-users-mcp.query.prod.telnyx.io:3000/mcp "HTTP/1.1 200 OK"
2026-06-10 16:42:35,622 INFO services.account_scanner Page 1487: fetched 100 users, 36 collectible, 59783 total candidates
2026-06-10 16:42:36,368 INFO httpx HTTP Request: POST https://private-users-mcp.query.prod.telnyx.io:3000/mcp "HTTP/1.1 200 OK"
2026-06-10 16:42:36,649 INFO services.account_scanner Page 1488: fetched 100 users, 33 collectible, 59816 total candidates
2026-06-10 16:42:37,369 INFO httpx HTTP Request: POST https://private-users-mcp.query.prod.telnyx.io:3000/mcp "HTTP/1.1 200 OK"
2026-06-10 16:42:37,649 INFO services.account_scanner Page 1489: fetched 100 users, 30 collectible, 59846 total candidates
2026-06-10 16:42:38,380 INFO httpx HTTP Request: POST https://private-users-mcp.query.prod.telnyx.io:3000/mcp "HTTP/1.1 200 OK"
2026-06-10 16:42:38,662 INFO services.account_scanner Page 1490: fetched 100 users, 28 collectible, 59874 total candidates
2026-06-10 16:42:39,353 INFO httpx HTTP Request: POST https://private-users-mcp.query.prod.telnyx.io:3000/mcp "HTTP/1.1 200 OK"
2026-06-10 16:42:39,517 INFO services.account_scanner Page 1491: fetched 100 users, 43 collectible, 59917 total candidates
2026-06-10 16:42:40,174 INFO httpx HTTP Request: POST https://private-users-mcp.query.prod.telnyx.io:3000/mcp "HTTP/1.1 200 OK"
2026-06-10 16:42:40,336 INFO services.account_scanner Page 1492: fetched 100 users, 15 collectible, 59932 total candidates
2026-06-10 16:42:40,968 INFO httpx HTTP Request: POST https://private-users-mcp.query.prod.telnyx.io:3000/mcp "HTTP/1.1 200 OK"
2026-06-10 16:42:41,125 INFO services.account_scanner Page 1493: fetched 100 users, 33 collectible, 59965 total candidates
2026-06-10 16:42:41,782 INFO httpx HTTP Request: POST https://private-users-mcp.query.prod.telnyx.io:3000/mcp "HTTP/1.1 200 OK"
2026-06-10 16:42:41,943 INFO services.account_scanner Page 1494: fetched 100 users, 44 collectible, 60009 total candidates
2026-06-10 16:42:42,640 INFO httpx HTTP Request: POST https://private-users-mcp.query.prod.telnyx.io:3000/mcp "HTTP/1.1 200 OK"
2026-06-10 16:42:42,819 INFO services.account_scanner Page 1495: fetched 100 users, 37 collectible, 60046 total candidates
2026-06-10 16:42:43,479 INFO httpx HTTP Request: POST https://private-users-mcp.query.prod.telnyx.io:3000/mcp "HTTP/1.1 200 OK"
2026-06-10 16:42:43,640 INFO services.account_scanner Page 1496: fetched 100 users, 40 collectible, 60086 total candidates
2026-06-10 16:42:44,461 INFO httpx HTTP Request: POST https://private-users-mcp.query.prod.telnyx.io:3000/mcp "HTTP/1.1 200 OK"
2026-06-10 16:42:44,642 INFO services.account_scanner Page 1497: fetched 100 users, 26 collectible, 60112 total candidates
2026-06-10 16:42:45,271 INFO httpx HTTP Request: POST https://private-users-mcp.query.prod.telnyx.io:3000/mcp "HTTP/1.1 200 OK"
2026-06-10 16:42:45,433 INFO services.account_scanner Page 1498: fetched 100 users, 24 collectible, 60136 total candidates
2026-06-10 16:42:46,095 INFO httpx HTTP Request: POST https://private-users-mcp.query.prod.telnyx.io:3000/mcp "HTTP/1.1 200 OK"
2026-06-10 16:42:46,253 INFO services.account_scanner Page 1499: fetched 100 users, 29 collectible, 60165 total candidates
2026-06-10 16:42:47,090 INFO httpx HTTP Request: POST https://private-users-mcp.query.prod.telnyx.io:3000/mcp "HTTP/1.1 200 OK"
2026-06-10 16:42:47,265 INFO services.account_scanner Page 1500: fetched 100 users, 25 collectible, 60190 total candidates
2026-06-10 16:42:47,920 INFO httpx HTTP Request: POST https://private-users-mcp.query.prod.telnyx.io:3000/mcp "HTTP/1.1 200 OK"
2026-06-10 16:42:48,084 INFO services.account_scanner Page 1501: fetched 100 users, 40 collectible, 60230 total candidates
2026-06-10 16:42:48,780 INFO httpx HTTP Request: POST https://private-users-mcp.query.prod.telnyx.io:3000/mcp "HTTP/1.1 200 OK"
2026-06-10 16:42:48,961 INFO services.account_scanner Page 1502: fetched 100 users, 36 collectible, 60266 total candidates
2026-06-10 16:42:49,606 INFO httpx HTTP Request: POST https://private-users-mcp.query.prod.telnyx.io:3000/mcp "HTTP/1.1 200 OK"
2026-06-10 16:42:49,766 INFO services.account_scanner Page 1503: fetched 100 users, 22 collectible, 60288 total candidates
2026-06-10 16:42:50,425 INFO httpx HTTP Request: POST https://private-users-mcp.query.prod.telnyx.io:3000/mcp "HTTP/1.1 200 OK"
2026-06-10 16:42:50,584 INFO services.account_scanner Page 1504: fetched 100 users, 35 collectible, 60323 total candidates
2026-06-10 16:42:51,310 INFO httpx HTTP Request: POST https://private-users-mcp.query.prod.telnyx.io:3000/mcp "HTTP/1.1 200 OK"
2026-06-10 16:42:51,487 INFO services.account_scanner Page 1505: fetched 100 users, 51 collectible, 60374 total candidates
2026-06-10 16:42:52,269 INFO httpx HTTP Request: POST https://private-users-mcp.query.prod.telnyx.io:3000/mcp "HTTP/1.1 200 OK"
2026-06-10 16:42:52,450 INFO services.account_scanner Page 1506: fetched 100 users, 68 collectible, 60442 total candidates
2026-06-10 16:42:53,080 INFO httpx HTTP Request: POST https://private-users-mcp.query.prod.telnyx.io:3000/mcp "HTTP/1.1 200 OK"
2026-06-10 16:42:53,244 INFO services.account_scanner Page 1507: fetched 100 users, 38 collectible, 60480 total candidates
2026-06-10 16:42:53,977 INFO httpx HTTP Request: POST https://private-users-mcp.query.prod.telnyx.io:3000/mcp "HTTP/1.1 200 OK"
2026-06-10 16:42:54,156 INFO services.account_scanner Page 1508: fetched 100 users, 55 collectible, 60535 total candidates
2026-06-10 16:42:54,932 INFO httpx HTTP Request: POST https://private-users-mcp.query.prod.telnyx.io:3000/mcp "HTTP/1.1 200 OK"
2026-06-10 16:42:55,213 INFO services.account_scanner Page 1509: fetched 100 users, 63 collectible, 60598 total candidates
2026-06-10 16:42:55,993 INFO httpx HTTP Request: POST https://private-users-mcp.query.prod.telnyx.io:3000/mcp "HTTP/1.1 200 OK"
2026-06-10 16:42:56,279 INFO services.account_scanner Page 1510: fetched 100 users, 68 collectible, 60666 total candidates
2026-06-10 16:42:56,911 INFO httpx HTTP Request: POST https://private-users-mcp.query.prod.telnyx.io:3000/mcp "HTTP/1.1 200 OK"
2026-06-10 16:42:57,073 INFO services.account_scanner Page 1511: fetched 100 users, 25 collectible, 60691 total candidates
2026-06-10 16:42:57,721 INFO httpx HTTP Request: POST https://private-users-mcp.query.prod.telnyx.io:3000/mcp "HTTP/1.1 200 OK"
2026-06-10 16:42:57,881 INFO services.account_scanner Page 1512: fetched 100 users, 41 collectible, 60732 total candidates
2026-06-10 16:42:58,625 INFO httpx HTTP Request: POST https://private-users-mcp.query.prod.telnyx.io:3000/mcp "HTTP/1.1 200 OK"
2026-06-10 16:42:58,803 INFO services.account_scanner Page 1513: fetched 100 users, 51 collectible, 60783 total candidates
2026-06-10 16:42:59,433 INFO httpx HTTP Request: POST https://private-users-mcp.query.prod.telnyx.io:3000/mcp "HTTP/1.1 200 OK"
2026-06-10 16:42:59,596 INFO services.account_scanner Page 1514: fetched 100 users, 29 collectible, 60812 total candidates
2026-06-10 16:43:00,260 INFO httpx HTTP Request: POST https://private-users-mcp.query.prod.telnyx.io:3000/mcp "HTTP/1.1 200 OK"
2026-06-10 16:43:00,419 INFO services.account_scanner Page 1515: fetched 100 users, 35 collectible, 60847 total candidates
2026-06-10 16:43:01,099 INFO httpx HTTP Request: POST https://private-users-mcp.query.prod.telnyx.io:3000/mcp "HTTP/1.1 200 OK"
2026-06-10 16:43:01,276 INFO services.account_scanner Page 1516: fetched 100 users, 33 collectible, 60880 total candidates
2026-06-10 16:43:02,100 INFO httpx HTTP Request: POST https://private-users-mcp.query.prod.telnyx.io:3000/mcp "HTTP/1.1 200 OK"
2026-06-10 16:43:02,280 INFO services.account_scanner Page 1517: fetched 100 users, 45 collectible, 60925 total candidates
2026-06-10 16:43:03,105 INFO httpx HTTP Request: POST https://private-users-mcp.query.prod.telnyx.io:3000/mcp "HTTP/1.1 200 OK"
2026-06-10 16:43:03,391 INFO services.account_scanner Page 1518: fetched 100 users, 47 collectible, 60972 total candidates
2026-06-10 16:43:04,173 INFO httpx HTTP Request: POST https://private-users-mcp.query.prod.telnyx.io:3000/mcp "HTTP/1.1 200 OK"
2026-06-10 16:43:04,456 INFO services.account_scanner Page 1519: fetched 100 users, 37 collectible, 61009 total candidates
2026-06-10 16:43:05,219 INFO httpx HTTP Request: POST https://private-users-mcp.query.prod.telnyx.io:3000/mcp "HTTP/1.1 200 OK"
2026-06-10 16:43:05,401 INFO services.account_scanner Page 1520: fetched 100 users, 42 collectible, 61051 total candidates
2026-06-10 16:43:06,123 INFO httpx HTTP Request: POST https://private-users-mcp.query.prod.telnyx.io:3000/mcp "HTTP/1.1 200 OK"
2026-06-10 16:43:06,406 INFO services.account_scanner Page 1521: fetched 100 users, 40 collectible, 61091 total candidates
2026-06-10 16:43:07,165 INFO httpx HTTP Request: POST https://private-users-mcp.query.prod.telnyx.io:3000/mcp "HTTP/1.1 200 OK"
2026-06-10 16:43:07,450 INFO services.account_scanner Page 1522: fetched 100 users, 36 collectible, 61127 total candidates
2026-06-10 16:43:08,153 INFO httpx HTTP Request: POST https://private-users-mcp.query.prod.telnyx.io:3000/mcp "HTTP/1.1 200 OK"
2026-06-10 16:43:08,337 INFO services.account_scanner Page 1523: fetched 100 users, 31 collectible, 61158 total candidates
2026-06-10 16:43:08,982 INFO httpx HTTP Request: POST https://private-users-mcp.query.prod.telnyx.io:3000/mcp "HTTP/1.1 200 OK"
2026-06-10 16:43:09,146 INFO services.account_scanner Page 1524: fetched 100 users, 38 collectible, 61196 total candidates
2026-06-10 16:43:09,811 INFO httpx HTTP Request: POST https://private-users-mcp.query.prod.telnyx.io:3000/mcp "HTTP/1.1 200 OK"
2026-06-10 16:43:09,975 INFO services.account_scanner Page 1525: fetched 100 users, 41 collectible, 61237 total candidates
2026-06-10 16:43:10,671 INFO httpx HTTP Request: POST https://private-users-mcp.query.prod.telnyx.io:3000/mcp "HTTP/1.1 200 OK"
2026-06-10 16:43:10,850 INFO services.account_scanner Page 1526: fetched 100 users, 35 collectible, 61272 total candidates
2026-06-10 16:43:11,515 INFO httpx HTTP Request: POST https://private-users-mcp.query.prod.telnyx.io:3000/mcp "HTTP/1.1 200 OK"
2026-06-10 16:43:11,768 INFO services.account_scanner Page 1527: fetched 100 users, 37 collectible, 61309 total candidates
2026-06-10 16:43:12,577 INFO httpx HTTP Request: POST https://private-users-mcp.query.prod.telnyx.io:3000/mcp "HTTP/1.1 200 OK"
2026-06-10 16:43:12,754 INFO services.account_scanner Page 1528: fetched 100 users, 46 collectible, 61355 total candidates
2026-06-10 16:43:13,434 INFO httpx HTTP Request: POST https://private-users-mcp.query.prod.telnyx.io:3000/mcp "HTTP/1.1 200 OK"
2026-06-10 16:43:13,613 INFO services.account_scanner Page 1529: fetched 100 users, 35 collectible, 61390 total candidates
2026-06-10 16:43:14,303 INFO httpx HTTP Request: POST https://private-users-mcp.query.prod.telnyx.io:3000/mcp "HTTP/1.1 200 OK"
2026-06-10 16:43:14,485 INFO services.account_scanner Page 1530: fetched 100 users, 30 collectible, 61420 total candidates
2026-06-10 16:43:15,110 INFO httpx HTTP Request: POST https://private-users-mcp.query.prod.telnyx.io:3000/mcp "HTTP/1.1 200 OK"
2026-06-10 16:43:15,280 INFO services.account_scanner Page 1531: fetched 100 users, 40 collectible, 61460 total candidates
2026-06-10 16:43:15,961 INFO httpx HTTP Request: POST https://private-users-mcp.query.prod.telnyx.io:3000/mcp "HTTP/1.1 200 OK"
2026-06-10 16:43:16,140 INFO services.account_scanner Page 1532: fetched 100 users, 34 collectible, 61494 total candidates
2026-06-10 16:43:17,127 INFO httpx HTTP Request: POST https://private-users-mcp.query.prod.telnyx.io:3000/mcp "HTTP/1.1 200 OK"
2026-06-10 16:43:17,305 INFO services.account_scanner Page 1533: fetched 100 users, 33 collectible, 61527 total candidates
2026-06-10 16:43:18,002 INFO httpx HTTP Request: POST https://private-users-mcp.query.prod.telnyx.io:3000/mcp "HTTP/1.1 200 OK"
2026-06-10 16:43:18,185 INFO services.account_scanner Page 1534: fetched 100 users, 43 collectible, 61570 total candidates
2026-06-10 16:43:18,851 INFO httpx HTTP Request: POST https://private-users-mcp.query.prod.telnyx.io:3000/mcp "HTTP/1.1 200 OK"
2026-06-10 16:43:19,014 INFO services.account_scanner Page 1535: fetched 100 users, 44 collectible, 61614 total candidates
2026-06-10 16:43:19,695 INFO httpx HTTP Request: POST https://private-users-mcp.query.prod.telnyx.io:3000/mcp "HTTP/1.1 200 OK"
2026-06-10 16:43:19,874 INFO services.account_scanner Page 1536: fetched 100 users, 31 collectible, 61645 total candidates
2026-06-10 16:43:20,540 INFO httpx HTTP Request: POST https://private-users-mcp.query.prod.telnyx.io:3000/mcp "HTTP/1.1 200 OK"
2026-06-10 16:43:20,704 INFO services.account_scanner Page 1537: fetched 100 users, 26 collectible, 61671 total candidates
2026-06-10 16:43:21,365 INFO httpx HTTP Request: POST https://private-users-mcp.query.prod.telnyx.io:3000/mcp "HTTP/1.1 200 OK"
2026-06-10 16:43:21,530 INFO services.account_scanner Page 1538: fetched 100 users, 30 collectible, 61701 total candidates
2026-06-10 16:43:22,176 INFO httpx HTTP Request: POST https://private-users-mcp.query.prod.telnyx.io:3000/mcp "HTTP/1.1 200 OK"
2026-06-10 16:43:22,335 INFO services.account_scanner Page 1539: fetched 100 users, 39 collectible, 61740 total candidates
2026-06-10 16:43:22,989 INFO httpx HTTP Request: POST https://private-users-mcp.query.prod.telnyx.io:3000/mcp "HTTP/1.1 200 OK"
2026-06-10 16:43:23,150 INFO services.account_scanner Page 1540: fetched 100 users, 72 collectible, 61812 total candidates
2026-06-10 16:43:23,835 INFO httpx HTTP Request: POST https://private-users-mcp.query.prod.telnyx.io:3000/mcp "HTTP/1.1 200 OK"
2026-06-10 16:43:24,013 INFO services.account_scanner Page 1541: fetched 100 users, 60 collectible, 61872 total candidates
2026-06-10 16:43:24,724 INFO httpx HTTP Request: POST https://private-users-mcp.query.prod.telnyx.io:3000/mcp "HTTP/1.1 200 OK"
2026-06-10 16:43:25,005 INFO services.account_scanner Page 1542: fetched 100 users, 62 collectible, 61934 total candidates
2026-06-10 16:43:25,684 INFO httpx HTTP Request: POST https://private-users-mcp.query.prod.telnyx.io:3000/mcp "HTTP/1.1 200 OK"
2026-06-10 16:43:25,847 INFO services.account_scanner Page 1543: fetched 100 users, 47 collectible, 61981 total candidates
2026-06-10 16:43:26,496 INFO httpx HTTP Request: POST https://private-users-mcp.query.prod.telnyx.io:3000/mcp "HTTP/1.1 200 OK"
2026-06-10 16:43:26,656 INFO services.account_scanner Page 1544: fetched 100 users, 36 collectible, 62017 total candidates
2026-06-10 16:43:27,315 INFO httpx HTTP Request: POST https://private-users-mcp.query.prod.telnyx.io:3000/mcp "HTTP/1.1 200 OK"
2026-06-10 16:43:27,473 INFO services.account_scanner Page 1545: fetched 100 users, 8 collectible, 62025 total candidates
2026-06-10 16:43:28,173 INFO httpx HTTP Request: POST https://private-users-mcp.query.prod.telnyx.io:3000/mcp "HTTP/1.1 200 OK"
2026-06-10 16:43:28,350 INFO services.account_scanner Page 1546: fetched 100 users, 36 collectible, 62061 total candidates
2026-06-10 16:43:29,139 INFO httpx HTTP Request: POST https://private-users-mcp.query.prod.telnyx.io:3000/mcp "HTTP/1.1 200 OK"
2026-06-10 16:43:29,318 INFO services.account_scanner Page 1547: fetched 100 users, 30 collectible, 62091 total candidates
2026-06-10 16:43:30,054 INFO httpx HTTP Request: POST https://private-users-mcp.query.prod.telnyx.io:3000/mcp "HTTP/1.1 200 OK"
2026-06-10 16:43:30,334 INFO services.account_scanner Page 1548: fetched 100 users, 26 collectible, 62117 total candidates
2026-06-10 16:43:31,044 INFO httpx HTTP Request: POST https://private-users-mcp.query.prod.telnyx.io:3000/mcp "HTTP/1.1 200 OK"
2026-06-10 16:43:31,225 INFO services.account_scanner Page 1549: fetched 100 users, 37 collectible, 62154 total candidates
2026-06-10 16:43:31,886 INFO httpx HTTP Request: POST https://private-users-mcp.query.prod.telnyx.io:3000/mcp "HTTP/1.1 200 OK"
2026-06-10 16:43:32,055 INFO services.account_scanner Page 1550: fetched 100 users, 21 collectible, 62175 total candidates
2026-06-10 16:43:32,896 INFO httpx HTTP Request: POST https://private-users-mcp.query.prod.telnyx.io:3000/mcp "HTTP/1.1 200 OK"
2026-06-10 16:43:33,070 INFO services.account_scanner Page 1551: fetched 100 users, 56 collectible, 62231 total candidates
2026-06-10 16:43:33,851 INFO httpx HTTP Request: POST https://private-users-mcp.query.prod.telnyx.io:3000/mcp "HTTP/1.1 200 OK"
2026-06-10 16:43:34,029 INFO services.account_scanner Page 1552: fetched 100 users, 37 collectible, 62268 total candidates
2026-06-10 16:43:34,641 INFO httpx HTTP Request: POST https://private-users-mcp.query.prod.telnyx.io:3000/mcp "HTTP/1.1 200 OK"
2026-06-10 16:43:34,804 INFO services.account_scanner Page 1553: fetched 100 users, 23 collectible, 62291 total candidates
2026-06-10 16:43:35,479 INFO httpx HTTP Request: POST https://private-users-mcp.query.prod.telnyx.io:3000/mcp "HTTP/1.1 200 OK"
2026-06-10 16:43:35,658 INFO services.account_scanner Page 1554: fetched 100 users, 36 collectible, 62327 total candidates
2026-06-10 16:43:36,306 INFO httpx HTTP Request: POST https://private-users-mcp.query.prod.telnyx.io:3000/mcp "HTTP/1.1 200 OK"
2026-06-10 16:43:36,467 INFO services.account_scanner Page 1555: fetched 100 users, 41 collectible, 62368 total candidates
2026-06-10 16:43:37,183 INFO httpx HTTP Request: POST https://private-users-mcp.query.prod.telnyx.io:3000/mcp "HTTP/1.1 200 OK"
2026-06-10 16:43:37,363 INFO services.account_scanner Page 1556: fetched 100 users, 41 collectible, 62409 total candidates
2026-06-10 16:43:38,075 INFO httpx HTTP Request: POST https://private-users-mcp.query.prod.telnyx.io:3000/mcp "HTTP/1.1 200 OK"
2026-06-10 16:43:38,256 INFO services.account_scanner Page 1557: fetched 100 users, 30 collectible, 62439 total candidates
2026-06-10 16:43:39,002 INFO httpx HTTP Request: POST https://private-users-mcp.query.prod.telnyx.io:3000/mcp "HTTP/1.1 200 OK"
2026-06-10 16:43:39,283 INFO services.account_scanner Page 1558: fetched 100 users, 39 collectible, 62478 total candidates
2026-06-10 16:43:40,011 INFO httpx HTTP Request: POST https://private-users-mcp.query.prod.telnyx.io:3000/mcp "HTTP/1.1 200 OK"
2026-06-10 16:43:40,294 INFO services.account_scanner Page 1559: fetched 100 users, 53 collectible, 62531 total candidates
2026-06-10 16:43:41,033 INFO httpx HTTP Request: POST https://private-users-mcp.query.prod.telnyx.io:3000/mcp "HTTP/1.1 200 OK"
2026-06-10 16:43:41,315 INFO services.account_scanner Page 1560: fetched 100 users, 51 collectible, 62582 total candidates
2026-06-10 16:43:42,029 INFO httpx HTTP Request: POST https://private-users-mcp.query.prod.telnyx.io:3000/mcp "HTTP/1.1 200 OK"
2026-06-10 16:43:42,209 INFO services.account_scanner Page 1561: fetched 100 users, 23 collectible, 62605 total candidates
2026-06-10 16:43:42,875 INFO httpx HTTP Request: POST https://private-users-mcp.query.prod.telnyx.io:3000/mcp "HTTP/1.1 200 OK"
2026-06-10 16:43:43,042 INFO services.account_scanner Page 1562: fetched 100 users, 18 collectible, 62623 total candidates
2026-06-10 16:43:43,694 INFO httpx HTTP Request: POST https://private-users-mcp.query.prod.telnyx.io:3000/mcp "HTTP/1.1 200 OK"
2026-06-10 16:43:43,851 INFO services.account_scanner Page 1563: fetched 100 users, 11 collectible, 62634 total candidates
2026-06-10 16:43:44,540 INFO httpx HTTP Request: POST https://private-users-mcp.query.prod.telnyx.io:3000/mcp "HTTP/1.1 200 OK"
2026-06-10 16:43:44,716 INFO services.account_scanner Page 1564: fetched 100 users, 21 collectible, 62655 total candidates
2026-06-10 16:43:45,383 INFO httpx HTTP Request: POST https://private-users-mcp.query.prod.telnyx.io:3000/mcp "HTTP/1.1 200 OK"
2026-06-10 16:43:45,546 INFO services.account_scanner Page 1565: fetched 100 users, 8 collectible, 62663 total candidates
2026-06-10 16:43:46,178 INFO httpx HTTP Request: POST https://private-users-mcp.query.prod.telnyx.io:3000/mcp "HTTP/1.1 200 OK"
2026-06-10 16:43:46,337 INFO services.account_scanner Page 1566: fetched 100 users, 12 collectible, 62675 total candidates
2026-06-10 16:43:46,996 INFO httpx HTTP Request: POST https://private-users-mcp.query.prod.telnyx.io:3000/mcp "HTTP/1.1 200 OK"
2026-06-10 16:43:47,154 INFO services.account_scanner Page 1567: fetched 100 users, 15 collectible, 62690 total candidates
2026-06-10 16:43:47,878 INFO httpx HTTP Request: POST https://private-users-mcp.query.prod.telnyx.io:3000/mcp "HTTP/1.1 200 OK"
2026-06-10 16:43:48,057 INFO services.account_scanner Page 1568: fetched 100 users, 33 collectible, 62723 total candidates
2026-06-10 16:43:48,889 INFO httpx HTTP Request: POST https://private-users-mcp.query.prod.telnyx.io:3000/mcp "HTTP/1.1 200 OK"
2026-06-10 16:43:49,068 INFO services.account_scanner Page 1569: fetched 100 users, 26 collectible, 62749 total candidates
2026-06-10 16:43:49,746 INFO httpx HTTP Request: POST https://private-users-mcp.query.prod.telnyx.io:3000/mcp "HTTP/1.1 200 OK"
2026-06-10 16:43:49,912 INFO services.account_scanner Page 1570: fetched 100 users, 49 collectible, 62798 total candidates
2026-06-10 16:43:50,636 INFO httpx HTTP Request: POST https://private-users-mcp.query.prod.telnyx.io:3000/mcp "HTTP/1.1 200 OK"
2026-06-10 16:43:50,814 INFO services.account_scanner Page 1571: fetched 100 users, 42 collectible, 62840 total candidates
2026-06-10 16:43:51,442 INFO httpx HTTP Request: POST https://private-users-mcp.query.prod.telnyx.io:3000/mcp "HTTP/1.1 200 OK"
2026-06-10 16:43:51,603 INFO services.account_scanner Page 1572: fetched 100 users, 18 collectible, 62858 total candidates
2026-06-10 16:43:52,419 INFO httpx HTTP Request: POST https://private-users-mcp.query.prod.telnyx.io:3000/mcp "HTTP/1.1 200 OK"
2026-06-10 16:43:52,597 INFO services.account_scanner Page 1573: fetched 100 users, 47 collectible, 62905 total candidates
2026-06-10 16:43:53,261 INFO httpx HTTP Request: POST https://private-users-mcp.query.prod.telnyx.io:3000/mcp "HTTP/1.1 200 OK"
2026-06-10 16:43:53,425 INFO services.account_scanner Page 1574: fetched 100 users, 43 collectible, 62948 total candidates
2026-06-10 16:43:54,103 INFO httpx HTTP Request: POST https://private-users-mcp.query.prod.telnyx.io:3000/mcp "HTTP/1.1 200 OK"
2026-06-10 16:43:54,282 INFO services.account_scanner Page 1575: fetched 100 users, 27 collectible, 62975 total candidates
2026-06-10 16:43:54,993 INFO httpx HTTP Request: POST https://private-users-mcp.query.prod.telnyx.io:3000/mcp "HTTP/1.1 200 OK"
2026-06-10 16:43:55,174 INFO services.account_scanner Page 1576: fetched 100 users, 21 collectible, 62996 total candidates
2026-06-10 16:43:55,864 INFO httpx HTTP Request: POST https://private-users-mcp.query.prod.telnyx.io:3000/mcp "HTTP/1.1 200 OK"
2026-06-10 16:43:56,146 INFO services.account_scanner Page 1577: fetched 100 users, 34 collectible, 63030 total candidates
2026-06-10 16:43:56,824 INFO httpx HTTP Request: POST https://private-users-mcp.query.prod.telnyx.io:3000/mcp "HTTP/1.1 200 OK"
2026-06-10 16:43:56,988 INFO services.account_scanner Page 1578: fetched 100 users, 35 collectible, 63065 total candidates
2026-06-10 16:43:57,747 INFO httpx HTTP Request: POST https://private-users-mcp.query.prod.telnyx.io:3000/mcp "HTTP/1.1 200 OK"
2026-06-10 16:43:57,927 INFO services.account_scanner Page 1579: fetched 100 users, 30 collectible, 63095 total candidates
2026-06-10 16:43:58,609 INFO httpx HTTP Request: POST https://private-users-mcp.query.prod.telnyx.io:3000/mcp "HTTP/1.1 200 OK"
2026-06-10 16:43:58,790 INFO services.account_scanner Page 1580: fetched 100 users, 38 collectible, 63133 total candidates
2026-06-10 16:43:59,699 INFO httpx HTTP Request: POST https://private-users-mcp.query.prod.telnyx.io:3000/mcp "HTTP/1.1 200 OK"
2026-06-10 16:43:59,983 INFO services.account_scanner Page 1581: fetched 100 users, 55 collectible, 63188 total candidates
2026-06-10 16:44:00,749 INFO httpx HTTP Request: POST https://private-users-mcp.query.prod.telnyx.io:3000/mcp "HTTP/1.1 200 OK"
2026-06-10 16:44:01,028 INFO services.account_scanner Page 1582: fetched 100 users, 35 collectible, 63223 total candidates
2026-06-10 16:44:01,687 INFO httpx HTTP Request: POST https://private-users-mcp.query.prod.telnyx.io:3000/mcp "HTTP/1.1 200 OK"
2026-06-10 16:44:01,849 INFO services.account_scanner Page 1583: fetched 100 users, 41 collectible, 63264 total candidates
2026-06-10 16:44:02,536 INFO httpx HTTP Request: POST https://private-users-mcp.query.prod.telnyx.io:3000/mcp "HTTP/1.1 200 OK"
2026-06-10 16:44:02,716 INFO services.account_scanner Page 1584: fetched 100 users, 44 collectible, 63308 total candidates
2026-06-10 16:44:03,411 INFO httpx HTTP Request: POST https://private-users-mcp.query.prod.telnyx.io:3000/mcp "HTTP/1.1 200 OK"
2026-06-10 16:44:03,593 INFO services.account_scanner Page 1585: fetched 100 users, 40 collectible, 63348 total candidates
2026-06-10 16:44:04,240 INFO httpx HTTP Request: POST https://private-users-mcp.query.prod.telnyx.io:3000/mcp "HTTP/1.1 200 OK"
2026-06-10 16:44:04,402 INFO services.account_scanner Page 1586: fetched 100 users, 16 collectible, 63364 total candidates
2026-06-10 16:44:05,087 INFO httpx HTTP Request: POST https://private-users-mcp.query.prod.telnyx.io:3000/mcp "HTTP/1.1 200 OK"
2026-06-10 16:44:05,272 INFO services.account_scanner Page 1587: fetched 100 users, 31 collectible, 63395 total candidates
2026-06-10 16:44:05,935 INFO httpx HTTP Request: POST https://private-users-mcp.query.prod.telnyx.io:3000/mcp "HTTP/1.1 200 OK"
2026-06-10 16:44:06,096 INFO services.account_scanner Page 1588: fetched 100 users, 41 collectible, 63436 total candidates
2026-06-10 16:44:06,800 INFO httpx HTTP Request: POST https://private-users-mcp.query.prod.telnyx.io:3000/mcp "HTTP/1.1 200 OK"
2026-06-10 16:44:06,979 INFO services.account_scanner Page 1589: fetched 100 users, 49 collectible, 63485 total candidates
2026-06-10 16:44:07,753 INFO httpx HTTP Request: POST https://private-users-mcp.query.prod.telnyx.io:3000/mcp "HTTP/1.1 200 OK"
2026-06-10 16:44:07,937 INFO services.account_scanner Page 1590: fetched 100 users, 30 collectible, 63515 total candidates
2026-06-10 16:44:08,589 INFO httpx HTTP Request: POST https://private-users-mcp.query.prod.telnyx.io:3000/mcp "HTTP/1.1 200 OK"
2026-06-10 16:44:08,753 INFO services.account_scanner Page 1591: fetched 100 users, 39 collectible, 63554 total candidates
2026-06-10 16:44:09,502 INFO httpx HTTP Request: POST https://private-users-mcp.query.prod.telnyx.io:3000/mcp "HTTP/1.1 200 OK"
2026-06-10 16:44:09,680 INFO services.account_scanner Page 1592: fetched 100 users, 43 collectible, 63597 total candidates
2026-06-10 16:44:10,497 INFO httpx HTTP Request: POST https://private-users-mcp.query.prod.telnyx.io:3000/mcp "HTTP/1.1 200 OK"
2026-06-10 16:44:10,675 INFO services.account_scanner Page 1593: fetched 100 users, 25 collectible, 63622 total candidates
2026-06-10 16:44:11,361 INFO httpx HTTP Request: POST https://private-users-mcp.query.prod.telnyx.io:3000/mcp "HTTP/1.1 200 OK"
2026-06-10 16:44:11,643 INFO services.account_scanner Page 1594: fetched 100 users, 48 collectible, 63670 total candidates
2026-06-10 16:44:12,340 INFO httpx HTTP Request: POST https://private-users-mcp.query.prod.telnyx.io:3000/mcp "HTTP/1.1 200 OK"
2026-06-10 16:44:12,519 INFO services.account_scanner Page 1595: fetched 100 users, 30 collectible, 63700 total candidates
2026-06-10 16:44:13,340 INFO httpx HTTP Request: POST https://private-users-mcp.query.prod.telnyx.io:3000/mcp "HTTP/1.1 200 OK"
2026-06-10 16:44:13,619 INFO services.account_scanner Page 1596: fetched 100 users, 74 collectible, 63774 total candidates
2026-06-10 16:44:14,303 INFO httpx HTTP Request: POST https://private-users-mcp.query.prod.telnyx.io:3000/mcp "HTTP/1.1 200 OK"
2026-06-10 16:44:14,469 INFO services.account_scanner Page 1597: fetched 100 users, 34 collectible, 63808 total candidates
2026-06-10 16:44:15,164 INFO httpx HTTP Request: POST https://private-users-mcp.query.prod.telnyx.io:3000/mcp "HTTP/1.1 200 OK"
2026-06-10 16:44:15,341 INFO services.account_scanner Page 1598: fetched 100 users, 45 collectible, 63853 total candidates
2026-06-10 16:44:16,012 INFO httpx HTTP Request: POST https://private-users-mcp.query.prod.telnyx.io:3000/mcp "HTTP/1.1 200 OK"
2026-06-10 16:44:16,176 INFO services.account_scanner Page 1599: fetched 100 users, 45 collectible, 63898 total candidates
2026-06-10 16:44:16,939 INFO httpx HTTP Request: POST https://private-users-mcp.query.prod.telnyx.io:3000/mcp "HTTP/1.1 200 OK"
2026-06-10 16:44:17,108 INFO services.account_scanner Page 1600: fetched 100 users, 42 collectible, 63940 total candidates
2026-06-10 16:44:18,039 INFO httpx HTTP Request: POST https://private-users-mcp.query.prod.telnyx.io:3000/mcp "HTTP/1.1 200 OK"
2026-06-10 16:44:18,219 INFO services.account_scanner Page 1601: fetched 100 users, 34 collectible, 63974 total candidates
2026-06-10 16:44:18,864 INFO httpx HTTP Request: POST https://private-users-mcp.query.prod.telnyx.io:3000/mcp "HTTP/1.1 200 OK"
2026-06-10 16:44:19,027 INFO services.account_scanner Page 1602: fetched 100 users, 15 collectible, 63989 total candidates
2026-06-10 16:44:19,720 INFO httpx HTTP Request: POST https://private-users-mcp.query.prod.telnyx.io:3000/mcp "HTTP/1.1 200 OK"
2026-06-10 16:44:19,899 INFO services.account_scanner Page 1603: fetched 100 users, 31 collectible, 64020 total candidates
2026-06-10 16:44:20,573 INFO httpx HTTP Request: POST https://private-users-mcp.query.prod.telnyx.io:3000/mcp "HTTP/1.1 200 OK"
2026-06-10 16:44:20,752 INFO services.account_scanner Page 1604: fetched 100 users, 51 collectible, 64071 total candidates
2026-06-10 16:44:21,529 INFO httpx HTTP Request: POST https://private-users-mcp.query.prod.telnyx.io:3000/mcp "HTTP/1.1 200 OK"
2026-06-10 16:44:21,812 INFO services.account_scanner Page 1605: fetched 100 users, 13 collectible, 64084 total candidates
2026-06-10 16:44:22,633 INFO httpx HTTP Request: POST https://private-users-mcp.query.prod.telnyx.io:3000/mcp "HTTP/1.1 200 OK"
2026-06-10 16:44:22,916 INFO services.account_scanner Page 1606: fetched 100 users, 11 collectible, 64095 total candidates
2026-06-10 16:44:23,711 INFO httpx HTTP Request: POST https://private-users-mcp.query.prod.telnyx.io:3000/mcp "HTTP/1.1 200 OK"
2026-06-10 16:44:23,993 INFO services.account_scanner Page 1607: fetched 100 users, 6 collectible, 64101 total candidates
2026-06-10 16:44:24,807 INFO httpx HTTP Request: POST https://private-users-mcp.query.prod.telnyx.io:3000/mcp "HTTP/1.1 200 OK"
2026-06-10 16:44:25,092 INFO services.account_scanner Page 1608: fetched 100 users, 4 collectible, 64105 total candidates
2026-06-10 16:44:25,856 INFO httpx HTTP Request: POST https://private-users-mcp.query.prod.telnyx.io:3000/mcp "HTTP/1.1 200 OK"
2026-06-10 16:44:26,141 INFO services.account_scanner Page 1609: fetched 100 users, 3 collectible, 64108 total candidates
2026-06-10 16:44:27,161 INFO httpx HTTP Request: POST https://private-users-mcp.query.prod.telnyx.io:3000/mcp "HTTP/1.1 200 OK"
2026-06-10 16:44:27,445 INFO services.account_scanner Page 1610: fetched 100 users, 10 collectible, 64118 total candidates
2026-06-10 16:44:28,328 INFO httpx HTTP Request: POST https://private-users-mcp.query.prod.telnyx.io:3000/mcp "HTTP/1.1 200 OK"
2026-06-10 16:44:28,609 INFO services.account_scanner Page 1611: fetched 100 users, 8 collectible, 64126 total candidates
2026-06-10 16:44:29,559 INFO httpx HTTP Request: POST https://private-users-mcp.query.prod.telnyx.io:3000/mcp "HTTP/1.1 200 OK"
2026-06-10 16:44:29,842 INFO services.account_scanner Page 1612: fetched 100 users, 9 collectible, 64135 total candidates
2026-06-10 16:44:30,673 INFO httpx HTTP Request: POST https://private-users-mcp.query.prod.telnyx.io:3000/mcp "HTTP/1.1 200 OK"
2026-06-10 16:44:30,963 INFO services.account_scanner Page 1613: fetched 100 users, 8 collectible, 64143 total candidates
2026-06-10 16:44:31,863 INFO httpx HTTP Request: POST https://private-users-mcp.query.prod.telnyx.io:3000/mcp "HTTP/1.1 200 OK"
2026-06-10 16:44:32,148 INFO services.account_scanner Page 1614: fetched 100 users, 12 collectible, 64155 total candidates
2026-06-10 16:44:32,991 INFO httpx HTTP Request: POST https://private-users-mcp.query.prod.telnyx.io:3000/mcp "HTTP/1.1 200 OK"
2026-06-10 16:44:33,275 INFO services.account_scanner Page 1615: fetched 100 users, 7 collectible, 64162 total candidates
2026-06-10 16:44:34,034 INFO httpx HTTP Request: POST https://private-users-mcp.query.prod.telnyx.io:3000/mcp "HTTP/1.1 200 OK"
2026-06-10 16:44:34,316 INFO services.account_scanner Page 1616: fetched 100 users, 20 collectible, 64182 total candidates
2026-06-10 16:44:35,155 INFO httpx HTTP Request: POST https://private-users-mcp.query.prod.telnyx.io:3000/mcp "HTTP/1.1 200 OK"
2026-06-10 16:44:35,439 INFO services.account_scanner Page 1617: fetched 100 users, 14 collectible, 64196 total candidates
2026-06-10 16:44:36,293 INFO httpx HTTP Request: POST https://private-users-mcp.query.prod.telnyx.io:3000/mcp "HTTP/1.1 200 OK"
2026-06-10 16:44:36,580 INFO services.account_scanner Page 1618: fetched 100 users, 2 collectible, 64198 total candidates
2026-06-10 16:44:37,749 INFO httpx HTTP Request: POST https://private-users-mcp.query.prod.telnyx.io:3000/mcp "HTTP/1.1 200 OK"
2026-06-10 16:44:38,060 INFO services.account_scanner Page 1619: fetched 100 users, 1 collectible, 64199 total candidates
2026-06-10 16:44:39,130 INFO httpx HTTP Request: POST https://private-users-mcp.query.prod.telnyx.io:3000/mcp "HTTP/1.1 200 OK"
2026-06-10 16:44:39,444 INFO services.account_scanner Page 1620: fetched 100 users, 23 collectible, 64222 total candidates
2026-06-10 16:44:40,184 INFO httpx HTTP Request: POST https://private-users-mcp.query.prod.telnyx.io:3000/mcp "HTTP/1.1 200 OK"
2026-06-10 16:44:40,480 INFO services.account_scanner Page 1621: fetched 100 users, 16 collectible, 64238 total candidates
2026-06-10 16:44:41,299 INFO httpx HTTP Request: POST https://private-users-mcp.query.prod.telnyx.io:3000/mcp "HTTP/1.1 200 OK"
2026-06-10 16:44:41,581 INFO services.account_scanner Page 1622: fetched 100 users, 5 collectible, 64243 total candidates
2026-06-10 16:44:42,376 INFO httpx HTTP Request: POST https://private-users-mcp.query.prod.telnyx.io:3000/mcp "HTTP/1.1 200 OK"
2026-06-10 16:44:42,660 INFO services.account_scanner Page 1623: fetched 100 users, 8 collectible, 64251 total candidates
2026-06-10 16:44:43,399 INFO httpx HTTP Request: POST https://private-users-mcp.query.prod.telnyx.io:3000/mcp "HTTP/1.1 200 OK"
2026-06-10 16:44:43,683 INFO services.account_scanner Page 1624: fetched 100 users, 10 collectible, 64261 total candidates
2026-06-10 16:44:44,526 INFO httpx HTTP Request: POST https://private-users-mcp.query.prod.telnyx.io:3000/mcp "HTTP/1.1 200 OK"
2026-06-10 16:44:44,808 INFO services.account_scanner Page 1625: fetched 100 users, 3 collectible, 64264 total candidates
2026-06-10 16:44:45,573 INFO httpx HTTP Request: POST https://private-users-mcp.query.prod.telnyx.io:3000/mcp "HTTP/1.1 200 OK"
2026-06-10 16:44:45,857 INFO services.account_scanner Page 1626: fetched 100 users, 6 collectible, 64270 total candidates
2026-06-10 16:44:46,694 INFO httpx HTTP Request: POST https://private-users-mcp.query.prod.telnyx.io:3000/mcp "HTTP/1.1 200 OK"
2026-06-10 16:44:46,975 INFO services.account_scanner Page 1627: fetched 100 users, 10 collectible, 64280 total candidates
2026-06-10 16:44:47,811 INFO httpx HTTP Request: POST https://private-users-mcp.query.prod.telnyx.io:3000/mcp "HTTP/1.1 200 OK"
2026-06-10 16:44:48,091 INFO services.account_scanner Page 1628: fetched 100 users, 3 collectible, 64283 total candidates
2026-06-10 16:44:48,858 INFO httpx HTTP Request: POST https://private-users-mcp.query.prod.telnyx.io:3000/mcp "HTTP/1.1 200 OK"
2026-06-10 16:44:49,138 INFO services.account_scanner Page 1629: fetched 100 users, 21 collectible, 64304 total candidates
2026-06-10 16:44:49,864 INFO httpx HTTP Request: POST https://private-users-mcp.query.prod.telnyx.io:3000/mcp "HTTP/1.1 200 OK"
2026-06-10 16:44:50,043 INFO services.account_scanner Page 1630: fetched 100 users, 30 collectible, 64334 total candidates
2026-06-10 16:44:51,084 INFO httpx HTTP Request: POST https://private-users-mcp.query.prod.telnyx.io:3000/mcp "HTTP/1.1 200 OK"
2026-06-10 16:44:51,395 INFO services.account_scanner Page 1631: fetched 100 users, 34 collectible, 64368 total candidates
2026-06-10 16:44:52,183 INFO httpx HTTP Request: POST https://private-users-mcp.query.prod.telnyx.io:3000/mcp "HTTP/1.1 200 OK"
2026-06-10 16:44:52,472 INFO services.account_scanner Page 1632: fetched 100 users, 34 collectible, 64402 total candidates
2026-06-10 16:44:53,135 INFO httpx HTTP Request: POST https://private-users-mcp.query.prod.telnyx.io:3000/mcp "HTTP/1.1 200 OK"
2026-06-10 16:44:53,302 INFO services.account_scanner Page 1633: fetched 100 users, 30 collectible, 64432 total candidates
2026-06-10 16:44:54,029 INFO httpx HTTP Request: POST https://private-users-mcp.query.prod.telnyx.io:3000/mcp "HTTP/1.1 200 OK"
2026-06-10 16:44:54,209 INFO services.account_scanner Page 1634: fetched 100 users, 34 collectible, 64466 total candidates
2026-06-10 16:44:54,899 INFO httpx HTTP Request: POST https://private-users-mcp.query.prod.telnyx.io:3000/mcp "HTTP/1.1 200 OK"
2026-06-10 16:44:55,081 INFO services.account_scanner Page 1635: fetched 100 users, 42 collectible, 64508 total candidates
2026-06-10 16:44:55,731 INFO httpx HTTP Request: POST https://private-users-mcp.query.prod.telnyx.io:3000/mcp "HTTP/1.1 200 OK"
2026-06-10 16:44:55,896 INFO services.account_scanner Page 1636: fetched 100 users, 37 collectible, 64545 total candidates
2026-06-10 16:44:56,577 INFO httpx HTTP Request: POST https://private-users-mcp.query.prod.telnyx.io:3000/mcp "HTTP/1.1 200 OK"
2026-06-10 16:44:56,753 INFO services.account_scanner Page 1637: fetched 100 users, 41 collectible, 64586 total candidates
2026-06-10 16:44:57,414 INFO httpx HTTP Request: POST https://private-users-mcp.query.prod.telnyx.io:3000/mcp "HTTP/1.1 200 OK"
2026-06-10 16:44:57,581 INFO services.account_scanner Page 1638: fetched 100 users, 46 collectible, 64632 total candidates
2026-06-10 16:44:58,275 INFO httpx HTTP Request: POST https://private-users-mcp.query.prod.telnyx.io:3000/mcp "HTTP/1.1 200 OK"
2026-06-10 16:44:58,456 INFO services.account_scanner Page 1639: fetched 100 users, 52 collectible, 64684 total candidates
2026-06-10 16:44:59,154 INFO httpx HTTP Request: POST https://private-users-mcp.query.prod.telnyx.io:3000/mcp "HTTP/1.1 200 OK"
2026-06-10 16:44:59,338 INFO services.account_scanner Page 1640: fetched 100 users, 43 collectible, 64727 total candidates
2026-06-10 16:45:00,017 INFO httpx HTTP Request: POST https://private-users-mcp.query.prod.telnyx.io:3000/mcp "HTTP/1.1 200 OK"
2026-06-10 16:45:00,180 INFO services.account_scanner Page 1641: fetched 100 users, 30 collectible, 64757 total candidates
2026-06-10 16:45:00,873 INFO httpx HTTP Request: POST https://private-users-mcp.query.prod.telnyx.io:3000/mcp "HTTP/1.1 200 OK"
2026-06-10 16:45:01,052 INFO services.account_scanner Page 1642: fetched 100 users, 28 collectible, 64785 total candidates
2026-06-10 16:45:01,973 INFO httpx HTTP Request: POST https://private-users-mcp.query.prod.telnyx.io:3000/mcp "HTTP/1.1 200 OK"
2026-06-10 16:45:02,152 INFO services.account_scanner Page 1643: fetched 100 users, 34 collectible, 64819 total candidates
2026-06-10 16:45:02,916 INFO httpx HTTP Request: POST https://private-users-mcp.query.prod.telnyx.io:3000/mcp "HTTP/1.1 200 OK"
2026-06-10 16:45:03,198 INFO services.account_scanner Page 1644: fetched 100 users, 48 collectible, 64867 total candidates
2026-06-10 16:45:03,889 INFO httpx HTTP Request: POST https://private-users-mcp.query.prod.telnyx.io:3000/mcp "HTTP/1.1 200 OK"
2026-06-10 16:45:04,170 INFO services.account_scanner Page 1645: fetched 100 users, 30 collectible, 64897 total candidates
2026-06-10 16:45:05,056 INFO httpx HTTP Request: POST https://private-users-mcp.query.prod.telnyx.io:3000/mcp "HTTP/1.1 200 OK"
2026-06-10 16:45:05,236 INFO services.account_scanner Page 1646: fetched 100 users, 31 collectible, 64928 total candidates
2026-06-10 16:45:05,940 INFO httpx HTTP Request: POST https://private-users-mcp.query.prod.telnyx.io:3000/mcp "HTTP/1.1 200 OK"
2026-06-10 16:45:06,222 INFO services.account_scanner Page 1647: fetched 100 users, 28 collectible, 64956 total candidates
2026-06-10 16:45:06,922 INFO httpx HTTP Request: POST https://private-users-mcp.query.prod.telnyx.io:3000/mcp "HTTP/1.1 200 OK"
2026-06-10 16:45:07,204 INFO services.account_scanner Page 1648: fetched 100 users, 39 collectible, 64995 total candidates
2026-06-10 16:45:08,016 INFO httpx HTTP Request: POST https://private-users-mcp.query.prod.telnyx.io:3000/mcp "HTTP/1.1 200 OK"
2026-06-10 16:45:08,298 INFO services.account_scanner Page 1649: fetched 100 users, 72 collectible, 65067 total candidates
2026-06-10 16:45:09,096 INFO httpx HTTP Request: POST https://private-users-mcp.query.prod.telnyx.io:3000/mcp "HTTP/1.1 200 OK"
2026-06-10 16:45:09,378 INFO services.account_scanner Page 1650: fetched 100 users, 65 collectible, 65132 total candidates
2026-06-10 16:45:10,183 INFO httpx HTTP Request: POST https://private-users-mcp.query.prod.telnyx.io:3000/mcp "HTTP/1.1 200 OK"
2026-06-10 16:45:10,462 INFO services.account_scanner Page 1651: fetched 100 users, 53 collectible, 65185 total candidates
2026-06-10 16:45:11,120 INFO httpx HTTP Request: POST https://private-users-mcp.query.prod.telnyx.io:3000/mcp "HTTP/1.1 200 OK"
2026-06-10 16:45:11,283 INFO services.account_scanner Page 1652: fetched 100 users, 36 collectible, 65221 total candidates
2026-06-10 16:45:11,986 INFO httpx HTTP Request: POST https://private-users-mcp.query.prod.telnyx.io:3000/mcp "HTTP/1.1 200 OK"
2026-06-10 16:45:12,167 INFO services.account_scanner Page 1653: fetched 100 users, 48 collectible, 65269 total candidates
2026-06-10 16:45:12,836 INFO httpx HTTP Request: POST https://private-users-mcp.query.prod.telnyx.io:3000/mcp "HTTP/1.1 200 OK"
2026-06-10 16:45:13,000 INFO services.account_scanner Page 1654: fetched 100 users, 30 collectible, 65299 total candidates
2026-06-10 16:45:13,758 INFO httpx HTTP Request: POST https://private-users-mcp.query.prod.telnyx.io:3000/mcp "HTTP/1.1 200 OK"
2026-06-10 16:45:13,930 INFO services.account_scanner Page 1655: fetched 100 users, 41 collectible, 65340 total candidates
2026-06-10 16:45:14,602 INFO httpx HTTP Request: POST https://private-users-mcp.query.prod.telnyx.io:3000/mcp "HTTP/1.1 200 OK"
2026-06-10 16:45:14,765 INFO services.account_scanner Page 1656: fetched 100 users, 23 collectible, 65363 total candidates
2026-06-10 16:45:15,424 INFO httpx HTTP Request: POST https://private-users-mcp.query.prod.telnyx.io:3000/mcp "HTTP/1.1 200 OK"
2026-06-10 16:45:15,584 INFO services.account_scanner Page 1657: fetched 100 users, 17 collectible, 65380 total candidates
2026-06-10 16:45:16,341 INFO httpx HTTP Request: POST https://private-users-mcp.query.prod.telnyx.io:3000/mcp "HTTP/1.1 200 OK"
2026-06-10 16:45:16,517 INFO services.account_scanner Page 1658: fetched 100 users, 40 collectible, 65420 total candidates
2026-06-10 16:45:17,199 INFO httpx HTTP Request: POST https://private-users-mcp.query.prod.telnyx.io:3000/mcp "HTTP/1.1 200 OK"
2026-06-10 16:45:17,381 INFO services.account_scanner Page 1659: fetched 100 users, 27 collectible, 65447 total candidates
2026-06-10 16:45:18,394 INFO httpx HTTP Request: POST https://private-users-mcp.query.prod.telnyx.io:3000/mcp "HTTP/1.1 200 OK"
2026-06-10 16:45:18,677 INFO services.account_scanner Page 1660: fetched 100 users, 25 collectible, 65472 total candidates
2026-06-10 16:45:19,440 INFO httpx HTTP Request: POST https://private-users-mcp.query.prod.telnyx.io:3000/mcp "HTTP/1.1 200 OK"
2026-06-10 16:45:19,725 INFO services.account_scanner Page 1661: fetched 100 users, 26 collectible, 65498 total candidates
2026-06-10 16:45:20,491 INFO httpx HTTP Request: POST https://private-users-mcp.query.prod.telnyx.io:3000/mcp "HTTP/1.1 200 OK"
2026-06-10 16:45:20,671 INFO services.account_scanner Page 1662: fetched 100 users, 47 collectible, 65545 total candidates
2026-06-10 16:45:21,553 INFO httpx HTTP Request: POST https://private-users-mcp.query.prod.telnyx.io:3000/mcp "HTTP/1.1 200 OK"
2026-06-10 16:45:21,833 INFO services.account_scanner Page 1663: fetched 100 users, 30 collectible, 65575 total candidates
2026-06-10 16:45:22,514 INFO httpx HTTP Request: POST https://private-users-mcp.query.prod.telnyx.io:3000/mcp "HTTP/1.1 200 OK"
2026-06-10 16:45:22,675 INFO services.account_scanner Page 1664: fetched 100 users, 29 collectible, 65604 total candidates
2026-06-10 16:45:23,317 INFO httpx HTTP Request: POST https://private-users-mcp.query.prod.telnyx.io:3000/mcp "HTTP/1.1 200 OK"
2026-06-10 16:45:23,477 INFO services.account_scanner Page 1665: fetched 100 users, 34 collectible, 65638 total candidates
2026-06-10 16:45:24,197 INFO httpx HTTP Request: POST https://private-users-mcp.query.prod.telnyx.io:3000/mcp "HTTP/1.1 200 OK"
2026-06-10 16:45:24,375 INFO services.account_scanner Page 1666: fetched 100 users, 38 collectible, 65676 total candidates
2026-06-10 16:45:25,113 INFO httpx HTTP Request: POST https://private-users-mcp.query.prod.telnyx.io:3000/mcp "HTTP/1.1 200 OK"
2026-06-10 16:45:25,284 INFO services.account_scanner Page 1667: fetched 100 users, 39 collectible, 65715 total candidates
2026-06-10 16:45:25,969 INFO httpx HTTP Request: POST https://private-users-mcp.query.prod.telnyx.io:3000/mcp "HTTP/1.1 200 OK"
2026-06-10 16:45:26,123 INFO services.account_scanner Page 1668: fetched 100 users, 34 collectible, 65749 total candidates
2026-06-10 16:45:26,820 INFO httpx HTTP Request: POST https://private-users-mcp.query.prod.telnyx.io:3000/mcp "HTTP/1.1 200 OK"
2026-06-10 16:45:26,988 INFO services.account_scanner Page 1669: fetched 100 users, 37 collectible, 65786 total candidates
2026-06-10 16:45:27,739 INFO httpx HTTP Request: POST https://private-users-mcp.query.prod.telnyx.io:3000/mcp "HTTP/1.1 200 OK"
2026-06-10 16:45:27,917 INFO services.account_scanner Page 1670: fetched 100 users, 39 collectible, 65825 total candidates
2026-06-10 16:45:28,591 INFO httpx HTTP Request: POST https://private-users-mcp.query.prod.telnyx.io:3000/mcp "HTTP/1.1 200 OK"
2026-06-10 16:45:28,752 INFO services.account_scanner Page 1671: fetched 100 users, 19 collectible, 65844 total candidates
2026-06-10 16:45:29,403 INFO httpx HTTP Request: POST https://private-users-mcp.query.prod.telnyx.io:3000/mcp "HTTP/1.1 200 OK"
2026-06-10 16:45:29,564 INFO services.account_scanner Page 1672: fetched 100 users, 27 collectible, 65871 total candidates
2026-06-10 16:45:30,261 INFO httpx HTTP Request: POST https://private-users-mcp.query.prod.telnyx.io:3000/mcp "HTTP/1.1 200 OK"
2026-06-10 16:45:30,438 INFO services.account_scanner Page 1673: fetched 100 users, 32 collectible, 65903 total candidates
2026-06-10 16:45:31,151 INFO httpx HTTP Request: POST https://private-users-mcp.query.prod.telnyx.io:3000/mcp "HTTP/1.1 200 OK"
2026-06-10 16:45:31,431 INFO services.account_scanner Page 1674: fetched 100 users, 30 collectible, 65933 total candidates
2026-06-10 16:45:32,065 INFO httpx HTTP Request: POST https://private-users-mcp.query.prod.telnyx.io:3000/mcp "HTTP/1.1 200 OK"
2026-06-10 16:45:32,228 INFO services.account_scanner Page 1675: fetched 100 users, 15 collectible, 65948 total candidates
2026-06-10 16:45:33,050 INFO httpx HTTP Request: POST https://private-users-mcp.query.prod.telnyx.io:3000/mcp "HTTP/1.1 200 OK"
2026-06-10 16:45:33,231 INFO services.account_scanner Page 1676: fetched 100 users, 58 collectible, 66006 total candidates
2026-06-10 16:45:33,967 INFO httpx HTTP Request: POST https://private-users-mcp.query.prod.telnyx.io:3000/mcp "HTTP/1.1 200 OK"
2026-06-10 16:45:34,142 INFO services.account_scanner Page 1677: fetched 100 users, 39 collectible, 66045 total candidates
2026-06-10 16:45:34,879 INFO httpx HTTP Request: POST https://private-users-mcp.query.prod.telnyx.io:3000/mcp "HTTP/1.1 200 OK"
2026-06-10 16:45:35,158 INFO services.account_scanner Page 1678: fetched 100 users, 27 collectible, 66072 total candidates
2026-06-10 16:45:35,820 INFO httpx HTTP Request: POST https://private-users-mcp.query.prod.telnyx.io:3000/mcp "HTTP/1.1 200 OK"
2026-06-10 16:45:35,983 INFO services.account_scanner Page 1679: fetched 100 users, 36 collectible, 66108 total candidates
2026-06-10 16:45:36,630 INFO httpx HTTP Request: POST https://private-users-mcp.query.prod.telnyx.io:3000/mcp "HTTP/1.1 200 OK"
2026-06-10 16:45:36,786 INFO services.account_scanner Page 1680: fetched 100 users, 34 collectible, 66142 total candidates
2026-06-10 16:45:37,464 INFO httpx HTTP Request: POST https://private-users-mcp.query.prod.telnyx.io:3000/mcp "HTTP/1.1 200 OK"
2026-06-10 16:45:37,643 INFO services.account_scanner Page 1681: fetched 100 users, 32 collectible, 66174 total candidates
2026-06-10 16:45:38,335 INFO httpx HTTP Request: POST https://private-users-mcp.query.prod.telnyx.io:3000/mcp "HTTP/1.1 200 OK"
2026-06-10 16:45:38,515 INFO services.account_scanner Page 1682: fetched 100 users, 24 collectible, 66198 total candidates
2026-06-10 16:45:39,179 INFO httpx HTTP Request: POST https://private-users-mcp.query.prod.telnyx.io:3000/mcp "HTTP/1.1 200 OK"
2026-06-10 16:45:39,341 INFO services.account_scanner Page 1683: fetched 100 users, 25 collectible, 66223 total candidates
2026-06-10 16:45:40,022 INFO httpx HTTP Request: POST https://private-users-mcp.query.prod.telnyx.io:3000/mcp "HTTP/1.1 200 OK"
2026-06-10 16:45:40,196 INFO services.account_scanner Page 1684: fetched 100 users, 30 collectible, 66253 total candidates
2026-06-10 16:45:41,012 INFO httpx HTTP Request: POST https://private-users-mcp.query.prod.telnyx.io:3000/mcp "HTTP/1.1 200 OK"
2026-06-10 16:45:41,195 INFO services.account_scanner Page 1685: fetched 100 users, 25 collectible, 66278 total candidates
2026-06-10 16:45:41,833 INFO httpx HTTP Request: POST https://private-users-mcp.query.prod.telnyx.io:3000/mcp "HTTP/1.1 200 OK"
2026-06-10 16:45:41,998 INFO services.account_scanner Page 1686: fetched 100 users, 37 collectible, 66315 total candidates
2026-06-10 16:45:42,727 INFO httpx HTTP Request: POST https://private-users-mcp.query.prod.telnyx.io:3000/mcp "HTTP/1.1 200 OK"
2026-06-10 16:45:42,905 INFO services.account_scanner Page 1687: fetched 100 users, 40 collectible, 66355 total candidates
2026-06-10 16:45:43,581 INFO httpx HTTP Request: POST https://private-users-mcp.query.prod.telnyx.io:3000/mcp "HTTP/1.1 200 OK"
2026-06-10 16:45:43,763 INFO services.account_scanner Page 1688: fetched 100 users, 34 collectible, 66389 total candidates
2026-06-10 16:45:44,519 INFO httpx HTTP Request: POST https://private-users-mcp.query.prod.telnyx.io:3000/mcp "HTTP/1.1 200 OK"
2026-06-10 16:45:44,802 INFO services.account_scanner Page 1689: fetched 100 users, 33 collectible, 66422 total candidates
2026-06-10 16:45:45,482 INFO httpx HTTP Request: POST https://private-users-mcp.query.prod.telnyx.io:3000/mcp "HTTP/1.1 200 OK"
2026-06-10 16:45:45,646 INFO services.account_scanner Page 1690: fetched 100 users, 39 collectible, 66461 total candidates
2026-06-10 16:45:46,653 INFO httpx HTTP Request: POST https://private-users-mcp.query.prod.telnyx.io:3000/mcp "HTTP/1.1 200 OK"
2026-06-10 16:45:46,832 INFO services.account_scanner Page 1691: fetched 100 users, 28 collectible, 66489 total candidates
2026-06-10 16:45:47,503 INFO httpx HTTP Request: POST https://private-users-mcp.query.prod.telnyx.io:3000/mcp "HTTP/1.1 200 OK"
2026-06-10 16:45:47,667 INFO services.account_scanner Page 1692: fetched 100 users, 39 collectible, 66528 total candidates
2026-06-10 16:45:48,354 INFO httpx HTTP Request: POST https://private-users-mcp.query.prod.telnyx.io:3000/mcp "HTTP/1.1 200 OK"
2026-06-10 16:45:48,533 INFO services.account_scanner Page 1693: fetched 100 users, 34 collectible, 66562 total candidates
2026-06-10 16:45:49,212 INFO httpx HTTP Request: POST https://private-users-mcp.query.prod.telnyx.io:3000/mcp "HTTP/1.1 200 OK"
2026-06-10 16:45:49,394 INFO services.account_scanner Page 1694: fetched 100 users, 38 collectible, 66600 total candidates
2026-06-10 16:45:50,110 INFO httpx HTTP Request: POST https://private-users-mcp.query.prod.telnyx.io:3000/mcp "HTTP/1.1 200 OK"
2026-06-10 16:45:50,392 INFO services.account_scanner Page 1695: fetched 100 users, 26 collectible, 66626 total candidates
2026-06-10 16:45:51,088 INFO httpx HTTP Request: POST https://private-users-mcp.query.prod.telnyx.io:3000/mcp "HTTP/1.1 200 OK"
2026-06-10 16:45:51,267 INFO services.account_scanner Page 1696: fetched 100 users, 30 collectible, 66656 total candidates
2026-06-10 16:45:52,080 INFO httpx HTTP Request: POST https://private-users-mcp.query.prod.telnyx.io:3000/mcp "HTTP/1.1 200 OK"
2026-06-10 16:45:52,364 INFO services.account_scanner Page 1697: fetched 100 users, 44 collectible, 66700 total candidates
2026-06-10 16:45:53,193 INFO httpx HTTP Request: POST https://private-users-mcp.query.prod.telnyx.io:3000/mcp "HTTP/1.1 200 OK"
2026-06-10 16:45:53,479 INFO services.account_scanner Page 1698: fetched 100 users, 48 collectible, 66748 total candidates
2026-06-10 16:45:54,475 INFO httpx HTTP Request: POST https://private-users-mcp.query.prod.telnyx.io:3000/mcp "HTTP/1.1 200 OK"
2026-06-10 16:45:54,748 INFO services.account_scanner Page 1699: fetched 100 users, 55 collectible, 66803 total candidates
2026-06-10 16:45:55,504 INFO httpx HTTP Request: POST https://private-users-mcp.query.prod.telnyx.io:3000/mcp "HTTP/1.1 200 OK"
2026-06-10 16:45:55,777 INFO services.account_scanner Page 1700: fetched 100 users, 32 collectible, 66835 total candidates
2026-06-10 16:45:56,539 INFO httpx HTTP Request: POST https://private-users-mcp.query.prod.telnyx.io:3000/mcp "HTTP/1.1 200 OK"
2026-06-10 16:45:56,813 INFO services.account_scanner Page 1701: fetched 100 users, 53 collectible, 66888 total candidates
2026-06-10 16:45:57,595 INFO httpx HTTP Request: POST https://private-users-mcp.query.prod.telnyx.io:3000/mcp "HTTP/1.1 200 OK"
2026-06-10 16:45:57,871 INFO services.account_scanner Page 1702: fetched 100 users, 41 collectible, 66929 total candidates
2026-06-10 16:45:58,694 INFO httpx HTTP Request: POST https://private-users-mcp.query.prod.telnyx.io:3000/mcp "HTTP/1.1 200 OK"
2026-06-10 16:45:58,970 INFO services.account_scanner Page 1703: fetched 100 users, 47 collectible, 66976 total candidates
2026-06-10 16:45:59,742 INFO httpx HTTP Request: POST https://private-users-mcp.query.prod.telnyx.io:3000/mcp "HTTP/1.1 200 OK"
2026-06-10 16:46:00,015 INFO services.account_scanner Page 1704: fetched 100 users, 55 collectible, 67031 total candidates
2026-06-10 16:46:00,815 INFO httpx HTTP Request: POST https://private-users-mcp.query.prod.telnyx.io:3000/mcp "HTTP/1.1 200 OK"
2026-06-10 16:46:01,095 INFO services.account_scanner Page 1705: fetched 100 users, 34 collectible, 67065 total candidates
2026-06-10 16:46:01,874 INFO httpx HTTP Request: POST https://private-users-mcp.query.prod.telnyx.io:3000/mcp "HTTP/1.1 200 OK"
2026-06-10 16:46:02,055 INFO services.account_scanner Page 1706: fetched 100 users, 54 collectible, 67119 total candidates
2026-06-10 16:46:02,845 INFO httpx HTTP Request: POST https://private-users-mcp.query.prod.telnyx.io:3000/mcp "HTTP/1.1 200 OK"
2026-06-10 16:46:03,027 INFO services.account_scanner Page 1707: fetched 100 users, 42 collectible, 67161 total candidates
2026-06-10 16:46:03,746 INFO httpx HTTP Request: POST https://private-users-mcp.query.prod.telnyx.io:3000/mcp "HTTP/1.1 200 OK"
2026-06-10 16:46:04,028 INFO services.account_scanner Page 1708: fetched 100 users, 24 collectible, 67185 total candidates
2026-06-10 16:46:04,737 INFO httpx HTTP Request: POST https://private-users-mcp.query.prod.telnyx.io:3000/mcp "HTTP/1.1 200 OK"
2026-06-10 16:46:05,003 INFO services.account_scanner Page 1709: fetched 100 users, 30 collectible, 67215 total candidates
2026-06-10 16:46:05,873 INFO httpx HTTP Request: POST https://private-users-mcp.query.prod.telnyx.io:3000/mcp "HTTP/1.1 200 OK"
2026-06-10 16:46:06,052 INFO services.account_scanner Page 1710: fetched 100 users, 33 collectible, 67248 total candidates
2026-06-10 16:46:06,800 INFO httpx HTTP Request: POST https://private-users-mcp.query.prod.telnyx.io:3000/mcp "HTTP/1.1 200 OK"
2026-06-10 16:46:07,080 INFO services.account_scanner Page 1711: fetched 100 users, 54 collectible, 67302 total candidates
2026-06-10 16:46:07,874 INFO httpx HTTP Request: POST https://private-users-mcp.query.prod.telnyx.io:3000/mcp "HTTP/1.1 200 OK"
2026-06-10 16:46:08,155 INFO services.account_scanner Page 1712: fetched 100 users, 30 collectible, 67332 total candidates
2026-06-10 16:46:08,911 INFO httpx HTTP Request: POST https://private-users-mcp.query.prod.telnyx.io:3000/mcp "HTTP/1.1 200 OK"
2026-06-10 16:46:09,092 INFO services.account_scanner Page 1713: fetched 100 users, 38 collectible, 67370 total candidates
2026-06-10 16:46:09,797 INFO httpx HTTP Request: POST https://private-users-mcp.query.prod.telnyx.io:3000/mcp "HTTP/1.1 200 OK"
2026-06-10 16:46:10,068 INFO services.account_scanner Page 1714: fetched 100 users, 38 collectible, 67408 total candidates
2026-06-10 16:46:10,823 INFO httpx HTTP Request: POST https://private-users-mcp.query.prod.telnyx.io:3000/mcp "HTTP/1.1 200 OK"
2026-06-10 16:46:10,999 INFO services.account_scanner Page 1715: fetched 100 users, 33 collectible, 67441 total candidates
2026-06-10 16:46:11,759 INFO httpx HTTP Request: POST https://private-users-mcp.query.prod.telnyx.io:3000/mcp "HTTP/1.1 200 OK"
2026-06-10 16:46:12,048 INFO services.account_scanner Page 1716: fetched 100 users, 49 collectible, 67490 total candidates
2026-06-10 16:46:12,908 INFO httpx HTTP Request: POST https://private-users-mcp.query.prod.telnyx.io:3000/mcp "HTTP/1.1 200 OK"
2026-06-10 16:46:13,192 INFO services.account_scanner Page 1717: fetched 100 users, 46 collectible, 67536 total candidates
2026-06-10 16:46:14,327 INFO httpx HTTP Request: POST https://private-users-mcp.query.prod.telnyx.io:3000/mcp "HTTP/1.1 200 OK"
2026-06-10 16:46:14,636 INFO services.account_scanner Page 1718: fetched 100 users, 53 collectible, 67589 total candidates
2026-06-10 16:46:15,339 INFO httpx HTTP Request: POST https://private-users-mcp.query.prod.telnyx.io:3000/mcp "HTTP/1.1 200 OK"
2026-06-10 16:46:15,631 INFO services.account_scanner Page 1719: fetched 100 users, 52 collectible, 67641 total candidates
2026-06-10 16:46:16,383 INFO httpx HTTP Request: POST https://private-users-mcp.query.prod.telnyx.io:3000/mcp "HTTP/1.1 200 OK"
2026-06-10 16:46:16,667 INFO services.account_scanner Page 1720: fetched 100 users, 58 collectible, 67699 total candidates
2026-06-10 16:46:17,397 INFO httpx HTTP Request: POST https://private-users-mcp.query.prod.telnyx.io:3000/mcp "HTTP/1.1 200 OK"
2026-06-10 16:46:17,679 INFO services.account_scanner Page 1721: fetched 100 users, 58 collectible, 67757 total candidates
2026-06-10 16:46:18,443 INFO httpx HTTP Request: POST https://private-users-mcp.query.prod.telnyx.io:3000/mcp "HTTP/1.1 200 OK"
2026-06-10 16:46:18,725 INFO services.account_scanner Page 1722: fetched 100 users, 66 collectible, 67823 total candidates
2026-06-10 16:46:19,594 INFO httpx HTTP Request: POST https://private-users-mcp.query.prod.telnyx.io:3000/mcp "HTTP/1.1 200 OK"
2026-06-10 16:46:19,876 INFO services.account_scanner Page 1723: fetched 100 users, 59 collectible, 67882 total candidates
2026-06-10 16:46:20,584 INFO httpx HTTP Request: POST https://private-users-mcp.query.prod.telnyx.io:3000/mcp "HTTP/1.1 200 OK"
2026-06-10 16:46:20,866 INFO services.account_scanner Page 1724: fetched 100 users, 51 collectible, 67933 total candidates
2026-06-10 16:46:21,584 INFO httpx HTTP Request: POST https://private-users-mcp.query.prod.telnyx.io:3000/mcp "HTTP/1.1 200 OK"
2026-06-10 16:46:21,767 INFO services.account_scanner Page 1725: fetched 100 users, 45 collectible, 67978 total candidates
2026-06-10 16:46:22,552 INFO httpx HTTP Request: POST https://private-users-mcp.query.prod.telnyx.io:3000/mcp "HTTP/1.1 200 OK"
2026-06-10 16:46:22,838 INFO services.account_scanner Page 1726: fetched 100 users, 37 collectible, 68015 total candidates
2026-06-10 16:46:23,781 INFO httpx HTTP Request: POST https://private-users-mcp.query.prod.telnyx.io:3000/mcp "HTTP/1.1 200 OK"
2026-06-10 16:46:24,063 INFO services.account_scanner Page 1727: fetched 100 users, 54 collectible, 68069 total candidates
2026-06-10 16:46:24,759 INFO httpx HTTP Request: POST https://private-users-mcp.query.prod.telnyx.io:3000/mcp "HTTP/1.1 200 OK"
2026-06-10 16:46:24,937 INFO services.account_scanner Page 1728: fetched 100 users, 28 collectible, 68097 total candidates
2026-06-10 16:46:25,691 INFO httpx HTTP Request: POST https://private-users-mcp.query.prod.telnyx.io:3000/mcp "HTTP/1.1 200 OK"
2026-06-10 16:46:25,975 INFO services.account_scanner Page 1729: fetched 100 users, 37 collectible, 68134 total candidates
2026-06-10 16:46:26,786 INFO httpx HTTP Request: POST https://private-users-mcp.query.prod.telnyx.io:3000/mcp "HTTP/1.1 200 OK"
2026-06-10 16:46:27,075 INFO services.account_scanner Page 1730: fetched 100 users, 35 collectible, 68169 total candidates
2026-06-10 16:46:28,044 INFO httpx HTTP Request: POST https://private-users-mcp.query.prod.telnyx.io:3000/mcp "HTTP/1.1 200 OK"
2026-06-10 16:46:28,221 INFO services.account_scanner Page 1731: fetched 100 users, 46 collectible, 68215 total candidates
2026-06-10 16:46:29,027 INFO httpx HTTP Request: POST https://private-users-mcp.query.prod.telnyx.io:3000/mcp "HTTP/1.1 200 OK"
2026-06-10 16:46:29,312 INFO services.account_scanner Page 1732: fetched 100 users, 40 collectible, 68255 total candidates
2026-06-10 16:46:30,130 INFO httpx HTTP Request: POST https://private-users-mcp.query.prod.telnyx.io:3000/mcp "HTTP/1.1 200 OK"
2026-06-10 16:46:30,403 INFO services.account_scanner Page 1733: fetched 100 users, 36 collectible, 68291 total candidates
2026-06-10 16:46:31,340 INFO httpx HTTP Request: POST https://private-users-mcp.query.prod.telnyx.io:3000/mcp "HTTP/1.1 200 OK"
2026-06-10 16:46:31,522 INFO services.account_scanner Page 1734: fetched 100 users, 50 collectible, 68341 total candidates
2026-06-10 16:46:32,630 INFO httpx HTTP Request: POST https://private-users-mcp.query.prod.telnyx.io:3000/mcp "HTTP/1.1 200 OK"
2026-06-10 16:46:32,941 INFO services.account_scanner Page 1735: fetched 100 users, 46 collectible, 68387 total candidates
2026-06-10 16:46:33,804 INFO httpx HTTP Request: POST https://private-users-mcp.query.prod.telnyx.io:3000/mcp "HTTP/1.1 200 OK"
2026-06-10 16:46:34,248 INFO services.account_scanner Page 1736: fetched 100 users, 58 collectible, 68445 total candidates
2026-06-10 16:46:35,153 INFO httpx HTTP Request: POST https://private-users-mcp.query.prod.telnyx.io:3000/mcp "HTTP/1.1 200 OK"
2026-06-10 16:46:35,465 INFO services.account_scanner Page 1737: fetched 100 users, 75 collectible, 68520 total candidates
2026-06-10 16:46:36,187 INFO httpx HTTP Request: POST https://private-users-mcp.query.prod.telnyx.io:3000/mcp "HTTP/1.1 200 OK"
2026-06-10 16:46:36,501 INFO services.account_scanner Page 1738: fetched 100 users, 43 collectible, 68563 total candidates
2026-06-10 16:46:37,262 INFO httpx HTTP Request: POST https://private-users-mcp.query.prod.telnyx.io:3000/mcp "HTTP/1.1 200 OK"
2026-06-10 16:46:37,591 INFO services.account_scanner Page 1739: fetched 100 users, 46 collectible, 68609 total candidates
2026-06-10 16:46:38,338 INFO httpx HTTP Request: POST https://private-users-mcp.query.prod.telnyx.io:3000/mcp "HTTP/1.1 200 OK"
2026-06-10 16:46:38,649 INFO services.account_scanner Page 1740: fetched 100 users, 40 collectible, 68649 total candidates
2026-06-10 16:46:39,417 INFO httpx HTTP Request: POST https://private-users-mcp.query.prod.telnyx.io:3000/mcp "HTTP/1.1 200 OK"
2026-06-10 16:46:39,729 INFO services.account_scanner Page 1741: fetched 100 users, 47 collectible, 68696 total candidates
2026-06-10 16:46:40,443 INFO httpx HTTP Request: POST https://private-users-mcp.query.prod.telnyx.io:3000/mcp "HTTP/1.1 200 OK"
2026-06-10 16:46:40,753 INFO services.account_scanner Page 1742: fetched 100 users, 27 collectible, 68723 total candidates
2026-06-10 16:46:41,483 INFO httpx HTTP Request: POST https://private-users-mcp.query.prod.telnyx.io:3000/mcp "HTTP/1.1 200 OK"
2026-06-10 16:46:41,796 INFO services.account_scanner Page 1743: fetched 100 users, 34 collectible, 68757 total candidates
2026-06-10 16:46:42,561 INFO httpx HTTP Request: POST https://private-users-mcp.query.prod.telnyx.io:3000/mcp "HTTP/1.1 200 OK"
2026-06-10 16:46:42,872 INFO services.account_scanner Page 1744: fetched 100 users, 33 collectible, 68790 total candidates
2026-06-10 16:46:43,602 INFO httpx HTTP Request: POST https://private-users-mcp.query.prod.telnyx.io:3000/mcp "HTTP/1.1 200 OK"
2026-06-10 16:46:43,909 INFO services.account_scanner Page 1745: fetched 100 users, 35 collectible, 68825 total candidates
2026-06-10 16:46:44,675 INFO httpx HTTP Request: POST https://private-users-mcp.query.prod.telnyx.io:3000/mcp "HTTP/1.1 200 OK"
2026-06-10 16:46:44,980 INFO services.account_scanner Page 1746: fetched 100 users, 48 collectible, 68873 total candidates
2026-06-10 16:46:45,736 INFO httpx HTTP Request: POST https://private-users-mcp.query.prod.telnyx.io:3000/mcp "HTTP/1.1 200 OK"
2026-06-10 16:46:46,047 INFO services.account_scanner Page 1747: fetched 100 users, 43 collectible, 68916 total candidates
2026-06-10 16:46:46,763 INFO httpx HTTP Request: POST https://private-users-mcp.query.prod.telnyx.io:3000/mcp "HTTP/1.1 200 OK"
2026-06-10 16:46:47,071 INFO services.account_scanner Page 1748: fetched 100 users, 41 collectible, 68957 total candidates
2026-06-10 16:46:47,825 INFO httpx HTTP Request: POST https://private-users-mcp.query.prod.telnyx.io:3000/mcp "HTTP/1.1 200 OK"
2026-06-10 16:46:48,135 INFO services.account_scanner Page 1749: fetched 100 users, 32 collectible, 68989 total candidates
2026-06-10 16:46:48,825 INFO httpx HTTP Request: POST https://private-users-mcp.query.prod.telnyx.io:3000/mcp "HTTP/1.1 200 OK"
2026-06-10 16:46:49,131 INFO services.account_scanner Page 1750: fetched 100 users, 55 collectible, 69044 total candidates
2026-06-10 16:46:49,830 INFO httpx HTTP Request: POST https://private-users-mcp.query.prod.telnyx.io:3000/mcp "HTTP/1.1 200 OK"
2026-06-10 16:46:50,134 INFO services.account_scanner Page 1751: fetched 100 users, 29 collectible, 69073 total candidates
2026-06-10 16:46:50,857 INFO httpx HTTP Request: POST https://private-users-mcp.query.prod.telnyx.io:3000/mcp "HTTP/1.1 200 OK"
2026-06-10 16:46:51,168 INFO services.account_scanner Page 1752: fetched 100 users, 31 collectible, 69104 total candidates
2026-06-10 16:46:51,935 INFO httpx HTTP Request: POST https://private-users-mcp.query.prod.telnyx.io:3000/mcp "HTTP/1.1 200 OK"
2026-06-10 16:46:52,243 INFO services.account_scanner Page 1753: fetched 100 users, 36 collectible, 69140 total candidates
2026-06-10 16:46:53,083 INFO httpx HTTP Request: POST https://private-users-mcp.query.prod.telnyx.io:3000/mcp "HTTP/1.1 200 OK"
2026-06-10 16:46:53,393 INFO services.account_scanner Page 1754: fetched 100 users, 47 collectible, 69187 total candidates
2026-06-10 16:46:54,434 INFO httpx HTTP Request: POST https://private-users-mcp.query.prod.telnyx.io:3000/mcp "HTTP/1.1 200 OK"
2026-06-10 16:46:54,868 INFO services.account_scanner Page 1755: fetched 100 users, 52 collectible, 69239 total candidates
2026-06-10 16:46:55,548 INFO httpx HTTP Request: POST https://private-users-mcp.query.prod.telnyx.io:3000/mcp "HTTP/1.1 200 OK"
2026-06-10 16:46:55,831 INFO services.account_scanner Page 1756: fetched 100 users, 57 collectible, 69296 total candidates
2026-06-10 16:46:56,531 INFO httpx HTTP Request: POST https://private-users-mcp.query.prod.telnyx.io:3000/mcp "HTTP/1.1 200 OK"
2026-06-10 16:46:56,838 INFO services.account_scanner Page 1757: fetched 100 users, 55 collectible, 69351 total candidates
2026-06-10 16:46:57,510 INFO httpx HTTP Request: POST https://private-users-mcp.query.prod.telnyx.io:3000/mcp "HTTP/1.1 200 OK"
2026-06-10 16:46:57,798 INFO services.account_scanner Page 1758: fetched 100 users, 57 collectible, 69408 total candidates
2026-06-10 16:46:58,455 INFO httpx HTTP Request: POST https://private-users-mcp.query.prod.telnyx.io:3000/mcp "HTTP/1.1 200 OK"
2026-06-10 16:46:58,742 INFO services.account_scanner Page 1759: fetched 100 users, 60 collectible, 69468 total candidates
2026-06-10 16:46:59,397 INFO httpx HTTP Request: POST https://private-users-mcp.query.prod.telnyx.io:3000/mcp "HTTP/1.1 200 OK"
2026-06-10 16:46:59,677 INFO services.account_scanner Page 1760: fetched 100 users, 50 collectible, 69518 total candidates
2026-06-10 16:47:00,410 INFO httpx HTTP Request: POST https://private-users-mcp.query.prod.telnyx.io:3000/mcp "HTTP/1.1 200 OK"
2026-06-10 16:47:00,720 INFO services.account_scanner Page 1761: fetched 100 users, 62 collectible, 69580 total candidates
2026-06-10 16:47:01,535 INFO httpx HTTP Request: POST https://private-users-mcp.query.prod.telnyx.io:3000/mcp "HTTP/1.1 200 OK"
2026-06-10 16:47:01,838 INFO services.account_scanner Page 1762: fetched 100 users, 64 collectible, 69644 total candidates
2026-06-10 16:47:02,649 INFO httpx HTTP Request: POST https://private-users-mcp.query.prod.telnyx.io:3000/mcp "HTTP/1.1 200 OK"
2026-06-10 16:47:02,968 INFO services.account_scanner Page 1763: fetched 100 users, 86 collectible, 69730 total candidates
2026-06-10 16:47:03,614 INFO httpx HTTP Request: POST https://private-users-mcp.query.prod.telnyx.io:3000/mcp "HTTP/1.1 200 OK"
2026-06-10 16:47:03,781 INFO services.account_scanner Page 1764: fetched 100 users, 100 collectible, 69830 total candidates
2026-06-10 16:47:04,496 INFO httpx HTTP Request: POST https://private-users-mcp.query.prod.telnyx.io:3000/mcp "HTTP/1.1 200 OK"
2026-06-10 16:47:04,797 INFO services.account_scanner Page 1765: fetched 100 users, 100 collectible, 69930 total candidates
2026-06-10 16:47:05,551 INFO httpx HTTP Request: POST https://private-users-mcp.query.prod.telnyx.io:3000/mcp "HTTP/1.1 200 OK"
2026-06-10 16:47:05,852 INFO services.account_scanner Page 1766: fetched 100 users, 96 collectible, 70026 total candidates
2026-06-10 16:47:06,534 INFO httpx HTTP Request: POST https://private-users-mcp.query.prod.telnyx.io:3000/mcp "HTTP/1.1 200 OK"
2026-06-10 16:47:06,833 INFO services.account_scanner Page 1767: fetched 100 users, 32 collectible, 70058 total candidates
2026-06-10 16:47:07,618 INFO httpx HTTP Request: POST https://private-users-mcp.query.prod.telnyx.io:3000/mcp "HTTP/1.1 200 OK"
2026-06-10 16:47:07,925 INFO services.account_scanner Page 1768: fetched 100 users, 42 collectible, 70100 total candidates
2026-06-10 16:47:08,612 INFO httpx HTTP Request: POST https://private-users-mcp.query.prod.telnyx.io:3000/mcp "HTTP/1.1 200 OK"
2026-06-10 16:47:08,914 INFO services.account_scanner Page 1769: fetched 100 users, 36 collectible, 70136 total candidates
2026-06-10 16:47:09,620 INFO httpx HTTP Request: POST https://private-users-mcp.query.prod.telnyx.io:3000/mcp "HTTP/1.1 200 OK"
2026-06-10 16:47:09,926 INFO services.account_scanner Page 1770: fetched 100 users, 47 collectible, 70183 total candidates
2026-06-10 16:47:10,744 INFO httpx HTTP Request: POST https://private-users-mcp.query.prod.telnyx.io:3000/mcp "HTTP/1.1 200 OK"
2026-06-10 16:47:11,051 INFO services.account_scanner Page 1771: fetched 100 users, 40 collectible, 70223 total candidates
2026-06-10 16:47:11,732 INFO httpx HTTP Request: POST https://private-users-mcp.query.prod.telnyx.io:3000/mcp "HTTP/1.1 200 OK"
2026-06-10 16:47:12,038 INFO services.account_scanner Page 1772: fetched 100 users, 28 collectible, 70251 total candidates
2026-06-10 16:47:12,721 INFO httpx HTTP Request: POST https://private-users-mcp.query.prod.telnyx.io:3000/mcp "HTTP/1.1 200 OK"
2026-06-10 16:47:13,020 INFO services.account_scanner Page 1773: fetched 100 users, 32 collectible, 70283 total candidates
2026-06-10 16:47:13,715 INFO httpx HTTP Request: POST https://private-users-mcp.query.prod.telnyx.io:3000/mcp "HTTP/1.1 200 OK"
2026-06-10 16:47:14,013 INFO services.account_scanner Page 1774: fetched 100 users, 60 collectible, 70343 total candidates
2026-06-10 16:47:14,741 INFO httpx HTTP Request: POST https://private-users-mcp.query.prod.telnyx.io:3000/mcp "HTTP/1.1 200 OK"
2026-06-10 16:47:15,036 INFO services.account_scanner Page 1775: fetched 100 users, 40 collectible, 70383 total candidates
2026-06-10 16:47:15,839 INFO httpx HTTP Request: POST https://private-users-mcp.query.prod.telnyx.io:3000/mcp "HTTP/1.1 200 OK"
2026-06-10 16:47:16,141 INFO services.account_scanner Page 1776: fetched 100 users, 53 collectible, 70436 total candidates
2026-06-10 16:47:16,853 INFO httpx HTTP Request: POST https://private-users-mcp.query.prod.telnyx.io:3000/mcp "HTTP/1.1 200 OK"
2026-06-10 16:47:17,159 INFO services.account_scanner Page 1777: fetched 100 users, 43 collectible, 70479 total candidates
2026-06-10 16:47:17,863 INFO httpx HTTP Request: POST https://private-users-mcp.query.prod.telnyx.io:3000/mcp "HTTP/1.1 200 OK"
2026-06-10 16:47:18,161 INFO services.account_scanner Page 1778: fetched 100 users, 40 collectible, 70519 total candidates
2026-06-10 16:47:18,844 INFO httpx HTTP Request: POST https://private-users-mcp.query.prod.telnyx.io:3000/mcp "HTTP/1.1 200 OK"
2026-06-10 16:47:19,143 INFO services.account_scanner Page 1779: fetched 100 users, 50 collectible, 70569 total candidates
2026-06-10 16:47:19,919 INFO httpx HTTP Request: POST https://private-users-mcp.query.prod.telnyx.io:3000/mcp "HTTP/1.1 200 OK"
2026-06-10 16:47:20,235 INFO services.account_scanner Page 1780: fetched 100 users, 40 collectible, 70609 total candidates
2026-06-10 16:47:20,951 INFO httpx HTTP Request: POST https://private-users-mcp.query.prod.telnyx.io:3000/mcp "HTTP/1.1 200 OK"
2026-06-10 16:47:21,254 INFO services.account_scanner Page 1781: fetched 100 users, 37 collectible, 70646 total candidates
2026-06-10 16:47:21,961 INFO httpx HTTP Request: POST https://private-users-mcp.query.prod.telnyx.io:3000/mcp "HTTP/1.1 200 OK"
2026-06-10 16:47:22,257 INFO services.account_scanner Page 1782: fetched 100 users, 35 collectible, 70681 total candidates
2026-06-10 16:47:23,142 INFO httpx HTTP Request: POST https://private-users-mcp.query.prod.telnyx.io:3000/mcp "HTTP/1.1 200 OK"
2026-06-10 16:47:23,441 INFO services.account_scanner Page 1783: fetched 100 users, 31 collectible, 70712 total candidates
2026-06-10 16:47:24,133 INFO httpx HTTP Request: POST https://private-users-mcp.query.prod.telnyx.io:3000/mcp "HTTP/1.1 200 OK"
2026-06-10 16:47:24,437 INFO services.account_scanner Page 1784: fetched 100 users, 35 collectible, 70747 total candidates
2026-06-10 16:47:25,185 INFO httpx HTTP Request: POST https://private-users-mcp.query.prod.telnyx.io:3000/mcp "HTTP/1.1 200 OK"
2026-06-10 16:47:25,482 INFO services.account_scanner Page 1785: fetched 100 users, 38 collectible, 70785 total candidates
2026-06-10 16:47:26,197 INFO httpx HTTP Request: POST https://private-users-mcp.query.prod.telnyx.io:3000/mcp "HTTP/1.1 200 OK"
2026-06-10 16:47:26,492 INFO services.account_scanner Page 1786: fetched 100 users, 32 collectible, 70817 total candidates
2026-06-10 16:47:27,265 INFO httpx HTTP Request: POST https://private-users-mcp.query.prod.telnyx.io:3000/mcp "HTTP/1.1 200 OK"
2026-06-10 16:47:27,565 INFO services.account_scanner Page 1787: fetched 100 users, 34 collectible, 70851 total candidates
2026-06-10 16:47:28,269 INFO httpx HTTP Request: POST https://private-users-mcp.query.prod.telnyx.io:3000/mcp "HTTP/1.1 200 OK"
2026-06-10 16:47:28,561 INFO services.account_scanner Page 1788: fetched 100 users, 43 collectible, 70894 total candidates
2026-06-10 16:47:29,335 INFO httpx HTTP Request: POST https://private-users-mcp.query.prod.telnyx.io:3000/mcp "HTTP/1.1 200 OK"
2026-06-10 16:47:29,628 INFO services.account_scanner Page 1789: fetched 100 users, 43 collectible, 70937 total candidates
2026-06-10 16:47:30,388 INFO httpx HTTP Request: POST https://private-users-mcp.query.prod.telnyx.io:3000/mcp "HTTP/1.1 200 OK"
2026-06-10 16:47:30,676 INFO services.account_scanner Page 1790: fetched 100 users, 45 collectible, 70982 total candidates
2026-06-10 16:47:31,394 INFO httpx HTTP Request: POST https://private-users-mcp.query.prod.telnyx.io:3000/mcp "HTTP/1.1 200 OK"
2026-06-10 16:47:31,696 INFO services.account_scanner Page 1791: fetched 100 users, 42 collectible, 71024 total candidates
2026-06-10 16:47:32,443 INFO httpx HTTP Request: POST https://private-users-mcp.query.prod.telnyx.io:3000/mcp "HTTP/1.1 200 OK"
2026-06-10 16:47:32,741 INFO services.account_scanner Page 1792: fetched 100 users, 38 collectible, 71062 total candidates
2026-06-10 16:47:33,450 INFO httpx HTTP Request: POST https://private-users-mcp.query.prod.telnyx.io:3000/mcp "HTTP/1.1 200 OK"
2026-06-10 16:47:33,748 INFO services.account_scanner Page 1793: fetched 100 users, 31 collectible, 71093 total candidates
2026-06-10 16:47:34,430 INFO httpx HTTP Request: POST https://private-users-mcp.query.prod.telnyx.io:3000/mcp "HTTP/1.1 200 OK"
2026-06-10 16:47:34,726 INFO services.account_scanner Page 1794: fetched 100 users, 46 collectible, 71139 total candidates
2026-06-10 16:47:35,428 INFO httpx HTTP Request: POST https://private-users-mcp.query.prod.telnyx.io:3000/mcp "HTTP/1.1 200 OK"
2026-06-10 16:47:35,726 INFO services.account_scanner Page 1795: fetched 100 users, 42 collectible, 71181 total candidates
2026-06-10 16:47:36,771 INFO httpx HTTP Request: POST https://private-users-mcp.query.prod.telnyx.io:3000/mcp "HTTP/1.1 200 OK"
2026-06-10 16:47:37,197 INFO services.account_scanner Page 1796: fetched 100 users, 41 collectible, 71222 total candidates
2026-06-10 16:47:37,913 INFO httpx HTTP Request: POST https://private-users-mcp.query.prod.telnyx.io:3000/mcp "HTTP/1.1 200 OK"
2026-06-10 16:47:38,212 INFO services.account_scanner Page 1797: fetched 100 users, 54 collectible, 71276 total candidates
2026-06-10 16:47:38,993 INFO httpx HTTP Request: POST https://private-users-mcp.query.prod.telnyx.io:3000/mcp "HTTP/1.1 200 OK"
2026-06-10 16:47:39,291 INFO services.account_scanner Page 1798: fetched 100 users, 54 collectible, 71330 total candidates
2026-06-10 16:47:40,035 INFO httpx HTTP Request: POST https://private-users-mcp.query.prod.telnyx.io:3000/mcp "HTTP/1.1 200 OK"
2026-06-10 16:47:40,327 INFO services.account_scanner Page 1799: fetched 100 users, 38 collectible, 71368 total candidates
2026-06-10 16:47:41,076 INFO httpx HTTP Request: POST https://private-users-mcp.query.prod.telnyx.io:3000/mcp "HTTP/1.1 200 OK"
2026-06-10 16:47:41,376 INFO services.account_scanner Page 1800: fetched 100 users, 50 collectible, 71418 total candidates
2026-06-10 16:47:42,195 INFO httpx HTTP Request: POST https://private-users-mcp.query.prod.telnyx.io:3000/mcp "HTTP/1.1 200 OK"
2026-06-10 16:47:42,488 INFO services.account_scanner Page 1801: fetched 100 users, 41 collectible, 71459 total candidates
2026-06-10 16:47:43,298 INFO httpx HTTP Request: POST https://private-users-mcp.query.prod.telnyx.io:3000/mcp "HTTP/1.1 200 OK"
2026-06-10 16:47:43,591 INFO services.account_scanner Page 1802: fetched 100 users, 41 collectible, 71500 total candidates
2026-06-10 16:47:44,329 INFO httpx HTTP Request: POST https://private-users-mcp.query.prod.telnyx.io:3000/mcp "HTTP/1.1 200 OK"
2026-06-10 16:47:44,628 INFO services.account_scanner Page 1803: fetched 100 users, 34 collectible, 71534 total candidates
2026-06-10 16:47:45,307 INFO httpx HTTP Request: POST https://private-users-mcp.query.prod.telnyx.io:3000/mcp "HTTP/1.1 200 OK"
2026-06-10 16:47:45,604 INFO services.account_scanner Page 1804: fetched 100 users, 44 collectible, 71578 total candidates
2026-06-10 16:47:46,324 INFO httpx HTTP Request: POST https://private-users-mcp.query.prod.telnyx.io:3000/mcp "HTTP/1.1 200 OK"
2026-06-10 16:47:46,618 INFO services.account_scanner Page 1805: fetched 100 users, 29 collectible, 71607 total candidates
2026-06-10 16:47:47,390 INFO httpx HTTP Request: POST https://private-users-mcp.query.prod.telnyx.io:3000/mcp "HTTP/1.1 200 OK"
2026-06-10 16:47:47,689 INFO services.account_scanner Page 1806: fetched 100 users, 39 collectible, 71646 total candidates
2026-06-10 16:47:48,468 INFO httpx HTTP Request: POST https://private-users-mcp.query.prod.telnyx.io:3000/mcp "HTTP/1.1 200 OK"
2026-06-10 16:47:48,764 INFO services.account_scanner Page 1807: fetched 100 users, 43 collectible, 71689 total candidates
2026-06-10 16:47:49,860 INFO httpx HTTP Request: POST https://private-users-mcp.query.prod.telnyx.io:3000/mcp "HTTP/1.1 200 OK"
2026-06-10 16:47:50,288 INFO services.account_scanner Page 1808: fetched 100 users, 72 collectible, 71761 total candidates
2026-06-10 16:47:51,281 INFO httpx HTTP Request: POST https://private-users-mcp.query.prod.telnyx.io:3000/mcp "HTTP/1.1 200 OK"
2026-06-10 16:47:51,580 INFO services.account_scanner Page 1809: fetched 100 users, 72 collectible, 71833 total candidates
2026-06-10 16:47:52,451 INFO httpx HTTP Request: POST https://private-users-mcp.query.prod.telnyx.io:3000/mcp "HTTP/1.1 200 OK"
2026-06-10 16:47:52,749 INFO services.account_scanner Page 1810: fetched 100 users, 59 collectible, 71892 total candidates
2026-06-10 16:47:53,610 INFO httpx HTTP Request: POST https://private-users-mcp.query.prod.telnyx.io:3000/mcp "HTTP/1.1 200 OK"
2026-06-10 16:47:53,908 INFO services.account_scanner Page 1811: fetched 100 users, 60 collectible, 71952 total candidates
2026-06-10 16:47:54,872 INFO httpx HTTP Request: POST https://private-users-mcp.query.prod.telnyx.io:3000/mcp "HTTP/1.1 200 OK"
2026-06-10 16:47:55,166 INFO services.account_scanner Page 1812: fetched 100 users, 75 collectible, 72027 total candidates
2026-06-10 16:47:55,934 INFO httpx HTTP Request: POST https://private-users-mcp.query.prod.telnyx.io:3000/mcp "HTTP/1.1 200 OK"
2026-06-10 16:47:56,222 INFO services.account_scanner Page 1813: fetched 100 users, 74 collectible, 72101 total candidates
2026-06-10 16:47:57,084 INFO httpx HTTP Request: POST https://private-users-mcp.query.prod.telnyx.io:3000/mcp "HTTP/1.1 200 OK"
2026-06-10 16:47:57,382 INFO services.account_scanner Page 1814: fetched 100 users, 77 collectible, 72178 total candidates
2026-06-10 16:47:58,323 INFO httpx HTTP Request: POST https://private-users-mcp.query.prod.telnyx.io:3000/mcp "HTTP/1.1 200 OK"
2026-06-10 16:47:58,621 INFO services.account_scanner Page 1815: fetched 100 users, 79 collectible, 72257 total candidates
2026-06-10 16:47:59,469 INFO httpx HTTP Request: POST https://private-users-mcp.query.prod.telnyx.io:3000/mcp "HTTP/1.1 200 OK"
2026-06-10 16:47:59,765 INFO services.account_scanner Page 1816: fetched 100 users, 74 collectible, 72331 total candidates
2026-06-10 16:48:00,538 INFO httpx HTTP Request: POST https://private-users-mcp.query.prod.telnyx.io:3000/mcp "HTTP/1.1 200 OK"
2026-06-10 16:48:00,841 INFO services.account_scanner Page 1817: fetched 100 users, 80 collectible, 72411 total candidates
2026-06-10 16:48:01,664 INFO httpx HTTP Request: POST https://private-users-mcp.query.prod.telnyx.io:3000/mcp "HTTP/1.1 200 OK"
2026-06-10 16:48:01,962 INFO services.account_scanner Page 1818: fetched 100 users, 76 collectible, 72487 total candidates
2026-06-10 16:48:02,745 INFO httpx HTTP Request: POST https://private-users-mcp.query.prod.telnyx.io:3000/mcp "HTTP/1.1 200 OK"
2026-06-10 16:48:03,044 INFO services.account_scanner Page 1819: fetched 100 users, 55 collectible, 72542 total candidates
2026-06-10 16:48:03,743 INFO httpx HTTP Request: POST https://private-users-mcp.query.prod.telnyx.io:3000/mcp "HTTP/1.1 200 OK"
2026-06-10 16:48:04,039 INFO services.account_scanner Page 1820: fetched 100 users, 51 collectible, 72593 total candidates
2026-06-10 16:48:04,806 INFO httpx HTTP Request: POST https://private-users-mcp.query.prod.telnyx.io:3000/mcp "HTTP/1.1 200 OK"
2026-06-10 16:48:05,102 INFO services.account_scanner Page 1821: fetched 100 users, 48 collectible, 72641 total candidates
2026-06-10 16:48:05,785 INFO httpx HTTP Request: POST https://private-users-mcp.query.prod.telnyx.io:3000/mcp "HTTP/1.1 200 OK"
2026-06-10 16:48:06,078 INFO services.account_scanner Page 1822: fetched 100 users, 42 collectible, 72683 total candidates
2026-06-10 16:48:06,834 INFO httpx HTTP Request: POST https://private-users-mcp.query.prod.telnyx.io:3000/mcp "HTTP/1.1 200 OK"
2026-06-10 16:48:07,130 INFO services.account_scanner Page 1823: fetched 100 users, 43 collectible, 72726 total candidates
2026-06-10 16:48:07,834 INFO httpx HTTP Request: POST https://private-users-mcp.query.prod.telnyx.io:3000/mcp "HTTP/1.1 200 OK"
2026-06-10 16:48:08,128 INFO services.account_scanner Page 1824: fetched 100 users, 37 collectible, 72763 total candidates
2026-06-10 16:48:09,015 INFO httpx HTTP Request: POST https://private-users-mcp.query.prod.telnyx.io:3000/mcp "HTTP/1.1 200 OK"
2026-06-10 16:48:09,317 INFO services.account_scanner Page 1825: fetched 100 users, 49 collectible, 72812 total candidates
2026-06-10 16:48:10,142 INFO httpx HTTP Request: POST https://private-users-mcp.query.prod.telnyx.io:3000/mcp "HTTP/1.1 200 OK"
2026-06-10 16:48:10,441 INFO services.account_scanner Page 1826: fetched 100 users, 60 collectible, 72872 total candidates
2026-06-10 16:48:11,650 INFO httpx HTTP Request: POST https://private-users-mcp.query.prod.telnyx.io:3000/mcp "HTTP/1.1 200 OK"
2026-06-10 16:48:12,082 INFO services.account_scanner Page 1827: fetched 100 users, 63 collectible, 72935 total candidates
2026-06-10 16:48:12,882 INFO httpx HTTP Request: POST https://private-users-mcp.query.prod.telnyx.io:3000/mcp "HTTP/1.1 200 OK"
2026-06-10 16:48:13,181 INFO services.account_scanner Page 1828: fetched 100 users, 55 collectible, 72990 total candidates
2026-06-10 16:48:13,961 INFO httpx HTTP Request: POST https://private-users-mcp.query.prod.telnyx.io:3000/mcp "HTTP/1.1 200 OK"
2026-06-10 16:48:14,255 INFO services.account_scanner Page 1829: fetched 100 users, 35 collectible, 73025 total candidates
2026-06-10 16:48:14,972 INFO httpx HTTP Request: POST https://private-users-mcp.query.prod.telnyx.io:3000/mcp "HTTP/1.1 200 OK"
2026-06-10 16:48:15,269 INFO services.account_scanner Page 1830: fetched 100 users, 37 collectible, 73062 total candidates
2026-06-10 16:48:16,054 INFO httpx HTTP Request: POST https://private-users-mcp.query.prod.telnyx.io:3000/mcp "HTTP/1.1 200 OK"
2026-06-10 16:48:16,353 INFO services.account_scanner Page 1831: fetched 100 users, 37 collectible, 73099 total candidates
2026-06-10 16:48:17,092 INFO httpx HTTP Request: POST https://private-users-mcp.query.prod.telnyx.io:3000/mcp "HTTP/1.1 200 OK"
2026-06-10 16:48:17,390 INFO services.account_scanner Page 1832: fetched 100 users, 38 collectible, 73137 total candidates
2026-06-10 16:48:18,155 INFO httpx HTTP Request: POST https://private-users-mcp.query.prod.telnyx.io:3000/mcp "HTTP/1.1 200 OK"
2026-06-10 16:48:18,448 INFO services.account_scanner Page 1833: fetched 100 users, 43 collectible, 73180 total candidates
2026-06-10 16:48:19,224 INFO httpx HTTP Request: POST https://private-users-mcp.query.prod.telnyx.io:3000/mcp "HTTP/1.1 200 OK"
2026-06-10 16:48:19,521 INFO services.account_scanner Page 1834: fetched 100 users, 55 collectible, 73235 total candidates
2026-06-10 16:48:20,353 INFO httpx HTTP Request: POST https://private-users-mcp.query.prod.telnyx.io:3000/mcp "HTTP/1.1 200 OK"
2026-06-10 16:48:20,648 INFO services.account_scanner Page 1835: fetched 100 users, 62 collectible, 73297 total candidates
2026-06-10 16:48:21,466 INFO httpx HTTP Request: POST https://private-users-mcp.query.prod.telnyx.io:3000/mcp "HTTP/1.1 200 OK"
2026-06-10 16:48:21,760 INFO services.account_scanner Page 1836: fetched 100 users, 34 collectible, 73331 total candidates
2026-06-10 16:48:22,520 INFO httpx HTTP Request: POST https://private-users-mcp.query.prod.telnyx.io:3000/mcp "HTTP/1.1 200 OK"
2026-06-10 16:48:22,815 INFO services.account_scanner Page 1837: fetched 100 users, 43 collectible, 73374 total candidates
2026-06-10 16:48:23,494 INFO httpx HTTP Request: POST https://private-users-mcp.query.prod.telnyx.io:3000/mcp "HTTP/1.1 200 OK"
2026-06-10 16:48:23,789 INFO services.account_scanner Page 1838: fetched 100 users, 59 collectible, 73433 total candidates
2026-06-10 16:48:24,472 INFO httpx HTTP Request: POST https://private-users-mcp.query.prod.telnyx.io:3000/mcp "HTTP/1.1 200 OK"
2026-06-10 16:48:24,765 INFO services.account_scanner Page 1839: fetched 100 users, 58 collectible, 73491 total candidates
2026-06-10 16:48:25,452 INFO httpx HTTP Request: POST https://private-users-mcp.query.prod.telnyx.io:3000/mcp "HTTP/1.1 200 OK"
2026-06-10 16:48:25,747 INFO services.account_scanner Page 1840: fetched 100 users, 55 collectible, 73546 total candidates
2026-06-10 16:48:26,463 INFO httpx HTTP Request: POST https://private-users-mcp.query.prod.telnyx.io:3000/mcp "HTTP/1.1 200 OK"
2026-06-10 16:48:26,753 INFO services.account_scanner Page 1841: fetched 100 users, 54 collectible, 73600 total candidates
2026-06-10 16:48:27,495 INFO httpx HTTP Request: POST https://private-users-mcp.query.prod.telnyx.io:3000/mcp "HTTP/1.1 200 OK"
2026-06-10 16:48:27,790 INFO services.account_scanner Page 1842: fetched 100 users, 57 collectible, 73657 total candidates
2026-06-10 16:48:28,570 INFO httpx HTTP Request: POST https://private-users-mcp.query.prod.telnyx.io:3000/mcp "HTTP/1.1 200 OK"
2026-06-10 16:48:28,869 INFO services.account_scanner Page 1843: fetched 100 users, 40 collectible, 73697 total candidates
2026-06-10 16:48:29,596 INFO httpx HTTP Request: POST https://private-users-mcp.query.prod.telnyx.io:3000/mcp "HTTP/1.1 200 OK"
2026-06-10 16:48:29,895 INFO services.account_scanner Page 1844: fetched 100 users, 41 collectible, 73738 total candidates
2026-06-10 16:48:30,812 INFO httpx HTTP Request: POST https://private-users-mcp.query.prod.telnyx.io:3000/mcp "HTTP/1.1 200 OK"
2026-06-10 16:48:31,108 INFO services.account_scanner Page 1845: fetched 100 users, 40 collectible, 73778 total candidates
2026-06-10 16:48:31,910 INFO httpx HTTP Request: POST https://private-users-mcp.query.prod.telnyx.io:3000/mcp "HTTP/1.1 200 OK"
2026-06-10 16:48:32,208 INFO services.account_scanner Page 1846: fetched 100 users, 57 collectible, 73835 total candidates
2026-06-10 16:48:32,932 INFO httpx HTTP Request: POST https://private-users-mcp.query.prod.telnyx.io:3000/mcp "HTTP/1.1 200 OK"
2026-06-10 16:48:33,229 INFO services.account_scanner Page 1847: fetched 100 users, 35 collectible, 73870 total candidates
2026-06-10 16:48:33,973 INFO httpx HTTP Request: POST https://private-users-mcp.query.prod.telnyx.io:3000/mcp "HTTP/1.1 200 OK"
2026-06-10 16:48:34,273 INFO services.account_scanner Page 1848: fetched 100 users, 45 collectible, 73915 total candidates
2026-06-10 16:48:35,013 INFO httpx HTTP Request: POST https://private-users-mcp.query.prod.telnyx.io:3000/mcp "HTTP/1.1 200 OK"
2026-06-10 16:48:35,308 INFO services.account_scanner Page 1849: fetched 100 users, 40 collectible, 73955 total candidates
2026-06-10 16:48:36,060 INFO httpx HTTP Request: POST https://private-users-mcp.query.prod.telnyx.io:3000/mcp "HTTP/1.1 200 OK"
2026-06-10 16:48:36,356 INFO services.account_scanner Page 1850: fetched 100 users, 30 collectible, 73985 total candidates
2026-06-10 16:48:37,096 INFO httpx HTTP Request: POST https://private-users-mcp.query.prod.telnyx.io:3000/mcp "HTTP/1.1 200 OK"
2026-06-10 16:48:37,394 INFO services.account_scanner Page 1851: fetched 100 users, 40 collectible, 74025 total candidates
2026-06-10 16:48:38,078 INFO httpx HTTP Request: POST https://private-users-mcp.query.prod.telnyx.io:3000/mcp "HTTP/1.1 200 OK"
2026-06-10 16:48:38,365 INFO services.account_scanner Page 1852: fetched 100 users, 33 collectible, 74058 total candidates
2026-06-10 16:48:39,078 INFO httpx HTTP Request: POST https://private-users-mcp.query.prod.telnyx.io:3000/mcp "HTTP/1.1 200 OK"
2026-06-10 16:48:39,380 INFO services.account_scanner Page 1853: fetched 100 users, 35 collectible, 74093 total candidates
2026-06-10 16:48:40,056 INFO httpx HTTP Request: POST https://private-users-mcp.query.prod.telnyx.io:3000/mcp "HTTP/1.1 200 OK"
2026-06-10 16:48:40,352 INFO services.account_scanner Page 1854: fetched 100 users, 22 collectible, 74115 total candidates
2026-06-10 16:48:41,113 INFO httpx HTTP Request: POST https://private-users-mcp.query.prod.telnyx.io:3000/mcp "HTTP/1.1 200 OK"
2026-06-10 16:48:41,408 INFO services.account_scanner Page 1855: fetched 100 users, 48 collectible, 74163 total candidates
2026-06-10 16:48:42,116 INFO httpx HTTP Request: POST https://private-users-mcp.query.prod.telnyx.io:3000/mcp "HTTP/1.1 200 OK"
2026-06-10 16:48:42,412 INFO services.account_scanner Page 1856: fetched 100 users, 23 collectible, 74186 total candidates
2026-06-10 16:48:43,147 INFO httpx HTTP Request: POST https://private-users-mcp.query.prod.telnyx.io:3000/mcp "HTTP/1.1 200 OK"
2026-06-10 16:48:43,440 INFO services.account_scanner Page 1857: fetched 100 users, 38 collectible, 74224 total candidates
2026-06-10 16:48:44,193 INFO httpx HTTP Request: POST https://private-users-mcp.query.prod.telnyx.io:3000/mcp "HTTP/1.1 200 OK"
2026-06-10 16:48:44,489 INFO services.account_scanner Page 1858: fetched 100 users, 36 collectible, 74260 total candidates
2026-06-10 16:48:45,277 INFO httpx HTTP Request: POST https://private-users-mcp.query.prod.telnyx.io:3000/mcp "HTTP/1.1 200 OK"
2026-06-10 16:48:45,573 INFO services.account_scanner Page 1859: fetched 100 users, 43 collectible, 74303 total candidates
2026-06-10 16:48:46,296 INFO httpx HTTP Request: POST https://private-users-mcp.query.prod.telnyx.io:3000/mcp "HTTP/1.1 200 OK"
2026-06-10 16:48:46,589 INFO services.account_scanner Page 1860: fetched 100 users, 7 collectible, 74310 total candidates
2026-06-10 16:48:47,656 INFO httpx HTTP Request: POST https://private-users-mcp.query.prod.telnyx.io:3000/mcp "HTTP/1.1 200 OK"
2026-06-10 16:48:48,083 INFO services.account_scanner Page 1861: fetched 100 users, 33 collectible, 74343 total candidates
2026-06-10 16:48:48,830 INFO httpx HTTP Request: POST https://private-users-mcp.query.prod.telnyx.io:3000/mcp "HTTP/1.1 200 OK"
2026-06-10 16:48:49,127 INFO services.account_scanner Page 1862: fetched 100 users, 36 collectible, 74379 total candidates
2026-06-10 16:48:49,880 INFO httpx HTTP Request: POST https://private-users-mcp.query.prod.telnyx.io:3000/mcp "HTTP/1.1 200 OK"
2026-06-10 16:48:50,176 INFO services.account_scanner Page 1863: fetched 100 users, 55 collectible, 74434 total candidates
2026-06-10 16:48:51,001 INFO httpx HTTP Request: POST https://private-users-mcp.query.prod.telnyx.io:3000/mcp "HTTP/1.1 200 OK"
2026-06-10 16:48:51,293 INFO services.account_scanner Page 1864: fetched 100 users, 49 collectible, 74483 total candidates
2026-06-10 16:48:52,099 INFO httpx HTTP Request: POST https://private-users-mcp.query.prod.telnyx.io:3000/mcp "HTTP/1.1 200 OK"
2026-06-10 16:48:52,391 INFO services.account_scanner Page 1865: fetched 100 users, 45 collectible, 74528 total candidates
2026-06-10 16:48:53,321 INFO httpx HTTP Request: POST https://private-users-mcp.query.prod.telnyx.io:3000/mcp "HTTP/1.1 200 OK"
2026-06-10 16:48:53,617 INFO services.account_scanner Page 1866: fetched 100 users, 55 collectible, 74583 total candidates
2026-06-10 16:48:54,453 INFO httpx HTTP Request: POST https://private-users-mcp.query.prod.telnyx.io:3000/mcp "HTTP/1.1 200 OK"
2026-06-10 16:48:54,751 INFO services.account_scanner Page 1867: fetched 100 users, 46 collectible, 74629 total candidates
2026-06-10 16:48:55,590 INFO httpx HTTP Request: POST https://private-users-mcp.query.prod.telnyx.io:3000/mcp "HTTP/1.1 200 OK"
2026-06-10 16:48:55,888 INFO services.account_scanner Page 1868: fetched 100 users, 38 collectible, 74667 total candidates
2026-06-10 16:48:56,735 INFO httpx HTTP Request: POST https://private-users-mcp.query.prod.telnyx.io:3000/mcp "HTTP/1.1 200 OK"
2026-06-10 16:48:57,034 INFO services.account_scanner Page 1869: fetched 100 users, 43 collectible, 74710 total candidates
2026-06-10 16:48:58,115 INFO httpx HTTP Request: POST https://private-users-mcp.query.prod.telnyx.io:3000/mcp "HTTP/1.1 200 OK"
2026-06-10 16:48:58,537 INFO services.account_scanner Page 1870: fetched 100 users, 41 collectible, 74751 total candidates
2026-06-10 16:48:59,277 INFO httpx HTTP Request: POST https://private-users-mcp.query.prod.telnyx.io:3000/mcp "HTTP/1.1 200 OK"
2026-06-10 16:48:59,566 INFO services.account_scanner Page 1871: fetched 100 users, 32 collectible, 74783 total candidates
2026-06-10 16:49:00,273 INFO httpx HTTP Request: POST https://private-users-mcp.query.prod.telnyx.io:3000/mcp "HTTP/1.1 200 OK"
2026-06-10 16:49:00,560 INFO services.account_scanner Page 1872: fetched 100 users, 24 collectible, 74807 total candidates
2026-06-10 16:49:01,341 INFO httpx HTTP Request: POST https://private-users-mcp.query.prod.telnyx.io:3000/mcp "HTTP/1.1 200 OK"
2026-06-10 16:49:01,628 INFO services.account_scanner Page 1873: fetched 100 users, 32 collectible, 74839 total candidates
2026-06-10 16:49:02,321 INFO httpx HTTP Request: POST https://private-users-mcp.query.prod.telnyx.io:3000/mcp "HTTP/1.1 200 OK"
2026-06-10 16:49:02,614 INFO services.account_scanner Page 1874: fetched 100 users, 26 collectible, 74865 total candidates
2026-06-10 16:49:03,322 INFO httpx HTTP Request: POST https://private-users-mcp.query.prod.telnyx.io:3000/mcp "HTTP/1.1 200 OK"
2026-06-10 16:49:03,611 INFO services.account_scanner Page 1875: fetched 100 users, 21 collectible, 74886 total candidates
2026-06-10 16:49:04,362 INFO httpx HTTP Request: POST https://private-users-mcp.query.prod.telnyx.io:3000/mcp "HTTP/1.1 200 OK"
2026-06-10 16:49:04,659 INFO services.account_scanner Page 1876: fetched 100 users, 38 collectible, 74924 total candidates
2026-06-10 16:49:05,432 INFO httpx HTTP Request: POST https://private-users-mcp.query.prod.telnyx.io:3000/mcp "HTTP/1.1 200 OK"
2026-06-10 16:49:05,727 INFO services.account_scanner Page 1877: fetched 100 users, 43 collectible, 74967 total candidates
2026-06-10 16:49:06,681 INFO httpx HTTP Request: POST https://private-users-mcp.query.prod.telnyx.io:3000/mcp "HTTP/1.1 200 OK"
2026-06-10 16:49:06,974 INFO services.account_scanner Page 1878: fetched 100 users, 45 collectible, 75012 total candidates
2026-06-10 16:49:07,845 INFO httpx HTTP Request: POST https://private-users-mcp.query.prod.telnyx.io:3000/mcp "HTTP/1.1 200 OK"
2026-06-10 16:49:08,143 INFO services.account_scanner Page 1879: fetched 100 users, 51 collectible, 75063 total candidates
2026-06-10 16:49:08,917 INFO httpx HTTP Request: POST https://private-users-mcp.query.prod.telnyx.io:3000/mcp "HTTP/1.1 200 OK"
2026-06-10 16:49:09,213 INFO services.account_scanner Page 1880: fetched 100 users, 42 collectible, 75105 total candidates
2026-06-10 16:49:09,905 INFO httpx HTTP Request: POST https://private-users-mcp.query.prod.telnyx.io:3000/mcp "HTTP/1.1 200 OK"
2026-06-10 16:49:10,204 INFO services.account_scanner Page 1881: fetched 100 users, 48 collectible, 75153 total candidates
2026-06-10 16:49:10,872 INFO httpx HTTP Request: POST https://private-users-mcp.query.prod.telnyx.io:3000/mcp "HTTP/1.1 200 OK"
2026-06-10 16:49:11,039 INFO services.account_scanner Page 1882: fetched 100 users, 83 collectible, 75236 total candidates
2026-06-10 16:49:11,740 INFO httpx HTTP Request: POST https://private-users-mcp.query.prod.telnyx.io:3000/mcp "HTTP/1.1 200 OK"
2026-06-10 16:49:12,027 INFO services.account_scanner Page 1883: fetched 100 users, 33 collectible, 75269 total candidates
2026-06-10 16:49:12,754 INFO httpx HTTP Request: POST https://private-users-mcp.query.prod.telnyx.io:3000/mcp "HTTP/1.1 200 OK"
2026-06-10 16:49:13,049 INFO services.account_scanner Page 1884: fetched 100 users, 43 collectible, 75312 total candidates
2026-06-10 16:49:13,793 INFO httpx HTTP Request: POST https://private-users-mcp.query.prod.telnyx.io:3000/mcp "HTTP/1.1 200 OK"
2026-06-10 16:49:14,089 INFO services.account_scanner Page 1885: fetched 100 users, 41 collectible, 75353 total candidates
2026-06-10 16:49:14,798 INFO httpx HTTP Request: POST https://private-users-mcp.query.prod.telnyx.io:3000/mcp "HTTP/1.1 200 OK"
2026-06-10 16:49:15,091 INFO services.account_scanner Page 1886: fetched 100 users, 40 collectible, 75393 total candidates
2026-06-10 16:49:15,845 INFO httpx HTTP Request: POST https://private-users-mcp.query.prod.telnyx.io:3000/mcp "HTTP/1.1 200 OK"
2026-06-10 16:49:16,143 INFO services.account_scanner Page 1887: fetched 100 users, 37 collectible, 75430 total candidates
2026-06-10 16:49:17,078 INFO httpx HTTP Request: POST https://private-users-mcp.query.prod.telnyx.io:3000/mcp "HTTP/1.1 200 OK"
2026-06-10 16:49:17,376 INFO services.account_scanner Page 1888: fetched 100 users, 45 collectible, 75475 total candidates
2026-06-10 16:49:18,084 INFO httpx HTTP Request: POST https://private-users-mcp.query.prod.telnyx.io:3000/mcp "HTTP/1.1 200 OK"
2026-06-10 16:49:18,379 INFO services.account_scanner Page 1889: fetched 100 users, 48 collectible, 75523 total candidates
2026-06-10 16:49:19,076 INFO httpx HTTP Request: POST https://private-users-mcp.query.prod.telnyx.io:3000/mcp "HTTP/1.1 200 OK"
2026-06-10 16:49:19,373 INFO services.account_scanner Page 1890: fetched 100 users, 40 collectible, 75563 total candidates
2026-06-10 16:49:20,122 INFO httpx HTTP Request: POST https://private-users-mcp.query.prod.telnyx.io:3000/mcp "HTTP/1.1 200 OK"
2026-06-10 16:49:20,415 INFO services.account_scanner Page 1891: fetched 100 users, 36 collectible, 75599 total candidates
2026-06-10 16:49:21,233 INFO httpx HTTP Request: POST https://private-users-mcp.query.prod.telnyx.io:3000/mcp "HTTP/1.1 200 OK"
2026-06-10 16:49:21,528 INFO services.account_scanner Page 1892: fetched 100 users, 42 collectible, 75641 total candidates
2026-06-10 16:49:22,277 INFO httpx HTTP Request: POST https://private-users-mcp.query.prod.telnyx.io:3000/mcp "HTTP/1.1 200 OK"
2026-06-10 16:49:22,570 INFO services.account_scanner Page 1893: fetched 100 users, 46 collectible, 75687 total candidates
2026-06-10 16:49:23,511 INFO httpx HTTP Request: POST https://private-users-mcp.query.prod.telnyx.io:3000/mcp "HTTP/1.1 200 OK"
2026-06-10 16:49:23,805 INFO services.account_scanner Page 1894: fetched 100 users, 49 collectible, 75736 total candidates
2026-06-10 16:49:24,571 INFO httpx HTTP Request: POST https://private-users-mcp.query.prod.telnyx.io:3000/mcp "HTTP/1.1 200 OK"
2026-06-10 16:49:24,858 INFO services.account_scanner Page 1895: fetched 100 users, 47 collectible, 75783 total candidates
2026-06-10 16:49:25,608 INFO httpx HTTP Request: POST https://private-users-mcp.query.prod.telnyx.io:3000/mcp "HTTP/1.1 200 OK"
2026-06-10 16:49:25,904 INFO services.account_scanner Page 1896: fetched 100 users, 41 collectible, 75824 total candidates
2026-06-10 16:49:26,647 INFO httpx HTTP Request: POST https://private-users-mcp.query.prod.telnyx.io:3000/mcp "HTTP/1.1 200 OK"
2026-06-10 16:49:26,944 INFO services.account_scanner Page 1897: fetched 100 users, 47 collectible, 75871 total candidates
2026-06-10 16:49:27,659 INFO httpx HTTP Request: POST https://private-users-mcp.query.prod.telnyx.io:3000/mcp "HTTP/1.1 200 OK"
2026-06-10 16:49:27,954 INFO services.account_scanner Page 1898: fetched 100 users, 52 collectible, 75923 total candidates
2026-06-10 16:49:28,731 INFO httpx HTTP Request: POST https://private-users-mcp.query.prod.telnyx.io:3000/mcp "HTTP/1.1 200 OK"
2026-06-10 16:49:29,026 INFO services.account_scanner Page 1899: fetched 100 users, 40 collectible, 75963 total candidates
2026-06-10 16:49:29,798 INFO httpx HTTP Request: POST https://private-users-mcp.query.prod.telnyx.io:3000/mcp "HTTP/1.1 200 OK"
2026-06-10 16:49:30,089 INFO services.account_scanner Page 1900: fetched 100 users, 27 collectible, 75990 total candidates
2026-06-10 16:49:30,928 INFO httpx HTTP Request: POST https://private-users-mcp.query.prod.telnyx.io:3000/mcp "HTTP/1.1 200 OK"
2026-06-10 16:49:31,221 INFO services.account_scanner Page 1901: fetched 100 users, 44 collectible, 76034 total candidates
2026-06-10 16:49:32,034 INFO httpx HTTP Request: POST https://private-users-mcp.query.prod.telnyx.io:3000/mcp "HTTP/1.1 200 OK"
2026-06-10 16:49:32,327 INFO services.account_scanner Page 1902: fetched 100 users, 54 collectible, 76088 total candidates
2026-06-10 16:49:33,185 INFO httpx HTTP Request: POST https://private-users-mcp.query.prod.telnyx.io:3000/mcp "HTTP/1.1 200 OK"
2026-06-10 16:49:33,482 INFO services.account_scanner Page 1903: fetched 100 users, 60 collectible, 76148 total candidates
2026-06-10 16:49:34,318 INFO httpx HTTP Request: POST https://private-users-mcp.query.prod.telnyx.io:3000/mcp "HTTP/1.1 200 OK"
2026-06-10 16:49:34,615 INFO services.account_scanner Page 1904: fetched 100 users, 42 collectible, 76190 total candidates
2026-06-10 16:49:35,436 INFO httpx HTTP Request: POST https://private-users-mcp.query.prod.telnyx.io:3000/mcp "HTTP/1.1 200 OK"
2026-06-10 16:49:35,730 INFO services.account_scanner Page 1905: fetched 100 users, 39 collectible, 76229 total candidates
2026-06-10 16:49:36,477 INFO httpx HTTP Request: POST https://private-users-mcp.query.prod.telnyx.io:3000/mcp "HTTP/1.1 200 OK"
2026-06-10 16:49:36,769 INFO services.account_scanner Page 1906: fetched 100 users, 50 collectible, 76279 total candidates
2026-06-10 16:49:37,514 INFO httpx HTTP Request: POST https://private-users-mcp.query.prod.telnyx.io:3000/mcp "HTTP/1.1 200 OK"
2026-06-10 16:49:37,809 INFO services.account_scanner Page 1907: fetched 100 users, 32 collectible, 76311 total candidates
2026-06-10 16:49:38,507 INFO httpx HTTP Request: POST https://private-users-mcp.query.prod.telnyx.io:3000/mcp "HTTP/1.1 200 OK"
2026-06-10 16:49:38,804 INFO services.account_scanner Page 1908: fetched 100 users, 54 collectible, 76365 total candidates
2026-06-10 16:49:39,498 INFO httpx HTTP Request: POST https://private-users-mcp.query.prod.telnyx.io:3000/mcp "HTTP/1.1 200 OK"
2026-06-10 16:49:39,795 INFO services.account_scanner Page 1909: fetched 100 users, 36 collectible, 76401 total candidates
2026-06-10 16:49:40,506 INFO httpx HTTP Request: POST https://private-users-mcp.query.prod.telnyx.io:3000/mcp "HTTP/1.1 200 OK"
2026-06-10 16:49:40,790 INFO services.account_scanner Page 1910: fetched 100 users, 32 collectible, 76433 total candidates
2026-06-10 16:49:41,552 INFO httpx HTTP Request: POST https://private-users-mcp.query.prod.telnyx.io:3000/mcp "HTTP/1.1 200 OK"
2026-06-10 16:49:41,839 INFO services.account_scanner Page 1911: fetched 100 users, 55 collectible, 76488 total candidates
2026-06-10 16:49:42,645 INFO httpx HTTP Request: POST https://private-users-mcp.query.prod.telnyx.io:3000/mcp "HTTP/1.1 200 OK"
2026-06-10 16:49:42,928 INFO services.account_scanner Page 1912: fetched 100 users, 64 collectible, 76552 total candidates
2026-06-10 16:49:43,781 INFO httpx HTTP Request: POST https://private-users-mcp.query.prod.telnyx.io:3000/mcp "HTTP/1.1 200 OK"
2026-06-10 16:49:44,066 INFO services.account_scanner Page 1913: fetched 100 users, 56 collectible, 76608 total candidates
2026-06-10 16:49:44,820 INFO httpx HTTP Request: POST https://private-users-mcp.query.prod.telnyx.io:3000/mcp "HTTP/1.1 200 OK"
2026-06-10 16:49:45,106 INFO services.account_scanner Page 1914: fetched 100 users, 54 collectible, 76662 total candidates
2026-06-10 16:49:45,806 INFO httpx HTTP Request: POST https://private-users-mcp.query.prod.telnyx.io:3000/mcp "HTTP/1.1 200 OK"
2026-06-10 16:49:46,093 INFO services.account_scanner Page 1915: fetched 100 users, 32 collectible, 76694 total candidates
2026-06-10 16:49:46,817 INFO httpx HTTP Request: POST https://private-users-mcp.query.prod.telnyx.io:3000/mcp "HTTP/1.1 200 OK"
2026-06-10 16:49:47,114 INFO services.account_scanner Page 1916: fetched 100 users, 44 collectible, 76738 total candidates
2026-06-10 16:49:47,811 INFO httpx HTTP Request: POST https://private-users-mcp.query.prod.telnyx.io:3000/mcp "HTTP/1.1 200 OK"
2026-06-10 16:49:48,104 INFO services.account_scanner Page 1917: fetched 100 users, 29 collectible, 76767 total candidates
2026-06-10 16:49:48,795 INFO httpx HTTP Request: POST https://private-users-mcp.query.prod.telnyx.io:3000/mcp "HTTP/1.1 200 OK"
2026-06-10 16:49:49,087 INFO services.account_scanner Page 1918: fetched 100 users, 33 collectible, 76800 total candidates
2026-06-10 16:49:49,837 INFO httpx HTTP Request: POST https://private-users-mcp.query.prod.telnyx.io:3000/mcp "HTTP/1.1 200 OK"
2026-06-10 16:49:50,134 INFO services.account_scanner Page 1919: fetched 100 users, 27 collectible, 76827 total candidates
2026-06-10 16:49:50,994 INFO httpx HTTP Request: POST https://private-users-mcp.query.prod.telnyx.io:3000/mcp "HTTP/1.1 200 OK"
2026-06-10 16:49:51,288 INFO services.account_scanner Page 1920: fetched 100 users, 55 collectible, 76882 total candidates
2026-06-10 16:49:51,991 INFO httpx HTTP Request: POST https://private-users-mcp.query.prod.telnyx.io:3000/mcp "HTTP/1.1 200 OK"
2026-06-10 16:49:52,286 INFO services.account_scanner Page 1921: fetched 100 users, 23 collectible, 76905 total candidates
2026-06-10 16:49:52,976 INFO httpx HTTP Request: POST https://private-users-mcp.query.prod.telnyx.io:3000/mcp "HTTP/1.1 200 OK"
2026-06-10 16:49:53,269 INFO services.account_scanner Page 1922: fetched 100 users, 21 collectible, 76926 total candidates
2026-06-10 16:49:54,075 INFO httpx HTTP Request: POST https://private-users-mcp.query.prod.telnyx.io:3000/mcp "HTTP/1.1 200 OK"
2026-06-10 16:49:54,372 INFO services.account_scanner Page 1923: fetched 100 users, 44 collectible, 76970 total candidates
2026-06-10 16:49:55,241 INFO httpx HTTP Request: POST https://private-users-mcp.query.prod.telnyx.io:3000/mcp "HTTP/1.1 200 OK"
2026-06-10 16:49:55,533 INFO services.account_scanner Page 1924: fetched 100 users, 61 collectible, 77031 total candidates
2026-06-10 16:49:56,245 INFO httpx HTTP Request: POST https://private-users-mcp.query.prod.telnyx.io:3000/mcp "HTTP/1.1 200 OK"
2026-06-10 16:49:56,537 INFO services.account_scanner Page 1925: fetched 100 users, 24 collectible, 77055 total candidates
2026-06-10 16:49:57,344 INFO httpx HTTP Request: POST https://private-users-mcp.query.prod.telnyx.io:3000/mcp "HTTP/1.1 200 OK"
2026-06-10 16:49:57,633 INFO services.account_scanner Page 1926: fetched 100 users, 31 collectible, 77086 total candidates
2026-06-10 16:49:58,476 INFO httpx HTTP Request: POST https://private-users-mcp.query.prod.telnyx.io:3000/mcp "HTTP/1.1 200 OK"
2026-06-10 16:49:58,769 INFO services.account_scanner Page 1927: fetched 100 users, 39 collectible, 77125 total candidates
2026-06-10 16:49:59,482 INFO httpx HTTP Request: POST https://private-users-mcp.query.prod.telnyx.io:3000/mcp "HTTP/1.1 200 OK"
2026-06-10 16:49:59,766 INFO services.account_scanner Page 1928: fetched 100 users, 30 collectible, 77155 total candidates
2026-06-10 16:50:00,507 INFO httpx HTTP Request: POST https://private-users-mcp.query.prod.telnyx.io:3000/mcp "HTTP/1.1 200 OK"
2026-06-10 16:50:00,803 INFO services.account_scanner Page 1929: fetched 100 users, 28 collectible, 77183 total candidates
2026-06-10 16:50:01,678 INFO httpx HTTP Request: POST https://private-users-mcp.query.prod.telnyx.io:3000/mcp "HTTP/1.1 200 OK"
2026-06-10 16:50:01,973 INFO services.account_scanner Page 1930: fetched 100 users, 36 collectible, 77219 total candidates
2026-06-10 16:50:02,694 INFO httpx HTTP Request: POST https://private-users-mcp.query.prod.telnyx.io:3000/mcp "HTTP/1.1 200 OK"
2026-06-10 16:50:02,988 INFO services.account_scanner Page 1931: fetched 100 users, 29 collectible, 77248 total candidates
2026-06-10 16:50:03,729 INFO httpx HTTP Request: POST https://private-users-mcp.query.prod.telnyx.io:3000/mcp "HTTP/1.1 200 OK"
2026-06-10 16:50:04,022 INFO services.account_scanner Page 1932: fetched 100 users, 23 collectible, 77271 total candidates
2026-06-10 16:50:04,722 INFO httpx HTTP Request: POST https://private-users-mcp.query.prod.telnyx.io:3000/mcp "HTTP/1.1 200 OK"
2026-06-10 16:50:05,013 INFO services.account_scanner Page 1933: fetched 100 users, 21 collectible, 77292 total candidates
2026-06-10 16:50:05,848 INFO httpx HTTP Request: POST https://private-users-mcp.query.prod.telnyx.io:3000/mcp "HTTP/1.1 200 OK"
2026-06-10 16:50:06,143 INFO services.account_scanner Page 1934: fetched 100 users, 22 collectible, 77314 total candidates
2026-06-10 16:50:06,862 INFO httpx HTTP Request: POST https://private-users-mcp.query.prod.telnyx.io:3000/mcp "HTTP/1.1 200 OK"
2026-06-10 16:50:07,158 INFO services.account_scanner Page 1935: fetched 100 users, 34 collectible, 77348 total candidates
2026-06-10 16:50:07,908 INFO httpx HTTP Request: POST https://private-users-mcp.query.prod.telnyx.io:3000/mcp "HTTP/1.1 200 OK"
2026-06-10 16:50:08,206 INFO services.account_scanner Page 1936: fetched 100 users, 33 collectible, 77381 total candidates
2026-06-10 16:50:08,947 INFO httpx HTTP Request: POST https://private-users-mcp.query.prod.telnyx.io:3000/mcp "HTTP/1.1 200 OK"
2026-06-10 16:50:09,239 INFO services.account_scanner Page 1937: fetched 100 users, 38 collectible, 77419 total candidates
2026-06-10 16:50:10,001 INFO httpx HTTP Request: POST https://private-users-mcp.query.prod.telnyx.io:3000/mcp "HTTP/1.1 200 OK"
2026-06-10 16:50:10,294 INFO services.account_scanner Page 1938: fetched 100 users, 41 collectible, 77460 total candidates
2026-06-10 16:50:11,084 INFO httpx HTTP Request: POST https://private-users-mcp.query.prod.telnyx.io:3000/mcp "HTTP/1.1 200 OK"
2026-06-10 16:50:11,381 INFO services.account_scanner Page 1939: fetched 100 users, 46 collectible, 77506 total candidates
2026-06-10 16:50:12,176 INFO httpx HTTP Request: POST https://private-users-mcp.query.prod.telnyx.io:3000/mcp "HTTP/1.1 200 OK"
2026-06-10 16:50:12,474 INFO services.account_scanner Page 1940: fetched 100 users, 46 collectible, 77552 total candidates
2026-06-10 16:50:13,178 INFO httpx HTTP Request: POST https://private-users-mcp.query.prod.telnyx.io:3000/mcp "HTTP/1.1 200 OK"
2026-06-10 16:50:13,474 INFO services.account_scanner Page 1941: fetched 100 users, 53 collectible, 77605 total candidates
2026-06-10 16:50:14,218 INFO httpx HTTP Request: POST https://private-users-mcp.query.prod.telnyx.io:3000/mcp "HTTP/1.1 200 OK"
2026-06-10 16:50:14,511 INFO services.account_scanner Page 1942: fetched 100 users, 51 collectible, 77656 total candidates
2026-06-10 16:50:15,448 INFO httpx HTTP Request: POST https://private-users-mcp.query.prod.telnyx.io:3000/mcp "HTTP/1.1 200 OK"
2026-06-10 16:50:15,742 INFO services.account_scanner Page 1943: fetched 100 users, 46 collectible, 77702 total candidates
2026-06-10 16:50:16,474 INFO httpx HTTP Request: POST https://private-users-mcp.query.prod.telnyx.io:3000/mcp "HTTP/1.1 200 OK"
2026-06-10 16:50:16,767 INFO services.account_scanner Page 1944: fetched 100 users, 39 collectible, 77741 total candidates
2026-06-10 16:50:17,500 INFO httpx HTTP Request: POST https://private-users-mcp.query.prod.telnyx.io:3000/mcp "HTTP/1.1 200 OK"
2026-06-10 16:50:17,794 INFO services.account_scanner Page 1945: fetched 100 users, 35 collectible, 77776 total candidates
2026-06-10 16:50:18,499 INFO httpx HTTP Request: POST https://private-users-mcp.query.prod.telnyx.io:3000/mcp "HTTP/1.1 200 OK"
2026-06-10 16:50:18,796 INFO services.account_scanner Page 1946: fetched 100 users, 45 collectible, 77821 total candidates
2026-06-10 16:50:19,628 INFO httpx HTTP Request: POST https://private-users-mcp.query.prod.telnyx.io:3000/mcp "HTTP/1.1 200 OK"
2026-06-10 16:50:19,925 INFO services.account_scanner Page 1947: fetched 100 users, 33 collectible, 77854 total candidates
2026-06-10 16:50:20,642 INFO httpx HTTP Request: POST https://private-users-mcp.query.prod.telnyx.io:3000/mcp "HTTP/1.1 200 OK"
2026-06-10 16:50:20,936 INFO services.account_scanner Page 1948: fetched 100 users, 42 collectible, 77896 total candidates
2026-06-10 16:50:21,657 INFO httpx HTTP Request: POST https://private-users-mcp.query.prod.telnyx.io:3000/mcp "HTTP/1.1 200 OK"
2026-06-10 16:50:21,953 INFO services.account_scanner Page 1949: fetched 100 users, 69 collectible, 77965 total candidates
2026-06-10 16:50:22,702 INFO httpx HTTP Request: POST https://private-users-mcp.query.prod.telnyx.io:3000/mcp "HTTP/1.1 200 OK"
2026-06-10 16:50:22,990 INFO services.account_scanner Page 1950: fetched 100 users, 42 collectible, 78007 total candidates
2026-06-10 16:50:23,703 INFO httpx HTTP Request: POST https://private-users-mcp.query.prod.telnyx.io:3000/mcp "HTTP/1.1 200 OK"
2026-06-10 16:50:24,019 INFO services.account_scanner Page 1951: fetched 100 users, 29 collectible, 78036 total candidates
2026-06-10 16:50:24,838 INFO httpx HTTP Request: POST https://private-users-mcp.query.prod.telnyx.io:3000/mcp "HTTP/1.1 200 OK"
2026-06-10 16:50:25,131 INFO services.account_scanner Page 1952: fetched 100 users, 54 collectible, 78090 total candidates
2026-06-10 16:50:26,037 INFO httpx HTTP Request: POST https://private-users-mcp.query.prod.telnyx.io:3000/mcp "HTTP/1.1 200 OK"
2026-06-10 16:50:26,330 INFO services.account_scanner Page 1953: fetched 100 users, 41 collectible, 78131 total candidates
2026-06-10 16:50:27,204 INFO httpx HTTP Request: POST https://private-users-mcp.query.prod.telnyx.io:3000/mcp "HTTP/1.1 200 OK"
2026-06-10 16:50:27,499 INFO services.account_scanner Page 1954: fetched 100 users, 38 collectible, 78169 total candidates
2026-06-10 16:50:28,219 INFO httpx HTTP Request: POST https://private-users-mcp.query.prod.telnyx.io:3000/mcp "HTTP/1.1 200 OK"
2026-06-10 16:50:28,512 INFO services.account_scanner Page 1955: fetched 100 users, 31 collectible, 78200 total candidates
2026-06-10 16:50:29,224 INFO httpx HTTP Request: POST https://private-users-mcp.query.prod.telnyx.io:3000/mcp "HTTP/1.1 200 OK"
2026-06-10 16:50:29,517 INFO services.account_scanner Page 1956: fetched 100 users, 34 collectible, 78234 total candidates
2026-06-10 16:50:30,241 INFO httpx HTTP Request: POST https://private-users-mcp.query.prod.telnyx.io:3000/mcp "HTTP/1.1 200 OK"
2026-06-10 16:50:30,535 INFO services.account_scanner Page 1957: fetched 100 users, 32 collectible, 78266 total candidates
2026-06-10 16:50:31,266 INFO httpx HTTP Request: POST https://private-users-mcp.query.prod.telnyx.io:3000/mcp "HTTP/1.1 200 OK"
2026-06-10 16:50:31,561 INFO services.account_scanner Page 1958: fetched 100 users, 46 collectible, 78312 total candidates
2026-06-10 16:50:32,290 INFO httpx HTTP Request: POST https://private-users-mcp.query.prod.telnyx.io:3000/mcp "HTTP/1.1 200 OK"
2026-06-10 16:50:32,585 INFO services.account_scanner Page 1959: fetched 100 users, 49 collectible, 78361 total candidates
2026-06-10 16:50:33,362 INFO httpx HTTP Request: POST https://private-users-mcp.query.prod.telnyx.io:3000/mcp "HTTP/1.1 200 OK"
2026-06-10 16:50:33,661 INFO services.account_scanner Page 1960: fetched 100 users, 51 collectible, 78412 total candidates
2026-06-10 16:50:34,518 INFO httpx HTTP Request: POST https://private-users-mcp.query.prod.telnyx.io:3000/mcp "HTTP/1.1 200 OK"
2026-06-10 16:50:34,807 INFO services.account_scanner Page 1961: fetched 100 users, 56 collectible, 78468 total candidates
2026-06-10 16:50:35,547 INFO httpx HTTP Request: POST https://private-users-mcp.query.prod.telnyx.io:3000/mcp "HTTP/1.1 200 OK"
2026-06-10 16:50:35,847 INFO services.account_scanner Page 1962: fetched 100 users, 47 collectible, 78515 total candidates
2026-06-10 16:50:36,561 INFO httpx HTTP Request: POST https://private-users-mcp.query.prod.telnyx.io:3000/mcp "HTTP/1.1 200 OK"
2026-06-10 16:50:36,852 INFO services.account_scanner Page 1963: fetched 100 users, 59 collectible, 78574 total candidates
2026-06-10 16:50:37,605 INFO httpx HTTP Request: POST https://private-users-mcp.query.prod.telnyx.io:3000/mcp "HTTP/1.1 200 OK"
2026-06-10 16:50:37,896 INFO services.account_scanner Page 1964: fetched 100 users, 48 collectible, 78622 total candidates
2026-06-10 16:50:38,640 INFO httpx HTTP Request: POST https://private-users-mcp.query.prod.telnyx.io:3000/mcp "HTTP/1.1 200 OK"
2026-06-10 16:50:38,939 INFO services.account_scanner Page 1965: fetched 100 users, 51 collectible, 78673 total candidates
2026-06-10 16:50:39,685 INFO httpx HTTP Request: POST https://private-users-mcp.query.prod.telnyx.io:3000/mcp "HTTP/1.1 200 OK"
2026-06-10 16:50:39,998 INFO services.account_scanner Page 1966: fetched 100 users, 46 collectible, 78719 total candidates
2026-06-10 16:50:40,720 INFO httpx HTTP Request: POST https://private-users-mcp.query.prod.telnyx.io:3000/mcp "HTTP/1.1 200 OK"
2026-06-10 16:50:41,016 INFO services.account_scanner Page 1967: fetched 100 users, 58 collectible, 78777 total candidates
2026-06-10 16:50:41,758 INFO httpx HTTP Request: POST https://private-users-mcp.query.prod.telnyx.io:3000/mcp "HTTP/1.1 200 OK"
2026-06-10 16:50:42,057 INFO services.account_scanner Page 1968: fetched 100 users, 57 collectible, 78834 total candidates
2026-06-10 16:50:42,888 INFO httpx HTTP Request: POST https://private-users-mcp.query.prod.telnyx.io:3000/mcp "HTTP/1.1 200 OK"
2026-06-10 16:50:43,179 INFO services.account_scanner Page 1969: fetched 100 users, 59 collectible, 78893 total candidates
2026-06-10 16:50:43,922 INFO httpx HTTP Request: POST https://private-users-mcp.query.prod.telnyx.io:3000/mcp "HTTP/1.1 200 OK"
2026-06-10 16:50:44,212 INFO services.account_scanner Page 1970: fetched 100 users, 57 collectible, 78950 total candidates
2026-06-10 16:50:44,975 INFO httpx HTTP Request: POST https://private-users-mcp.query.prod.telnyx.io:3000/mcp "HTTP/1.1 200 OK"
2026-06-10 16:50:45,263 INFO services.account_scanner Page 1971: fetched 100 users, 55 collectible, 79005 total candidates
2026-06-10 16:50:45,999 INFO httpx HTTP Request: POST https://private-users-mcp.query.prod.telnyx.io:3000/mcp "HTTP/1.1 200 OK"
2026-06-10 16:50:46,297 INFO services.account_scanner Page 1972: fetched 100 users, 58 collectible, 79063 total candidates
2026-06-10 16:50:47,035 INFO httpx HTTP Request: POST https://private-users-mcp.query.prod.telnyx.io:3000/mcp "HTTP/1.1 200 OK"
2026-06-10 16:50:47,331 INFO services.account_scanner Page 1973: fetched 100 users, 53 collectible, 79116 total candidates
2026-06-10 16:50:48,060 INFO httpx HTTP Request: POST https://private-users-mcp.query.prod.telnyx.io:3000/mcp "HTTP/1.1 200 OK"
2026-06-10 16:50:48,356 INFO services.account_scanner Page 1974: fetched 100 users, 52 collectible, 79168 total candidates
2026-06-10 16:50:49,078 INFO httpx HTTP Request: POST https://private-users-mcp.query.prod.telnyx.io:3000/mcp "HTTP/1.1 200 OK"
2026-06-10 16:50:49,365 INFO services.account_scanner Page 1975: fetched 100 users, 49 collectible, 79217 total candidates
2026-06-10 16:50:50,094 INFO httpx HTTP Request: POST https://private-users-mcp.query.prod.telnyx.io:3000/mcp "HTTP/1.1 200 OK"
2026-06-10 16:50:50,389 INFO services.account_scanner Page 1976: fetched 100 users, 51 collectible, 79268 total candidates
2026-06-10 16:50:51,157 INFO httpx HTTP Request: POST https://private-users-mcp.query.prod.telnyx.io:3000/mcp "HTTP/1.1 200 OK"
2026-06-10 16:50:51,453 INFO services.account_scanner Page 1977: fetched 100 users, 50 collectible, 79318 total candidates
2026-06-10 16:50:52,179 INFO httpx HTTP Request: POST https://private-users-mcp.query.prod.telnyx.io:3000/mcp "HTTP/1.1 200 OK"
2026-06-10 16:50:52,475 INFO services.account_scanner Page 1978: fetched 100 users, 47 collectible, 79365 total candidates
2026-06-10 16:50:53,234 INFO httpx HTTP Request: POST https://private-users-mcp.query.prod.telnyx.io:3000/mcp "HTTP/1.1 200 OK"
2026-06-10 16:50:53,532 INFO services.account_scanner Page 1979: fetched 100 users, 61 collectible, 79426 total candidates
2026-06-10 16:50:54,275 INFO httpx HTTP Request: POST https://private-users-mcp.query.prod.telnyx.io:3000/mcp "HTTP/1.1 200 OK"
2026-06-10 16:50:54,570 INFO services.account_scanner Page 1980: fetched 100 users, 59 collectible, 79485 total candidates
2026-06-10 16:50:55,321 INFO httpx HTTP Request: POST https://private-users-mcp.query.prod.telnyx.io:3000/mcp "HTTP/1.1 200 OK"
2026-06-10 16:50:55,615 INFO services.account_scanner Page 1981: fetched 100 users, 47 collectible, 79532 total candidates
2026-06-10 16:50:56,500 INFO httpx HTTP Request: POST https://private-users-mcp.query.prod.telnyx.io:3000/mcp "HTTP/1.1 200 OK"
2026-06-10 16:50:56,796 INFO services.account_scanner Page 1982: fetched 100 users, 63 collectible, 79595 total candidates
2026-06-10 16:50:57,654 INFO httpx HTTP Request: POST https://private-users-mcp.query.prod.telnyx.io:3000/mcp "HTTP/1.1 200 OK"
2026-06-10 16:50:57,948 INFO services.account_scanner Page 1983: fetched 100 users, 57 collectible, 79652 total candidates
2026-06-10 16:50:58,696 INFO httpx HTTP Request: POST https://private-users-mcp.query.prod.telnyx.io:3000/mcp "HTTP/1.1 200 OK"
2026-06-10 16:50:58,992 INFO services.account_scanner Page 1984: fetched 100 users, 57 collectible, 79709 total candidates
2026-06-10 16:50:59,743 INFO httpx HTTP Request: POST https://private-users-mcp.query.prod.telnyx.io:3000/mcp "HTTP/1.1 200 OK"
2026-06-10 16:51:00,035 INFO services.account_scanner Page 1985: fetched 100 users, 52 collectible, 79761 total candidates
2026-06-10 16:51:00,756 INFO httpx HTTP Request: POST https://private-users-mcp.query.prod.telnyx.io:3000/mcp "HTTP/1.1 200 OK"
2026-06-10 16:51:01,052 INFO services.account_scanner Page 1986: fetched 100 users, 59 collectible, 79820 total candidates
2026-06-10 16:51:01,931 INFO httpx HTTP Request: POST https://private-users-mcp.query.prod.telnyx.io:3000/mcp "HTTP/1.1 200 OK"
2026-06-10 16:51:02,227 INFO services.account_scanner Page 1987: fetched 100 users, 56 collectible, 79876 total candidates
2026-06-10 16:51:02,931 INFO httpx HTTP Request: POST https://private-users-mcp.query.prod.telnyx.io:3000/mcp "HTTP/1.1 200 OK"
2026-06-10 16:51:03,224 INFO services.account_scanner Page 1988: fetched 100 users, 53 collectible, 79929 total candidates
2026-06-10 16:51:03,963 INFO httpx HTTP Request: POST https://private-users-mcp.query.prod.telnyx.io:3000/mcp "HTTP/1.1 200 OK"
2026-06-10 16:51:04,255 INFO services.account_scanner Page 1989: fetched 100 users, 54 collectible, 79983 total candidates
2026-06-10 16:51:04,951 INFO httpx HTTP Request: POST https://private-users-mcp.query.prod.telnyx.io:3000/mcp "HTTP/1.1 200 OK"
2026-06-10 16:51:05,242 INFO services.account_scanner Page 1990: fetched 100 users, 50 collectible, 80033 total candidates
2026-06-10 16:51:05,993 INFO httpx HTTP Request: POST https://private-users-mcp.query.prod.telnyx.io:3000/mcp "HTTP/1.1 200 OK"
2026-06-10 16:51:06,289 INFO services.account_scanner Page 1991: fetched 100 users, 50 collectible, 80083 total candidates
2026-06-10 16:51:07,017 INFO httpx HTTP Request: POST https://private-users-mcp.query.prod.telnyx.io:3000/mcp "HTTP/1.1 200 OK"
2026-06-10 16:51:07,312 INFO services.account_scanner Page 1992: fetched 100 users, 58 collectible, 80141 total candidates
2026-06-10 16:51:08,066 INFO httpx HTTP Request: POST https://private-users-mcp.query.prod.telnyx.io:3000/mcp "HTTP/1.1 200 OK"
2026-06-10 16:51:08,362 INFO services.account_scanner Page 1993: fetched 100 users, 47 collectible, 80188 total candidates
2026-06-10 16:51:09,206 INFO httpx HTTP Request: POST https://private-users-mcp.query.prod.telnyx.io:3000/mcp "HTTP/1.1 200 OK"
2026-06-10 16:51:09,500 INFO services.account_scanner Page 1994: fetched 100 users, 56 collectible, 80244 total candidates
2026-06-10 16:51:10,274 INFO httpx HTTP Request: POST https://private-users-mcp.query.prod.telnyx.io:3000/mcp "HTTP/1.1 200 OK"
2026-06-10 16:51:10,569 INFO services.account_scanner Page 1995: fetched 100 users, 48 collectible, 80292 total candidates
2026-06-10 16:51:11,332 INFO httpx HTTP Request: POST https://private-users-mcp.query.prod.telnyx.io:3000/mcp "HTTP/1.1 200 OK"
2026-06-10 16:51:11,629 INFO services.account_scanner Page 1996: fetched 100 users, 53 collectible, 80345 total candidates
2026-06-10 16:51:12,445 INFO httpx HTTP Request: POST https://private-users-mcp.query.prod.telnyx.io:3000/mcp "HTTP/1.1 200 OK"
2026-06-10 16:51:12,739 INFO services.account_scanner Page 1997: fetched 100 users, 60 collectible, 80405 total candidates
2026-06-10 16:51:13,634 INFO httpx HTTP Request: POST https://private-users-mcp.query.prod.telnyx.io:3000/mcp "HTTP/1.1 200 OK"
2026-06-10 16:51:13,923 INFO services.account_scanner Page 1998: fetched 100 users, 61 collectible, 80466 total candidates
2026-06-10 16:51:14,674 INFO httpx HTTP Request: POST https://private-users-mcp.query.prod.telnyx.io:3000/mcp "HTTP/1.1 200 OK"
2026-06-10 16:51:14,975 INFO services.account_scanner Page 1999: fetched 100 users, 52 collectible, 80518 total candidates
2026-06-10 16:51:15,738 INFO httpx HTTP Request: POST https://private-users-mcp.query.prod.telnyx.io:3000/mcp "HTTP/1.1 200 OK"
2026-06-10 16:51:16,034 INFO services.account_scanner Page 2000: fetched 100 users, 55 collectible, 80573 total candidates
2026-06-10 16:51:16,875 INFO httpx HTTP Request: POST https://private-users-mcp.query.prod.telnyx.io:3000/mcp "HTTP/1.1 200 OK"
2026-06-10 16:51:17,171 INFO services.account_scanner Page 2001: fetched 100 users, 57 collectible, 80630 total candidates
2026-06-10 16:51:17,919 INFO httpx HTTP Request: POST https://private-users-mcp.query.prod.telnyx.io:3000/mcp "HTTP/1.1 200 OK"
2026-06-10 16:51:18,216 INFO services.account_scanner Page 2002: fetched 100 users, 66 collectible, 80696 total candidates
2026-06-10 16:51:18,973 INFO httpx HTTP Request: POST https://private-users-mcp.query.prod.telnyx.io:3000/mcp "HTTP/1.1 200 OK"
2026-06-10 16:51:19,266 INFO services.account_scanner Page 2003: fetched 100 users, 59 collectible, 80755 total candidates
2026-06-10 16:51:19,984 INFO httpx HTTP Request: POST https://private-users-mcp.query.prod.telnyx.io:3000/mcp "HTTP/1.1 200 OK"
2026-06-10 16:51:20,281 INFO services.account_scanner Page 2004: fetched 100 users, 61 collectible, 80816 total candidates
2026-06-10 16:51:21,013 INFO httpx HTTP Request: POST https://private-users-mcp.query.prod.telnyx.io:3000/mcp "HTTP/1.1 200 OK"
2026-06-10 16:51:21,309 INFO services.account_scanner Page 2005: fetched 100 users, 60 collectible, 80876 total candidates
2026-06-10 16:51:22,069 INFO httpx HTTP Request: POST https://private-users-mcp.query.prod.telnyx.io:3000/mcp "HTTP/1.1 200 OK"
2026-06-10 16:51:22,367 INFO services.account_scanner Page 2006: fetched 100 users, 54 collectible, 80930 total candidates
2026-06-10 16:51:23,108 INFO httpx HTTP Request: POST https://private-users-mcp.query.prod.telnyx.io:3000/mcp "HTTP/1.1 200 OK"
2026-06-10 16:51:23,403 INFO services.account_scanner Page 2007: fetched 100 users, 56 collectible, 80986 total candidates
2026-06-10 16:51:24,186 INFO httpx HTTP Request: POST https://private-users-mcp.query.prod.telnyx.io:3000/mcp "HTTP/1.1 200 OK"
2026-06-10 16:51:24,487 INFO services.account_scanner Page 2008: fetched 100 users, 54 collectible, 81040 total candidates
2026-06-10 16:51:25,262 INFO httpx HTTP Request: POST https://private-users-mcp.query.prod.telnyx.io:3000/mcp "HTTP/1.1 200 OK"
2026-06-10 16:51:25,553 INFO services.account_scanner Page 2009: fetched 100 users, 53 collectible, 81093 total candidates
2026-06-10 16:51:26,349 INFO httpx HTTP Request: POST https://private-users-mcp.query.prod.telnyx.io:3000/mcp "HTTP/1.1 200 OK"
2026-06-10 16:51:26,645 INFO services.account_scanner Page 2010: fetched 100 users, 57 collectible, 81150 total candidates
2026-06-10 16:51:27,378 INFO httpx HTTP Request: POST https://private-users-mcp.query.prod.telnyx.io:3000/mcp "HTTP/1.1 200 OK"
2026-06-10 16:51:27,671 INFO services.account_scanner Page 2011: fetched 100 users, 54 collectible, 81204 total candidates
2026-06-10 16:51:28,614 INFO httpx HTTP Request: POST https://private-users-mcp.query.prod.telnyx.io:3000/mcp "HTTP/1.1 200 OK"
2026-06-10 16:51:28,906 INFO services.account_scanner Page 2012: fetched 100 users, 63 collectible, 81267 total candidates
2026-06-10 16:51:29,650 INFO httpx HTTP Request: POST https://private-users-mcp.query.prod.telnyx.io:3000/mcp "HTTP/1.1 200 OK"
2026-06-10 16:51:29,945 INFO services.account_scanner Page 2013: fetched 100 users, 64 collectible, 81331 total candidates
2026-06-10 16:51:30,691 INFO httpx HTTP Request: POST https://private-users-mcp.query.prod.telnyx.io:3000/mcp "HTTP/1.1 200 OK"
2026-06-10 16:51:30,986 INFO services.account_scanner Page 2014: fetched 100 users, 57 collectible, 81388 total candidates
2026-06-10 16:51:31,771 INFO httpx HTTP Request: POST https://private-users-mcp.query.prod.telnyx.io:3000/mcp "HTTP/1.1 200 OK"
2026-06-10 16:51:32,065 INFO services.account_scanner Page 2015: fetched 100 users, 60 collectible, 81448 total candidates
2026-06-10 16:51:32,849 INFO httpx HTTP Request: POST https://private-users-mcp.query.prod.telnyx.io:3000/mcp "HTTP/1.1 200 OK"
2026-06-10 16:51:33,144 INFO services.account_scanner Page 2016: fetched 100 users, 49 collectible, 81497 total candidates
2026-06-10 16:51:33,929 INFO httpx HTTP Request: POST https://private-users-mcp.query.prod.telnyx.io:3000/mcp "HTTP/1.1 200 OK"
2026-06-10 16:51:34,224 INFO services.account_scanner Page 2017: fetched 100 users, 58 collectible, 81555 total candidates
2026-06-10 16:51:34,960 INFO httpx HTTP Request: POST https://private-users-mcp.query.prod.telnyx.io:3000/mcp "HTTP/1.1 200 OK"
2026-06-10 16:51:35,254 INFO services.account_scanner Page 2018: fetched 100 users, 56 collectible, 81611 total candidates
2026-06-10 16:51:35,985 INFO httpx HTTP Request: POST https://private-users-mcp.query.prod.telnyx.io:3000/mcp "HTTP/1.1 200 OK"
2026-06-10 16:51:36,280 INFO services.account_scanner Page 2019: fetched 100 users, 58 collectible, 81669 total candidates
2026-06-10 16:51:37,064 INFO httpx HTTP Request: POST https://private-users-mcp.query.prod.telnyx.io:3000/mcp "HTTP/1.1 200 OK"
2026-06-10 16:51:37,356 INFO services.account_scanner Page 2020: fetched 100 users, 62 collectible, 81731 total candidates
2026-06-10 16:51:38,079 INFO httpx HTTP Request: POST https://private-users-mcp.query.prod.telnyx.io:3000/mcp "HTTP/1.1 200 OK"
2026-06-10 16:51:38,375 INFO services.account_scanner Page 2021: fetched 100 users, 59 collectible, 81790 total candidates
2026-06-10 16:51:39,202 INFO httpx HTTP Request: POST https://private-users-mcp.query.prod.telnyx.io:3000/mcp "HTTP/1.1 200 OK"
2026-06-10 16:51:39,496 INFO services.account_scanner Page 2022: fetched 100 users, 50 collectible, 81840 total candidates
2026-06-10 16:51:40,198 INFO httpx HTTP Request: POST https://private-users-mcp.query.prod.telnyx.io:3000/mcp "HTTP/1.1 200 OK"
2026-06-10 16:51:40,489 INFO services.account_scanner Page 2023: fetched 100 users, 48 collectible, 81888 total candidates
2026-06-10 16:51:41,233 INFO httpx HTTP Request: POST https://private-users-mcp.query.prod.telnyx.io:3000/mcp "HTTP/1.1 200 OK"
2026-06-10 16:51:41,527 INFO services.account_scanner Page 2024: fetched 100 users, 46 collectible, 81934 total candidates
2026-06-10 16:51:42,236 INFO httpx HTTP Request: POST https://private-users-mcp.query.prod.telnyx.io:3000/mcp "HTTP/1.1 200 OK"
2026-06-10 16:51:42,528 INFO services.account_scanner Page 2025: fetched 100 users, 41 collectible, 81975 total candidates
2026-06-10 16:51:43,267 INFO httpx HTTP Request: POST https://private-users-mcp.query.prod.telnyx.io:3000/mcp "HTTP/1.1 200 OK"
2026-06-10 16:51:43,561 INFO services.account_scanner Page 2026: fetched 100 users, 39 collectible, 82014 total candidates
2026-06-10 16:51:44,329 INFO httpx HTTP Request: POST https://private-users-mcp.query.prod.telnyx.io:3000/mcp "HTTP/1.1 200 OK"
2026-06-10 16:51:44,628 INFO services.account_scanner Page 2027: fetched 100 users, 38 collectible, 82052 total candidates
2026-06-10 16:51:45,335 INFO httpx HTTP Request: POST https://private-users-mcp.query.prod.telnyx.io:3000/mcp "HTTP/1.1 200 OK"
2026-06-10 16:51:45,628 INFO services.account_scanner Page 2028: fetched 100 users, 44 collectible, 82096 total candidates
2026-06-10 16:51:46,369 INFO httpx HTTP Request: POST https://private-users-mcp.query.prod.telnyx.io:3000/mcp "HTTP/1.1 200 OK"
2026-06-10 16:51:46,668 INFO services.account_scanner Page 2029: fetched 100 users, 36 collectible, 82132 total candidates
2026-06-10 16:51:47,390 INFO httpx HTTP Request: POST https://private-users-mcp.query.prod.telnyx.io:3000/mcp "HTTP/1.1 200 OK"
2026-06-10 16:51:47,690 INFO services.account_scanner Page 2030: fetched 100 users, 40 collectible, 82172 total candidates
2026-06-10 16:51:48,429 INFO httpx HTTP Request: POST https://private-users-mcp.query.prod.telnyx.io:3000/mcp "HTTP/1.1 200 OK"
2026-06-10 16:51:48,723 INFO services.account_scanner Page 2031: fetched 100 users, 43 collectible, 82215 total candidates
2026-06-10 16:51:49,587 INFO httpx HTTP Request: POST https://private-users-mcp.query.prod.telnyx.io:3000/mcp "HTTP/1.1 200 OK"
2026-06-10 16:51:49,884 INFO services.account_scanner Page 2032: fetched 100 users, 44 collectible, 82259 total candidates
2026-06-10 16:51:50,840 INFO httpx HTTP Request: POST https://private-users-mcp.query.prod.telnyx.io:3000/mcp "HTTP/1.1 200 OK"
2026-06-10 16:51:51,133 INFO services.account_scanner Page 2033: fetched 100 users, 41 collectible, 82300 total candidates
2026-06-10 16:51:51,874 INFO httpx HTTP Request: POST https://private-users-mcp.query.prod.telnyx.io:3000/mcp "HTTP/1.1 200 OK"
2026-06-10 16:51:52,166 INFO services.account_scanner Page 2034: fetched 100 users, 39 collectible, 82339 total candidates
2026-06-10 16:51:52,864 INFO httpx HTTP Request: POST https://private-users-mcp.query.prod.telnyx.io:3000/mcp "HTTP/1.1 200 OK"
2026-06-10 16:51:53,155 INFO services.account_scanner Page 2035: fetched 100 users, 31 collectible, 82370 total candidates
2026-06-10 16:51:53,918 INFO httpx HTTP Request: POST https://private-users-mcp.query.prod.telnyx.io:3000/mcp "HTTP/1.1 200 OK"
2026-06-10 16:51:54,213 INFO services.account_scanner Page 2036: fetched 100 users, 43 collectible, 82413 total candidates
2026-06-10 16:51:54,973 INFO httpx HTTP Request: POST https://private-users-mcp.query.prod.telnyx.io:3000/mcp "HTTP/1.1 200 OK"
2026-06-10 16:51:55,273 INFO services.account_scanner Page 2037: fetched 100 users, 50 collectible, 82463 total candidates
2026-06-10 16:51:56,026 INFO httpx HTTP Request: POST https://private-users-mcp.query.prod.telnyx.io:3000/mcp "HTTP/1.1 200 OK"
2026-06-10 16:51:56,322 INFO services.account_scanner Page 2038: fetched 100 users, 23 collectible, 82486 total candidates
2026-06-10 16:51:57,097 INFO httpx HTTP Request: POST https://private-users-mcp.query.prod.telnyx.io:3000/mcp "HTTP/1.1 200 OK"
2026-06-10 16:51:57,393 INFO services.account_scanner Page 2039: fetched 100 users, 31 collectible, 82517 total candidates
2026-06-10 16:51:58,131 INFO httpx HTTP Request: POST https://private-users-mcp.query.prod.telnyx.io:3000/mcp "HTTP/1.1 200 OK"
2026-06-10 16:51:58,421 INFO services.account_scanner Page 2040: fetched 100 users, 25 collectible, 82542 total candidates
2026-06-10 16:51:59,189 INFO httpx HTTP Request: POST https://private-users-mcp.query.prod.telnyx.io:3000/mcp "HTTP/1.1 200 OK"
2026-06-10 16:51:59,482 INFO services.account_scanner Page 2041: fetched 100 users, 26 collectible, 82568 total candidates
2026-06-10 16:52:00,301 INFO httpx HTTP Request: POST https://private-users-mcp.query.prod.telnyx.io:3000/mcp "HTTP/1.1 200 OK"
2026-06-10 16:52:00,599 INFO services.account_scanner Page 2042: fetched 100 users, 35 collectible, 82603 total candidates
2026-06-10 16:52:01,425 INFO httpx HTTP Request: POST https://private-users-mcp.query.prod.telnyx.io:3000/mcp "HTTP/1.1 200 OK"
2026-06-10 16:52:01,723 INFO services.account_scanner Page 2043: fetched 100 users, 52 collectible, 82655 total candidates
2026-06-10 16:52:02,542 INFO httpx HTTP Request: POST https://private-users-mcp.query.prod.telnyx.io:3000/mcp "HTTP/1.1 200 OK"
2026-06-10 16:52:02,835 INFO services.account_scanner Page 2044: fetched 100 users, 39 collectible, 82694 total candidates
2026-06-10 16:52:03,616 INFO httpx HTTP Request: POST https://private-users-mcp.query.prod.telnyx.io:3000/mcp "HTTP/1.1 200 OK"
2026-06-10 16:52:03,910 INFO services.account_scanner Page 2045: fetched 100 users, 32 collectible, 82726 total candidates
2026-06-10 16:52:04,666 INFO httpx HTTP Request: POST https://private-users-mcp.query.prod.telnyx.io:3000/mcp "HTTP/1.1 200 OK"
2026-06-10 16:52:04,959 INFO services.account_scanner Page 2046: fetched 100 users, 28 collectible, 82754 total candidates
2026-06-10 16:52:05,705 INFO httpx HTTP Request: POST https://private-users-mcp.query.prod.telnyx.io:3000/mcp "HTTP/1.1 200 OK"
2026-06-10 16:52:06,003 INFO services.account_scanner Page 2047: fetched 100 users, 33 collectible, 82787 total candidates
2026-06-10 16:52:06,782 INFO httpx HTTP Request: POST https://private-users-mcp.query.prod.telnyx.io:3000/mcp "HTTP/1.1 200 OK"
2026-06-10 16:52:07,078 INFO services.account_scanner Page 2048: fetched 100 users, 52 collectible, 82839 total candidates
2026-06-10 16:52:07,872 INFO httpx HTTP Request: POST https://private-users-mcp.query.prod.telnyx.io:3000/mcp "HTTP/1.1 200 OK"
2026-06-10 16:52:08,168 INFO services.account_scanner Page 2049: fetched 100 users, 41 collectible, 82880 total candidates
2026-06-10 16:52:08,954 INFO httpx HTTP Request: POST https://private-users-mcp.query.prod.telnyx.io:3000/mcp "HTTP/1.1 200 OK"
2026-06-10 16:52:09,251 INFO services.account_scanner Page 2050: fetched 100 users, 36 collectible, 82916 total candidates
2026-06-10 16:52:09,649 INFO httpx HTTP Request: POST https://private-users-mcp.query.prod.telnyx.io:3000/mcp "HTTP/1.1 200 OK"
2026-06-10 16:52:09,650 ERROR cross-sell-crawler Crawl failed: Unexpected listPrivateUsers response type: str; preview='API Error: Status 403 (Forbidden). Response:'
Traceback (most recent call last):
  File "/private/tmp/telnyx-cross-sell-detector/crawl_all.py", line 234, in main
    run_once(args)
    ~~~~~~~~^^^^^^
  File "/private/tmp/telnyx-cross-sell-detector/crawl_all.py", line 160, in run_once
    accounts = scanner.scan_all()
  File "/private/tmp/telnyx-cross-sell-detector/services/account_scanner.py", line 138, in scan_all
    candidates = self._collect_candidates()
  File "/private/tmp/telnyx-cross-sell-detector/services/account_scanner.py", line 237, in _collect_candidates
    raise RuntimeError(
    ...<2 lines>...
    )
RuntimeError: Unexpected listPrivateUsers response type: str; preview='API Error: Status 403 (Forbidden). Response:'
2026-06-10 16:52:09,770 INFO cross-sell-crawler Sleeping 21600s before next crawl
